[00007fbb1bf065b0] main libvlc debug: VLC media player - 3.0.20 Vetinari
[00007fbb1bf065b0] main libvlc debug: Copyright © 1996-2023 the VideoLAN team
[00007fbb1bf065b0] main libvlc debug: revision 3.0.20-0-g6f0d0ab126
[00007fbb1bf065b0] main libvlc debug: configured with /Users/d-fu/vlc-3.0/extras/package/macosx/../../../configure  '--prefix=/Users/d-fu/vlc-3.0/build-intel64/vlc_install_dir' '--enable-macosx' '--enable-merge-ffmpeg' '--enable-osx-notifications' '--enable-faad' '--enable-flac' '--enable-theora' '--enable-shout' '--enable-ncurses' '--enable-twolame' '--enable-realrtsp' '--enable-libass' '--enable-macosx-avfoundation' '--disable-skins2' '--disable-xcb' '--disable-caca' '--disable-pulse' '--disable-sdl-image' '--disable-vnc' '--build=x86_64-apple-darwin19' '--host=x86_64-apple-darwin19' '--with-macosx-version-min=10.7' '--with-macosx-sdk=/Applications/Xcode.app/Contents/Developer/Platforms/MacOSX.platform/Developer/SDKs/MacOSX.sdk' '--with-breakpad=https://mac.crashes.videolan.org' 'build_alias=x86_64-apple-darwin19' 'host_alias=x86_64-apple-darwin19' 'CC=/Applications/Xcode.app/Contents/Developer/Toolchains/XcodeDefault.xctoolchain/usr/bin/clang' 'CFLAGS=-g -arch x86_64' 'LDFLAGS=-arch x86_64' 'CXX=/Applications/Xcode.app/Contents/Developer/Toolchains/XcodeDefault.xctoolchain/usr/bin/clang++' 'CXXFLAGS=-g -arch x86_64' 'OBJC=/Applications/Xcode.app/Contents/Developer/Toolchains/XcodeDefault.xctoolchain/usr/bin/clang' 'OBJCFLAGS=-g -arch x86_64'
[00007fbb1bf065b0] main libvlc debug: searching plug-in modules
[00007fbb1bf065b0] main libvlc debug: loading plugins cache file /Applications/VLC.app/Contents/MacOS/plugins/plugins.dat
[00007fbb1bf065b0] main libvlc debug: recursively browsing `/Applications/VLC.app/Contents/MacOS/plugins'
[00007fbb1bf065b0] main libvlc debug: plug-ins loaded: 472 modules
[00007fbb1bf065b0] main libvlc debug: opening config file (/Users/apple/Library/Preferences/org.videolan.vlc/vlcrc)
[00007fbb1bf06760] main logger debug: looking for logger module matching "any": 3 candidates
[00007fbb1bf06760] main logger debug: using logger module "console"
[00007fbb1bf065b0] main libvlc debug: translation test: code is "C"
[00007fbb1d0062c0] main keystore debug: looking for keystore module matching "memory": 3 candidates
[00007fbb1d0062c0] main keystore debug: using keystore module "memory"
[00007fbb1bf065b0] main libvlc debug: CPU has capabilities MMX MMXEXT SSE SSE2 SSE3 SSSE3 SSE4.1 SSE4.2 FPU 
[00007fbb1bf065b0] main libvlc warning: Key "Command+0" bound to multiple actions
[00007fbb1d82c6f0] main input debug: Creating an input for 'メディアライブラリ'
[00007fbb1d82c6f0] main input debug: Input is a meta file: disabling unneeded options
[00007fbb1d82c6f0] main input debug: using timeshift granularity of 50 MiB
[00007fbb1d82c6f0] main input debug: using default timeshift path
[00007fbb1d82c6f0] main input debug: `file/directory:///Users/apple/Library/Application%20Support/org.videolan.vlc/ml.xspf' gives access `file' demux `directory' path `/Users/apple/Library/Application%20Support/org.videolan.vlc/ml.xspf'
[00007fbb1d205700] main input source debug: creating demux: access='file' demux='directory' location='/Users/apple/Library/Application%20Support/org.videolan.vlc/ml.xspf' file='/Users/apple/Library/Application Support/org.videolan.vlc/ml.xspf'
[00007fbb1d205870] main demux debug: looking for access_demux module matching "file": 14 candidates
[00007fbb1d205870] main demux debug: no access_demux modules matched
[00007fbb1d205bc0] main stream debug: creating access: file:///Users/apple/Library/Application%20Support/org.videolan.vlc/ml.xspf
[00007fbb1d205bc0] main stream debug:  (path: /Users/apple/Library/Application Support/org.videolan.vlc/ml.xspf)
[00007fbb1d205bc0] main stream debug: looking for access module matching "file": 24 candidates
[00007fbb1d205bc0] main stream debug: using access module "filesystem"
[00007fbb1d11a0c0] main stream debug: looking for stream_filter module matching "prefetch,cache_read": 26 candidates
[00007fbb1d11a0c0] cache_read stream debug: Using stream method for AStream*
[00007fbb1d11a0c0] cache_read stream debug: starting pre-buffering
[00007fbb1d11a0c0] cache_read stream debug: received first data after 0 ms
[00007fbb1d11a0c0] cache_read stream debug: pre-buffering done 1024 bytes in 0s - 38461 KiB/s
[00007fbb1d11a0c0] main stream debug: using stream_filter module "cache_read"
[00007fbb1bf07970] main stream debug: looking for stream_filter module matching "any": 26 candidates
[00007fbb1bf07970] playlist stream debug: using XSPF playlist reader
[00007fbb1bf07970] main stream debug: using stream_filter module "playlist"
[00007fbb1bf07970] main stream debug: stream filter added to 0x7fbb1d11a0c0
[00007fbb1d11a280] main stream debug: looking for stream_filter module matching "any": 26 candidates
[00007fbb1d11a280] main stream debug: no stream_filter modules matched
[00007fbb1d006400] main stream_directory debug: looking for stream_directory module matching "any": 1 candidates
[00007fbb1d006400] main stream_directory debug: no stream_directory modules matched
[00007fbb1d205700] main input source debug: attachment of directory-extractor failed for file:///Users/apple/Library/Application%20Support/org.videolan.vlc/ml.xspf
[00007fbb1d006580] main stream debug: looking for stream_filter module matching "record": 26 candidates
[00007fbb1d006580] main stream debug: using stream_filter module "record"
[00007fbb1d205700] main input source debug: creating demux: access='file' demux='directory' location='/Users/apple/Library/Application%20Support/org.videolan.vlc/ml.xspf' file='/Users/apple/Library/Application Support/org.videolan.vlc/ml.xspf'
[00007fbb1d205870] main demux debug: looking for demux module matching "directory": 55 candidates
[00007fbb1d205870] main demux debug: using demux module "directory"
[00007fbb1d11a280] main demux meta debug: looking for meta reader module matching "any": 2 candidates
[00007fbb1d11a280] lua demux meta debug: Trying Lua scripts in /Users/apple/Library/Application Support/org.videolan.vlc/lua/meta/reader
[00007fbb1d11a280] lua demux meta debug: Trying Lua scripts in /Applications/VLC.app/Contents/MacOS/lua/meta/reader
[00007fbb1d11a280] lua demux meta debug: Trying Lua scripts in /Applications/VLC.app/Contents/MacOS/share/lua/meta/reader
[00007fbb1d11a280] lua demux meta debug: Trying Lua playlist script /Applications/VLC.app/Contents/MacOS/share/lua/meta/reader/filename.luac
[00007fbb1d11a280] main demux meta debug: no meta reader modules matched
[00007fbb1d82c6f0] main input debug: `file/directory:///Users/apple/Library/Application%20Support/org.videolan.vlc/ml.xspf' successfully opened
[00007fbb1d006400] main xml reader debug: looking for xml reader module matching "any": 1 candidates
[00007fbb1d006400] main xml reader debug: using xml reader module "xml"
[00007fbb1bf07970] playlist stream warning: skipping unexpected element <vlc:item>
[00007fbb1bf07970] playlist stream warning: skipping unexpected element <vlc:item>
[00007fbb1bf07970] playlist stream warning: skipping unexpected element <vlc:item>
[00007fbb1bf07970] playlist stream warning: skipping unexpected element <vlc:item>
[00007fbb1bf07970] playlist stream warning: skipping unexpected element <vlc:item>
[00007fbb1bf07970] playlist stream warning: skipping unexpected element <vlc:item>
[00007fbb1bf07970] playlist stream warning: skipping unexpected element <vlc:item>
[00007fbb1bf07970] playlist stream warning: skipping unexpected element <vlc:item>
[00007fbb1bf07970] playlist stream warning: skipping unexpected element <vlc:item>
[00007fbb1d82c6f0] main input debug: EOF reached
[00007fbb1c80b0f0] main input debug: Creating an input for preparsing 'input.mp3'
[00007fbb1d205870] main demux debug: removing module "directory"
[00007fbb1d006580] main stream debug: removing module "record"
[00007fbb1bf07970] main stream debug: removing module "playlist"
[00007fbb1d11a0c0] main stream debug: removing module "cache_read"
[00007fbb1d205bc0] main stream debug: removing module "filesystem"
[00007fbb1bf076f0] main playlist debug: creating audio output
[00007fbb1d008340] main audio output debug: looking for audio output module matching "any": 4 candidates
[00007fbb1d8300f0] main input debug: Creating an input for preparsing '【幽☆遊☆白書】 もしも「さよならbyebye」がAcid Jazzだったら？ [xc7yzjCwH5g].webm'
[00007fbb1d204480] main meta fetcher debug: looking for meta fetcher module matching "any": 1 candidates
[00007fbb1d204480] lua meta fetcher debug: Trying Lua scripts in /Users/apple/Library/Application Support/org.videolan.vlc/lua/meta/fetcher
[00007fbb1d204480] lua meta fetcher debug: Trying Lua scripts in /Applications/VLC.app/Contents/MacOS/lua/meta/fetcher
[00007fbb1d204480] lua meta fetcher debug: Trying Lua scripts in /Applications/VLC.app/Contents/MacOS/share/lua/meta/fetcher
[00007fbb1d204480] main meta fetcher debug: no meta fetcher modules matched
[00007fbb1d204480] main art finder debug: looking for art finder module matching "any": 2 candidates
[00007fbb1d204480] lua art finder debug: Trying Lua scripts in /Users/apple/Library/Application Support/org.videolan.vlc/lua/meta/art
[00007fbb1d204480] lua art finder debug: Trying Lua scripts in /Applications/VLC.app/Contents/MacOS/lua/meta/art
[00007fbb1d204480] lua art finder debug: Trying Lua scripts in /Applications/VLC.app/Contents/MacOS/share/lua/meta/art
[00007fbb1d204480] lua art finder debug: Trying Lua playlist script /Applications/VLC.app/Contents/MacOS/share/lua/meta/art/00_musicbrainz.luac
[00007fbb1d204480] lua art finder debug: skipping script (unmatched scope) /Applications/VLC.app/Contents/MacOS/share/lua/meta/art/00_musicbrainz.luac
[00007fbb1d204480] lua art finder debug: Trying Lua playlist script /Applications/VLC.app/Contents/MacOS/share/lua/meta/art/01_googleimage.luac
[00007fbb1d204480] lua art finder debug: skipping script (unmatched scope) /Applications/VLC.app/Contents/MacOS/share/lua/meta/art/01_googleimage.luac
[00007fbb1d204480] lua art finder debug: Trying Lua playlist script /Applications/VLC.app/Contents/MacOS/share/lua/meta/art/02_frenchtv.luac
[00007fbb1d204480] lua art finder debug: skipping script (unmatched scope) /Applications/VLC.app/Contents/MacOS/share/lua/meta/art/02_frenchtv.luac
[00007fbb1d204480] lua art finder debug: Trying Lua playlist script /Applications/VLC.app/Contents/MacOS/share/lua/meta/art/03_lastfm.luac
[00007fbb1d204480] lua art finder debug: skipping script (unmatched scope) /Applications/VLC.app/Contents/MacOS/share/lua/meta/art/03_lastfm.luac
[00007fbb1d204480] main art finder debug: no art finder modules matched
[00007fbb0ce04170] main meta fetcher debug: looking for meta fetcher module matching "any": 1 candidates
[00007fbb0ce04170] lua meta fetcher debug: Trying Lua scripts in /Users/apple/Library/Application Support/org.videolan.vlc/lua/meta/fetcher
[00007fbb0ce04170] lua meta fetcher debug: Trying Lua scripts in /Applications/VLC.app/Contents/MacOS/lua/meta/fetcher
[00007fbb0ce04170] lua meta fetcher debug: Trying Lua scripts in /Applications/VLC.app/Contents/MacOS/share/lua/meta/fetcher
[00007fbb0ce04170] main meta fetcher debug: no meta fetcher modules matched
[00007fbb1d204480] main art finder debug: looking for art finder module matching "any": 2 candidates
[00007fbb1d204480] lua art finder debug: Trying Lua scripts in /Users/apple/Library/Application Support/org.videolan.vlc/lua/meta/art
[00007fbb1d204480] lua art finder debug: Trying Lua scripts in /Applications/VLC.app/Contents/MacOS/lua/meta/art
[00007fbb1d204480] lua art finder debug: Trying Lua scripts in /Applications/VLC.app/Contents/MacOS/share/lua/meta/art
[00007fbb1d204480] lua art finder debug: Trying Lua playlist script /Applications/VLC.app/Contents/MacOS/share/lua/meta/art/00_musicbrainz.luac
[00007fbb1d204480] lua art finder debug: Trying Lua playlist script /Applications/VLC.app/Contents/MacOS/share/lua/meta/art/01_googleimage.luac
[00007fbb1d204480] lua art finder debug: Trying Lua playlist script /Applications/VLC.app/Contents/MacOS/share/lua/meta/art/02_frenchtv.luac
[00007fbb1d204480] lua art finder debug: Trying Lua playlist script /Applications/VLC.app/Contents/MacOS/share/lua/meta/art/03_lastfm.luac
[00007fbb1d204480] main art finder debug: no art finder modules matched
[00007fbb1c80fef0] main input debug: Creating an input for preparsing '【幽☆遊☆白書】もしも「さよならbye bye」がドラムンベースだったら？疾走感と切なさが溶け合うLiquid Funk💫 [pMcO0IWMfk4].webm'
[00007fbb1bf083d0] main meta fetcher debug: looking for meta fetcher module matching "any": 1 candidates
[00007fbb1bf083d0] lua meta fetcher debug: Trying Lua scripts in /Users/apple/Library/Application Support/org.videolan.vlc/lua/meta/fetcher
[00007fbb1bf083d0] lua meta fetcher debug: Trying Lua scripts in /Applications/VLC.app/Contents/MacOS/lua/meta/fetcher
[00007fbb1bf083d0] lua meta fetcher debug: Trying Lua scripts in /Applications/VLC.app/Contents/MacOS/share/lua/meta/fetcher
[00007fbb1bf083d0] main meta fetcher debug: no meta fetcher modules matched
[00007fbb1bf083d0] main art finder debug: looking for art finder module matching "any": 2 candidates
[00007fbb1bf083d0] lua art finder debug: Trying Lua scripts in /Users/apple/Library/Application Support/org.videolan.vlc/lua/meta/art
[00007fbb1bf083d0] lua art finder debug: Trying Lua scripts in /Applications/VLC.app/Contents/MacOS/lua/meta/art
[00007fbb1bf083d0] lua art finder debug: Trying Lua scripts in /Applications/VLC.app/Contents/MacOS/share/lua/meta/art
[00007fbb1bf083d0] lua art finder debug: Trying Lua playlist script /Applications/VLC.app/Contents/MacOS/share/lua/meta/art/00_musicbrainz.luac
[00007fbb1bf083d0] lua art finder debug: skipping script (unmatched scope) /Applications/VLC.app/Contents/MacOS/share/lua/meta/art/00_musicbrainz.luac
[00007fbb1bf083d0] lua art finder debug: Trying Lua playlist script /Applications/VLC.app/Contents/MacOS/share/lua/meta/art/01_googleimage.luac
[00007fbb1bf083d0] lua art finder debug: skipping script (unmatched scope) /Applications/VLC.app/Contents/MacOS/share/lua/meta/art/01_googleimage.luac
[00007fbb1bf083d0] lua art finder debug: Trying Lua playlist script /Applications/VLC.app/Contents/MacOS/share/lua/meta/art/02_frenchtv.luac
[00007fbb1bf083d0] lua art finder debug: skipping script (unmatched scope) /Applications/VLC.app/Contents/MacOS/share/lua/meta/art/02_frenchtv.luac
[00007fbb1bf083d0] lua art finder debug: Trying Lua playlist script /Applications/VLC.app/Contents/MacOS/share/lua/meta/art/03_lastfm.luac
[00007fbb1bf083d0] lua art finder debug: skipping script (unmatched scope) /Applications/VLC.app/Contents/MacOS/share/lua/meta/art/03_lastfm.luac
[00007fbb1bf083d0] main art finder debug: no art finder modules matched
[00007fbb1bf083d0] main meta fetcher debug: looking for meta fetcher module matching "any": 1 candidates
[00007fbb1bf083d0] lua meta fetcher debug: Trying Lua scripts in /Users/apple/Library/Application Support/org.videolan.vlc/lua/meta/fetcher
[00007fbb1bf083d0] lua meta fetcher debug: Trying Lua scripts in /Applications/VLC.app/Contents/MacOS/lua/meta/fetcher
[00007fbb1bf083d0] lua meta fetcher debug: Trying Lua scripts in /Applications/VLC.app/Contents/MacOS/share/lua/meta/fetcher
[00007fbb1bf083d0] main meta fetcher debug: no meta fetcher modules matched
[00007fbb1bf083d0] main art finder debug: looking for art finder module matching "any": 2 candidates
[00007fbb1bf083d0] lua art finder debug: Trying Lua scripts in /Users/apple/Library/Application Support/org.videolan.vlc/lua/meta/art
[00007fbb1bf083d0] lua art finder debug: Trying Lua scripts in /Applications/VLC.app/Contents/MacOS/lua/meta/art
[00007fbb1bf083d0] lua art finder debug: Trying Lua scripts in /Applications/VLC.app/Contents/MacOS/share/lua/meta/art
[00007fbb1bf083d0] lua art finder debug: Trying Lua playlist script /Applications/VLC.app/Contents/MacOS/share/lua/meta/art/00_musicbrainz.luac
[00007fbb1bf083d0] lua art finder debug: Trying Lua playlist script /Applications/VLC.app/Contents/MacOS/share/lua/meta/art/01_googleimage.luac
[00007fbb1bf083d0] lua art finder debug: Trying Lua playlist script /Applications/VLC.app/Contents/MacOS/share/lua/meta/art/02_frenchtv.luac
[00007fbb1bf083d0] lua art finder debug: Trying Lua playlist script /Applications/VLC.app/Contents/MacOS/share/lua/meta/art/03_lastfm.luac
[00007fbb1bf083d0] main art finder debug: no art finder modules matched
[00007fbb1e0118f0] main input debug: Creating an input for preparsing '【東京事変】もしも「群青日和」がドラムンベースだったら？ [tog8kYHMh-8].webm'
[00007fbb1d00a160] main meta fetcher debug: looking for meta fetcher module matching "any": 1 candidates
[00007fbb1d00a160] lua meta fetcher debug: Trying Lua scripts in /Users/apple/Library/Application Support/org.videolan.vlc/lua/meta/fetcher
[00007fbb1d00a160] lua meta fetcher debug: Trying Lua scripts in /Applications/VLC.app/Contents/MacOS/lua/meta/fetcher
[00007fbb1d00a160] lua meta fetcher debug: Trying Lua scripts in /Applications/VLC.app/Contents/MacOS/share/lua/meta/fetcher
[00007fbb1d00a160] main meta fetcher debug: no meta fetcher modules matched
[00007fbb1bf083d0] main art finder debug: looking for art finder module matching "any": 2 candidates
[00007fbb1bf083d0] lua art finder debug: Trying Lua scripts in /Users/apple/Library/Application Support/org.videolan.vlc/lua/meta/art
[00007fbb1bf083d0] lua art finder debug: Trying Lua scripts in /Applications/VLC.app/Contents/MacOS/lua/meta/art
[00007fbb1bf083d0] lua art finder debug: Trying Lua scripts in /Applications/VLC.app/Contents/MacOS/share/lua/meta/art
[00007fbb1bf083d0] lua art finder debug: Trying Lua playlist script /Applications/VLC.app/Contents/MacOS/share/lua/meta/art/00_musicbrainz.luac
[00007fbb1bf083d0] lua art finder debug: skipping script (unmatched scope) /Applications/VLC.app/Contents/MacOS/share/lua/meta/art/00_musicbrainz.luac
[00007fbb1bf083d0] lua art finder debug: Trying Lua playlist script /Applications/VLC.app/Contents/MacOS/share/lua/meta/art/01_googleimage.luac
[00007fbb1bf083d0] lua art finder debug: skipping script (unmatched scope) /Applications/VLC.app/Contents/MacOS/share/lua/meta/art/01_googleimage.luac
[00007fbb1bf083d0] lua art finder debug: Trying Lua playlist script /Applications/VLC.app/Contents/MacOS/share/lua/meta/art/02_frenchtv.luac
[00007fbb1bf083d0] lua art finder debug: skipping script (unmatched scope) /Applications/VLC.app/Contents/MacOS/share/lua/meta/art/02_frenchtv.luac
[00007fbb1bf083d0] lua art finder debug: Trying Lua playlist script /Applications/VLC.app/Contents/MacOS/share/lua/meta/art/03_lastfm.luac
[00007fbb1bf083d0] lua art finder debug: skipping script (unmatched scope) /Applications/VLC.app/Contents/MacOS/share/lua/meta/art/03_lastfm.luac
[00007fbb1bf083d0] main art finder debug: no art finder modules matched
[00007fbb1bf083d0] main meta fetcher debug: looking for meta fetcher module matching "any": 1 candidates
[00007fbb1bf083d0] lua meta fetcher debug: Trying Lua scripts in /Users/apple/Library/Application Support/org.videolan.vlc/lua/meta/fetcher
[00007fbb1bf083d0] lua meta fetcher debug: Trying Lua scripts in /Applications/VLC.app/Contents/MacOS/lua/meta/fetcher
[00007fbb1bf083d0] lua meta fetcher debug: Trying Lua scripts in /Applications/VLC.app/Contents/MacOS/share/lua/meta/fetcher
[00007fbb1bf083d0] main meta fetcher debug: no meta fetcher modules matched
[00007fbb1bf083d0] main art finder debug: looking for art finder module matching "any": 2 candidates
[00007fbb1bf083d0] lua art finder debug: Trying Lua scripts in /Users/apple/Library/Application Support/org.videolan.vlc/lua/meta/art
[00007fbb1bf083d0] lua art finder debug: Trying Lua scripts in /Applications/VLC.app/Contents/MacOS/lua/meta/art
[00007fbb1bf083d0] lua art finder debug: Trying Lua scripts in /Applications/VLC.app/Contents/MacOS/share/lua/meta/art
[00007fbb1bf083d0] lua art finder debug: Trying Lua playlist script /Applications/VLC.app/Contents/MacOS/share/lua/meta/art/00_musicbrainz.luac
[00007fbb1bf083d0] lua art finder debug: Trying Lua playlist script /Applications/VLC.app/Contents/MacOS/share/lua/meta/art/01_googleimage.luac
[00007fbb1bf083d0] lua art finder debug: Trying Lua playlist script /Applications/VLC.app/Contents/MacOS/share/lua/meta/art/02_frenchtv.luac
[00007fbb1bf083d0] lua art finder debug: Trying Lua playlist script /Applications/VLC.app/Contents/MacOS/share/lua/meta/art/03_lastfm.luac
[00007fbb1bf083d0] main art finder debug: no art finder modules matched
[00007fbb1e0118f0] main input debug: Creating an input for preparsing 'ハナミズキ - 一青窈【ノリノリREMIX】 [_NHK4_86xj0].webm'
[00007fbb1d118fb0] main meta fetcher debug: looking for meta fetcher module matching "any": 1 candidates
[00007fbb1d118fb0] lua meta fetcher debug: Trying Lua scripts in /Users/apple/Library/Application Support/org.videolan.vlc/lua/meta/fetcher
[00007fbb1d118fb0] lua meta fetcher debug: Trying Lua scripts in /Applications/VLC.app/Contents/MacOS/lua/meta/fetcher
[00007fbb1d118fb0] lua meta fetcher debug: Trying Lua scripts in /Applications/VLC.app/Contents/MacOS/share/lua/meta/fetcher
[00007fbb1d118fb0] main meta fetcher debug: no meta fetcher modules matched
[00007fbb1bf083d0] main art finder debug: looking for art finder module matching "any": 2 candidates
[00007fbb1bf083d0] lua art finder debug: Trying Lua scripts in /Users/apple/Library/Application Support/org.videolan.vlc/lua/meta/art
[00007fbb1bf083d0] lua art finder debug: Trying Lua scripts in /Applications/VLC.app/Contents/MacOS/lua/meta/art
[00007fbb1bf083d0] lua art finder debug: Trying Lua scripts in /Applications/VLC.app/Contents/MacOS/share/lua/meta/art
[00007fbb1bf083d0] lua art finder debug: Trying Lua playlist script /Applications/VLC.app/Contents/MacOS/share/lua/meta/art/00_musicbrainz.luac
[00007fbb1bf083d0] lua art finder debug: skipping script (unmatched scope) /Applications/VLC.app/Contents/MacOS/share/lua/meta/art/00_musicbrainz.luac
[00007fbb1bf083d0] lua art finder debug: Trying Lua playlist script /Applications/VLC.app/Contents/MacOS/share/lua/meta/art/01_googleimage.luac
[00007fbb1bf083d0] lua art finder debug: skipping script (unmatched scope) /Applications/VLC.app/Contents/MacOS/share/lua/meta/art/01_googleimage.luac
[00007fbb1bf083d0] lua art finder debug: Trying Lua playlist script /Applications/VLC.app/Contents/MacOS/share/lua/meta/art/02_frenchtv.luac
[00007fbb1bf083d0] lua art finder debug: skipping script (unmatched scope) /Applications/VLC.app/Contents/MacOS/share/lua/meta/art/02_frenchtv.luac
[00007fbb1bf083d0] lua art finder debug: Trying Lua playlist script /Applications/VLC.app/Contents/MacOS/share/lua/meta/art/03_lastfm.luac
[00007fbb1bf083d0] lua art finder debug: skipping script (unmatched scope) /Applications/VLC.app/Contents/MacOS/share/lua/meta/art/03_lastfm.luac
[00007fbb1bf083d0] main art finder debug: no art finder modules matched
[00007fbb1d00c670] main meta fetcher debug: looking for meta fetcher module matching "any": 1 candidates
[00007fbb1d00c670] lua meta fetcher debug: Trying Lua scripts in /Users/apple/Library/Application Support/org.videolan.vlc/lua/meta/fetcher
[00007fbb1d00c670] lua meta fetcher debug: Trying Lua scripts in /Applications/VLC.app/Contents/MacOS/lua/meta/fetcher
[00007fbb1d00c670] lua meta fetcher debug: Trying Lua scripts in /Applications/VLC.app/Contents/MacOS/share/lua/meta/fetcher
[00007fbb1d00c670] main meta fetcher debug: no meta fetcher modules matched
[00007fbb1d00beb0] main art finder debug: looking for art finder module matching "any": 2 candidates
[00007fbb1d00beb0] lua art finder debug: Trying Lua scripts in /Users/apple/Library/Application Support/org.videolan.vlc/lua/meta/art
[00007fbb1d00beb0] lua art finder debug: Trying Lua scripts in /Applications/VLC.app/Contents/MacOS/lua/meta/art
[00007fbb1d00beb0] lua art finder debug: Trying Lua scripts in /Applications/VLC.app/Contents/MacOS/share/lua/meta/art
[00007fbb1d00beb0] lua art finder debug: Trying Lua playlist script /Applications/VLC.app/Contents/MacOS/share/lua/meta/art/00_musicbrainz.luac
[00007fbb1d00beb0] lua art finder debug: Trying Lua playlist script /Applications/VLC.app/Contents/MacOS/share/lua/meta/art/01_googleimage.luac
[00007fbb1d00beb0] lua art finder debug: Trying Lua playlist script /Applications/VLC.app/Contents/MacOS/share/lua/meta/art/02_frenchtv.luac
[00007fbb1d00beb0] lua art finder debug: Trying Lua playlist script /Applications/VLC.app/Contents/MacOS/share/lua/meta/art/03_lastfm.luac
[00007fbb1d00beb0] main art finder debug: no art finder modules matched
[00007fbb1e0118f0] main input debug: Creating an input for preparsing '粉雪 - レミオロメン【ノリノリREMIX ⧸ ドパガキREMIX】 [jgt9BGvZ8Vg].webm'
[00007fbb1d118fb0] main meta fetcher debug: looking for meta fetcher module matching "any": 1 candidates
[00007fbb1d118fb0] lua meta fetcher debug: Trying Lua scripts in /Users/apple/Library/Application Support/org.videolan.vlc/lua/meta/fetcher
[00007fbb1d118fb0] lua meta fetcher debug: Trying Lua scripts in /Applications/VLC.app/Contents/MacOS/lua/meta/fetcher
[00007fbb1d118fb0] lua meta fetcher debug: Trying Lua scripts in /Applications/VLC.app/Contents/MacOS/share/lua/meta/fetcher
[00007fbb1d118fb0] main meta fetcher debug: no meta fetcher modules matched
[00007fbb1d00c300] main art finder debug: looking for art finder module matching "any": 2 candidates
[00007fbb1d00c300] lua art finder debug: Trying Lua scripts in /Users/apple/Library/Application Support/org.videolan.vlc/lua/meta/art
[00007fbb1d00c300] lua art finder debug: Trying Lua scripts in /Applications/VLC.app/Contents/MacOS/lua/meta/art
[00007fbb1d00c300] lua art finder debug: Trying Lua scripts in /Applications/VLC.app/Contents/MacOS/share/lua/meta/art
[00007fbb1d00c300] lua art finder debug: Trying Lua playlist script /Applications/VLC.app/Contents/MacOS/share/lua/meta/art/00_musicbrainz.luac
[00007fbb1d00c300] lua art finder debug: skipping script (unmatched scope) /Applications/VLC.app/Contents/MacOS/share/lua/meta/art/00_musicbrainz.luac
[00007fbb1d00c300] lua art finder debug: Trying Lua playlist script /Applications/VLC.app/Contents/MacOS/share/lua/meta/art/01_googleimage.luac
[00007fbb1d00c300] lua art finder debug: skipping script (unmatched scope) /Applications/VLC.app/Contents/MacOS/share/lua/meta/art/01_googleimage.luac
[00007fbb1d00c300] lua art finder debug: Trying Lua playlist script /Applications/VLC.app/Contents/MacOS/share/lua/meta/art/02_frenchtv.luac
[00007fbb1d00c300] lua art finder debug: skipping script (unmatched scope) /Applications/VLC.app/Contents/MacOS/share/lua/meta/art/02_frenchtv.luac
[00007fbb1d00c300] lua art finder debug: Trying Lua playlist script /Applications/VLC.app/Contents/MacOS/share/lua/meta/art/03_lastfm.luac
[00007fbb1d00c300] lua art finder debug: skipping script (unmatched scope) /Applications/VLC.app/Contents/MacOS/share/lua/meta/art/03_lastfm.luac
[00007fbb1d00c300] main art finder debug: no art finder modules matched
[00007fbb1d209530] main meta fetcher debug: looking for meta fetcher module matching "any": 1 candidates
[00007fbb1d209530] lua meta fetcher debug: Trying Lua scripts in /Users/apple/Library/Application Support/org.videolan.vlc/lua/meta/fetcher
[00007fbb1d209530] lua meta fetcher debug: Trying Lua scripts in /Applications/VLC.app/Contents/MacOS/lua/meta/fetcher
[00007fbb1d209530] lua meta fetcher debug: Trying Lua scripts in /Applications/VLC.app/Contents/MacOS/share/lua/meta/fetcher
[00007fbb1d209530] main meta fetcher debug: no meta fetcher modules matched
[00007fbb1d00dd40] main art finder debug: looking for art finder module matching "any": 2 candidates
[00007fbb1d00dd40] lua art finder debug: Trying Lua scripts in /Users/apple/Library/Application Support/org.videolan.vlc/lua/meta/art
[00007fbb1d00dd40] lua art finder debug: Trying Lua scripts in /Applications/VLC.app/Contents/MacOS/lua/meta/art
[00007fbb1d00dd40] lua art finder debug: Trying Lua scripts in /Applications/VLC.app/Contents/MacOS/share/lua/meta/art
[00007fbb1d00dd40] lua art finder debug: Trying Lua playlist script /Applications/VLC.app/Contents/MacOS/share/lua/meta/art/00_musicbrainz.luac
[00007fbb1d00dd40] lua art finder debug: Trying Lua playlist script /Applications/VLC.app/Contents/MacOS/share/lua/meta/art/01_googleimage.luac
[00007fbb1d00dd40] lua art finder debug: Trying Lua playlist script /Applications/VLC.app/Contents/MacOS/share/lua/meta/art/02_frenchtv.luac
[00007fbb1d00dd40] lua art finder debug: Trying Lua playlist script /Applications/VLC.app/Contents/MacOS/share/lua/meta/art/03_lastfm.luac
[00007fbb1d00dd40] main art finder debug: no art finder modules matched
[00007fbb1c80b0f0] main input debug: Creating an input for preparsing '粉雪 - レミオロメン【ノリノリREMIX】 [sjRYYBZHGWA].webm'
[00007fbb1d118fb0] main meta fetcher debug: looking for meta fetcher module matching "any": 1 candidates
[00007fbb1d118fb0] lua meta fetcher debug: Trying Lua scripts in /Users/apple/Library/Application Support/org.videolan.vlc/lua/meta/fetcher
[00007fbb1d118fb0] lua meta fetcher debug: Trying Lua scripts in /Applications/VLC.app/Contents/MacOS/lua/meta/fetcher
[00007fbb1d118fb0] lua meta fetcher debug: Trying Lua scripts in /Applications/VLC.app/Contents/MacOS/share/lua/meta/fetcher
[00007fbb1d118fb0] main meta fetcher debug: no meta fetcher modules matched
[00007fbb1d20aee0] main art finder debug: looking for art finder module matching "any": 2 candidates
[00007fbb1d20aee0] lua art finder debug: Trying Lua scripts in /Users/apple/Library/Application Support/org.videolan.vlc/lua/meta/art
[00007fbb1d20aee0] lua art finder debug: Trying Lua scripts in /Applications/VLC.app/Contents/MacOS/lua/meta/art
[00007fbb1d20aee0] lua art finder debug: Trying Lua scripts in /Applications/VLC.app/Contents/MacOS/share/lua/meta/art
[00007fbb1d20aee0] lua art finder debug: Trying Lua playlist script /Applications/VLC.app/Contents/MacOS/share/lua/meta/art/00_musicbrainz.luac
[00007fbb1d20aee0] lua art finder debug: skipping script (unmatched scope) /Applications/VLC.app/Contents/MacOS/share/lua/meta/art/00_musicbrainz.luac
[00007fbb1d20aee0] lua art finder debug: Trying Lua playlist script /Applications/VLC.app/Contents/MacOS/share/lua/meta/art/01_googleimage.luac
[00007fbb1d20aee0] lua art finder debug: skipping script (unmatched scope) /Applications/VLC.app/Contents/MacOS/share/lua/meta/art/01_googleimage.luac
[00007fbb1d20aee0] lua art finder debug: Trying Lua playlist script /Applications/VLC.app/Contents/MacOS/share/lua/meta/art/02_frenchtv.luac
[00007fbb1d20aee0] lua art finder debug: skipping script (unmatched scope) /Applications/VLC.app/Contents/MacOS/share/lua/meta/art/02_frenchtv.luac
[00007fbb1d20aee0] lua art finder debug: Trying Lua playlist script /Applications/VLC.app/Contents/MacOS/share/lua/meta/art/03_lastfm.luac
[00007fbb1d20aee0] lua art finder debug: skipping script (unmatched scope) /Applications/VLC.app/Contents/MacOS/share/lua/meta/art/03_lastfm.luac
[00007fbb1d20aee0] main art finder debug: no art finder modules matched
[00007fbb1bf07ae0] main meta fetcher debug: looking for meta fetcher module matching "any": 1 candidates
[00007fbb1bf07ae0] lua meta fetcher debug: Trying Lua scripts in /Users/apple/Library/Application Support/org.videolan.vlc/lua/meta/fetcher
[00007fbb1bf07ae0] lua meta fetcher debug: Trying Lua scripts in /Applications/VLC.app/Contents/MacOS/lua/meta/fetcher
[00007fbb1bf07ae0] lua meta fetcher debug: Trying Lua scripts in /Applications/VLC.app/Contents/MacOS/share/lua/meta/fetcher
[00007fbb1bf07ae0] main meta fetcher debug: no meta fetcher modules matched
[00007fbb1bf07ae0] main art finder debug: looking for art finder module matching "any": 2 candidates
[00007fbb1bf07ae0] lua art finder debug: Trying Lua scripts in /Users/apple/Library/Application Support/org.videolan.vlc/lua/meta/art
[00007fbb1bf07ae0] lua art finder debug: Trying Lua scripts in /Applications/VLC.app/Contents/MacOS/lua/meta/art
[00007fbb1bf07ae0] lua art finder debug: Trying Lua scripts in /Applications/VLC.app/Contents/MacOS/share/lua/meta/art
[00007fbb1bf07ae0] lua art finder debug: Trying Lua playlist script /Applications/VLC.app/Contents/MacOS/share/lua/meta/art/00_musicbrainz.luac
[00007fbb1bf07ae0] lua art finder debug: Trying Lua playlist script /Applications/VLC.app/Contents/MacOS/share/lua/meta/art/01_googleimage.luac
[00007fbb1bf07ae0] lua art finder debug: Trying Lua playlist script /Applications/VLC.app/Contents/MacOS/share/lua/meta/art/02_frenchtv.luac
[00007fbb1bf07ae0] lua art finder debug: Trying Lua playlist script /Applications/VLC.app/Contents/MacOS/share/lua/meta/art/03_lastfm.luac
[00007fbb1bf07ae0] main art finder debug: no art finder modules matched
[00007fbb1c0150f0] main input debug: Creating an input for preparsing 'GMT20260914-010058_Recording_1724x812.mp4'
[00007fbb1d0185d0] main meta fetcher debug: looking for meta fetcher module matching "any": 1 candidates
[00007fbb1d0185d0] lua meta fetcher debug: Trying Lua scripts in /Users/apple/Library/Application Support/org.videolan.vlc/lua/meta/fetcher
[00007fbb1d0185d0] lua meta fetcher debug: Trying Lua scripts in /Applications/VLC.app/Contents/MacOS/lua/meta/fetcher
[00007fbb1d0185d0] lua meta fetcher debug: Trying Lua scripts in /Applications/VLC.app/Contents/MacOS/share/lua/meta/fetcher
[00007fbb1d0185d0] main meta fetcher debug: no meta fetcher modules matched
[00007fbb1d118fb0] main art finder debug: looking for art finder module matching "any": 2 candidates
[00007fbb1d118fb0] lua art finder debug: Trying Lua scripts in /Users/apple/Library/Application Support/org.videolan.vlc/lua/meta/art
[00007fbb1d118fb0] lua art finder debug: Trying Lua scripts in /Applications/VLC.app/Contents/MacOS/lua/meta/art
[00007fbb1d118fb0] lua art finder debug: Trying Lua scripts in /Applications/VLC.app/Contents/MacOS/share/lua/meta/art
[00007fbb1d118fb0] lua art finder debug: Trying Lua playlist script /Applications/VLC.app/Contents/MacOS/share/lua/meta/art/00_musicbrainz.luac
[00007fbb1d118fb0] lua art finder debug: skipping script (unmatched scope) /Applications/VLC.app/Contents/MacOS/share/lua/meta/art/00_musicbrainz.luac
[00007fbb1d118fb0] lua art finder debug: Trying Lua playlist script /Applications/VLC.app/Contents/MacOS/share/lua/meta/art/01_googleimage.luac
[00007fbb1d118fb0] lua art finder debug: skipping script (unmatched scope) /Applications/VLC.app/Contents/MacOS/share/lua/meta/art/01_googleimage.luac
[00007fbb1d118fb0] lua art finder debug: Trying Lua playlist script /Applications/VLC.app/Contents/MacOS/share/lua/meta/art/02_frenchtv.luac
[00007fbb1d118fb0] lua art finder debug: skipping script (unmatched scope) /Applications/VLC.app/Contents/MacOS/share/lua/meta/art/02_frenchtv.luac
[00007fbb1d118fb0] lua art finder debug: Trying Lua playlist script /Applications/VLC.app/Contents/MacOS/share/lua/meta/art/03_lastfm.luac
[00007fbb1d118fb0] lua art finder debug: skipping script (unmatched scope) /Applications/VLC.app/Contents/MacOS/share/lua/meta/art/03_lastfm.luac
[00007fbb1d118fb0] main art finder debug: no art finder modules matched
[00007fbb1d2075c0] main meta fetcher debug: looking for meta fetcher module matching "any": 1 candidates
[00007fbb1d2075c0] lua meta fetcher debug: Trying Lua scripts in /Users/apple/Library/Application Support/org.videolan.vlc/lua/meta/fetcher
[00007fbb1d2075c0] lua meta fetcher debug: Trying Lua scripts in /Applications/VLC.app/Contents/MacOS/lua/meta/fetcher
[00007fbb1d2075c0] lua meta fetcher debug: Trying Lua scripts in /Applications/VLC.app/Contents/MacOS/share/lua/meta/fetcher
[00007fbb1d2075c0] main meta fetcher debug: no meta fetcher modules matched
[00007fbb1d2075c0] main art finder debug: looking for art finder module matching "any": 2 candidates
[00007fbb1d2075c0] lua art finder debug: Trying Lua scripts in /Users/apple/Library/Application Support/org.videolan.vlc/lua/meta/art
[00007fbb1d2075c0] lua art finder debug: Trying Lua scripts in /Applications/VLC.app/Contents/MacOS/lua/meta/art
[00007fbb1d2075c0] lua art finder debug: Trying Lua scripts in /Applications/VLC.app/Contents/MacOS/share/lua/meta/art
[00007fbb1d2075c0] lua art finder debug: Trying Lua playlist script /Applications/VLC.app/Contents/MacOS/share/lua/meta/art/00_musicbrainz.luac
[00007fbb1d2075c0] lua art finder debug: Trying Lua playlist script /Applications/VLC.app/Contents/MacOS/share/lua/meta/art/01_googleimage.luac
[00007fbb1d2075c0] lua art finder debug: Trying Lua playlist script /Applications/VLC.app/Contents/MacOS/share/lua/meta/art/02_frenchtv.luac
[00007fbb1d2075c0] lua art finder debug: Trying Lua playlist script /Applications/VLC.app/Contents/MacOS/share/lua/meta/art/03_lastfm.luac
[00007fbb1d2075c0] main art finder debug: no art finder modules matched
[00007fbb1d008340] auhal audio output debug: Trying to use stored audio device 0 (analog)
[00007fbb1d008340] auhal audio output debug: Rebuild device list
[00007fbb1d008340] auhal audio output debug: found 10 audio device(s)
[00007fbb1d008340] auhal audio output debug: DevID: 137 DevName: DELL S2721D
[00007fbb1d008340] auhal audio output debug: DevID: 161 DevName: Plantronics Blackwire 5220 Series
[00007fbb1d008340] auhal audio output debug: this 'Plantronics Blackwire 5220 Series' is INPUT only. skipping...
[00007fbb1d008340] auhal audio output debug: DevID: 165 DevName: Plantronics Blackwire 5220 Series
[00007fbb1d008340] auhal audio output debug: DevID: 110 DevName: BlackHole 2ch
[00007fbb1d2075c0] main meta fetcher debug: looking for meta fetcher module matching "any": 1 candidates
[00007fbb1d2075c0] lua meta fetcher debug: Trying Lua scripts in /Users/apple/Library/Application Support/org.videolan.vlc/lua/meta/fetcher
[00007fbb1d2075c0] lua meta fetcher debug: Trying Lua scripts in /Applications/VLC.app/Contents/MacOS/lua/meta/fetcher
[00007fbb1d2075c0] lua meta fetcher debug: Trying Lua scripts in /Applications/VLC.app/Contents/MacOS/share/lua/meta/fetcher
[00007fbb1d2075c0] main meta fetcher debug: no meta fetcher modules matched
[00007fbb1d2075c0] main art finder debug: looking for art finder module matching "any": 2 candidates
[00007fbb1d2075c0] lua art finder debug: Trying Lua scripts in /Users/apple/Library/Application Support/org.videolan.vlc/lua/meta/art
[00007fbb1d2075c0] lua art finder debug: Trying Lua scripts in /Applications/VLC.app/Contents/MacOS/lua/meta/art
[00007fbb1d2075c0] lua art finder debug: Trying Lua scripts in /Applications/VLC.app/Contents/MacOS/share/lua/meta/art
[00007fbb1d2075c0] lua art finder debug: Trying Lua playlist script /Applications/VLC.app/Contents/MacOS/share/lua/meta/art/00_musicbrainz.luac
[00007fbb1d008340] auhal audio output debug: DevID: 103 DevName: 外部ヘッドフォン
[00007fbb1d2075c0] lua art finder debug: skipping script (unmatched scope) /Applications/VLC.app/Contents/MacOS/share/lua/meta/art/00_musicbrainz.luac
[00007fbb1d2075c0] lua art finder debug: Trying Lua playlist script /Applications/VLC.app/Contents/MacOS/share/lua/meta/art/01_googleimage.luac
[00007fbb1d008340] auhal audio output debug: DevID: 98 DevName: MacBook Airのマイク
[00007fbb1d008340] auhal audio output debug: this 'MacBook Airのマイク' is INPUT only. skipping...
[00007fbb1d008340] auhal audio output debug: DevID: 91 DevName: MacBook Airのスピーカー
[00007fbb1d2075c0] lua art finder debug: skipping script (unmatched scope) /Applications/VLC.app/Contents/MacOS/share/lua/meta/art/01_googleimage.luac
[00007fbb1d2075c0] lua art finder debug: Trying Lua playlist script /Applications/VLC.app/Contents/MacOS/share/lua/meta/art/02_frenchtv.luac
[00007fbb1d2075c0] lua art finder debug: skipping script (unmatched scope) /Applications/VLC.app/Contents/MacOS/share/lua/meta/art/02_frenchtv.luac
[00007fbb1d2075c0] lua art finder debug: Trying Lua playlist script /Applications/VLC.app/Contents/MacOS/share/lua/meta/art/03_lastfm.luac
[00007fbb1d2075c0] lua art finder debug: skipping script (unmatched scope) /Applications/VLC.app/Contents/MacOS/share/lua/meta/art/03_lastfm.luac
[00007fbb1d2075c0] main art finder debug: no art finder modules matched
[00007fbb1d00e340] main meta fetcher debug: looking for meta fetcher module matching "any": 1 candidates
[00007fbb1d00e340] lua meta fetcher debug: Trying Lua scripts in /Users/apple/Library/Application Support/org.videolan.vlc/lua/meta/fetcher
[00007fbb1d00e340] lua meta fetcher debug: Trying Lua scripts in /Applications/VLC.app/Contents/MacOS/lua/meta/fetcher
[00007fbb1d00e340] lua meta fetcher debug: Trying Lua scripts in /Applications/VLC.app/Contents/MacOS/share/lua/meta/fetcher
[00007fbb1d00e340] main meta fetcher debug: no meta fetcher modules matched
[00007fbb0cf042e0] main art finder debug: looking for art finder module matching "any": 2 candidates
[00007fbb0cf042e0] lua art finder debug: Trying Lua scripts in /Users/apple/Library/Application Support/org.videolan.vlc/lua/meta/art
[00007fbb0cf042e0] lua art finder debug: Trying Lua scripts in /Applications/VLC.app/Contents/MacOS/lua/meta/art
[00007fbb0cf042e0] lua art finder debug: Trying Lua scripts in /Applications/VLC.app/Contents/MacOS/share/lua/meta/art
[00007fbb0cf042e0] lua art finder debug: Trying Lua playlist script /Applications/VLC.app/Contents/MacOS/share/lua/meta/art/00_musicbrainz.luac
[00007fbb0cf042e0] lua art finder debug: Trying Lua playlist script /Applications/VLC.app/Contents/MacOS/share/lua/meta/art/01_googleimage.luac
[00007fbb0cf042e0] lua art finder debug: Trying Lua playlist script /Applications/VLC.app/Contents/MacOS/share/lua/meta/art/02_frenchtv.luac
[00007fbb0cf042e0] lua art finder debug: Trying Lua playlist script /Applications/VLC.app/Contents/MacOS/share/lua/meta/art/03_lastfm.luac
[00007fbb0cf042e0] main art finder debug: no art finder modules matched
[00007fbb1d008340] auhal audio output debug: DevID: 127 DevName: Microsoft Teams Audio
[00007fbb1d008340] auhal audio output debug: DevID: 53 DevName: 複数入力装置
[00007fbb1d008340] auhal audio output debug: DevID: 64 DevName: 複数出力装置
[00007fbb1d008340] main audio output debug: using audio output module "auhal"
[00007fbb1bf076f0] main playlist debug: keeping audio output
[00007fbb1d20aee0] main interface debug: looking for interface module matching "luaintf,none": 15 candidates
[00007fbb1d20aee0] [advanced_ab_looper_intf] lua interface debug: Found lua interface script: /Users/apple/Library/Application Support/org.videolan.vlc/lua/intf/advanced_ab_looper_intf.lua
[00007fbb1d20aee0] [advanced_ab_looper_intf] main interface debug: using interface module "lua"
[00007fbb1d207860] main interface debug: looking for interface module matching "hotkeys,none": 15 candidates
[00007fbb1d20aee0] [advanced_ab_looper_intf] lua interface: [Advanced A-B Looper] v2.1 helper started
[00007fbb1d207860] main interface debug: using interface module "hotkeys"
[00007fbb1bf065b0] main libvlc: vlcはデフォルトのインターフェースで実行しています。インターフェースのない vlc を使用するには'cvlc'を使用してください。
[00007fbb1d21d850] main interface debug: looking for interface module matching "any": 15 candidates
[00007fbb1d21d850] macosx interface debug: Starting macosx interface
[00007fbb1d21d850] macosx interface debug: Initializing input manager
[00007fbb1d21d850] macosx interface debug: Register dialog provider
[00007fbb1d21d850] macosx interface debug: Loading VLCStatusBarIcon
[00007fbb1d15d620] main probe debug: looking for renderer probe module matching "any": 1 candidates
[00007fbb1d15d620] main probe debug: no renderer probe modules matched
[00007fbb1d15d750] main generic debug: looking for extension module matching "any": 1 candidates
[00007fbb1d15d750] lua generic debug: Opening Lua Extension module
[00007fbb1d15d750] lua generic debug: Trying Lua scripts in /Users/apple/Library/Application Support/org.videolan.vlc/lua/extensions
[00007fbb1d15d750] lua generic debug: Trying Lua playlist script /Users/apple/Library/Application Support/org.videolan.vlc/lua/extensions/advanced_ab_looper.lua
[00007fbb1d15d750] lua generic debug: Scanning Lua script /Users/apple/Library/Application Support/org.videolan.vlc/lua/extensions/advanced_ab_looper.lua
[00007fbb1d15d750] lua generic debug: Script /Users/apple/Library/Application Support/org.videolan.vlc/lua/extensions/advanced_ab_looper.lua has the following capability flags: 0x0
[00007fbb1d15d750] lua generic debug: Trying Lua scripts in /Applications/VLC.app/Contents/MacOS/lua/extensions
[00007fbb1d15d750] lua generic debug: Trying Lua scripts in /Applications/VLC.app/Contents/MacOS/share/lua/extensions
[00007fbb1d15d750] lua generic debug: Trying Lua playlist script /Applications/VLC.app/Contents/MacOS/share/lua/extensions/VLSub.luac
[00007fbb1d15d750] lua generic debug: Scanning Lua script /Applications/VLC.app/Contents/MacOS/share/lua/extensions/VLSub.luac
[00007fbb1d15d750] lua generic debug: Script /Applications/VLC.app/Contents/MacOS/share/lua/extensions/VLSub.luac has the following capability flags: 0x5
[00007fbb1d15d750] main generic debug: using extension module "lua"
[00007fbb1d21d850] macosx interface debug: Initializing playlist model
[00007fbb1d2dcbb0] main probe debug: looking for services probe module matching "any": 6 candidates
[00007fbb1d2dcbb0] main probe debug: no services probe modules matched
[00007fbb1d21d850] macosx interface debug: Finished loading macosx interface
[00007fbb1d21d850] main interface debug: using interface module "macosx"
[00007fbb1bf076f0] main playlist debug: processing request item: null, node: プレイリスト, skip: 0
[00007fbb1bf076f0] main playlist debug: rebuilding array of current - root プレイリスト
[00007fbb1bf076f0] main playlist debug: rebuild done - 0 items, index -1
[00007fbb1bf076f0] main playlist debug: nothing to play
[00007fbb1d21d850] macosx interface warning: Process is translated!
[00007fbb1bf076f0] main playlist debug: processing request item: 【幽☆遊☆白書】もしも「さよならbye bye」がドラムンベースだったら？疾走感と切なさが溶け合うLiquid Funk💫 [pMcO0IWMfk4].webm, node: メディアライブラリ, skip: 0
[00007fbb1bf076f0] main playlist debug: rebuilding array of current - root メディアライブラリ
[00007fbb1bf076f0] main playlist debug: rebuild done - 9 items, index 2
[00007fbb1bf076f0] main playlist debug: starting playback of new item
[00007fbb1bf076f0] main playlist debug: resyncing on 【幽☆遊☆白書】もしも「さよならbye bye」がドラムンベースだったら？疾走感と切なさが溶け合うLiquid Funk💫 [pMcO0IWMfk4].webm
[00007fbb1bf076f0] main playlist debug: 【幽☆遊☆白書】もしも「さよならbye bye」がドラムンベースだったら？疾走感と切なさが溶け合うLiquid Funk💫 [pMcO0IWMfk4].webm is at 2
[00007fbb1bf076f0] main playlist debug: creating new input thread
[00007fbb0e8640f0] main input debug: Creating an input for '【幽☆遊☆白書】もしも「さよならbye bye」がドラムンベースだったら？疾走感と切なさが溶け合うLiquid Funk💫 [pMcO0IWMfk4].webm'
[00007fbb1bf076f0] main playlist debug: requesting art for new input thread
[00007fbb0e8640f0] main input debug: using timeshift granularity of 50 MiB
[00007fbb0e8640f0] main input debug: using default timeshift path
[00007fbb0e8640f0] main input debug: `file:///Users/apple/Downloads/%E3%80%90%E5%B9%BD%E2%98%86%E9%81%8A%E2%98%86%E7%99%BD%E6%9B%B8%E3%80%91%E3%82%82%E3%81%97%E3%82%82%E3%80%8C%E3%81%95%E3%82%88%E3%81%AA%E3%82%89bye%20bye%E3%80%8D%E3%81%8C%E3%83%89%E3%83%A9%E3%83%A0%E3%83%B3%E3%83%99%E3%83%BC%E3%82%B9%E3%81%A0%E3%81%A3%E3%81%9F%E3%82%89%EF%BC%9F%E7%96%BE%E8%B5%B0%E6%84%9F%E3%81%A8%E5%88%87%E3%81%AA%E3%81%95%E3%81%8C%E6%BA%B6%E3%81%91%E5%90%88%E3%81%86Liquid%20Funk%F0%9F%92%AB%20%5BpMcO0IWMfk4%5D.webm' gives access `file' demux `any' path `/Users/apple/Downloads/%E3%80%90%E5%B9%BD%E2%98%86%E9%81%8A%E2%98%86%E7%99%BD%E6%9B%B8%E3%80%91%E3%82%82%E3%81%97%E3%82%82%E3%80%8C%E3%81%95%E3%82%88%E3%81%AA%E3%82%89bye%20bye%E3%80%8D%E3%81%8C%E3%83%89%E3%83%A9%E3%83%A0%E3%83%B3%E3%83%99%E3%83%BC%E3%82%B9%E3%81%A0%E3%81%A3%E3%81%9F%E3%82%89%EF%BC%9F%E7%96%BE%E8%B5%B0%E6%84%9F%E3%81%A8%E5%88%87%E3%81%AA%E3%81%95%E3%81%8C%E6%BA%B6%E3%81%91%E5%90%88%E3%81%86Liquid%20Funk%F0%9F%92%AB%20%5BpMcO0IWMfk4%5D.webm'
[00007fbb0ce05860] main input source debug: creating demux: access='file' demux='any' location='/Users/apple/Downloads/%E3%80%90%E5%B9%BD%E2%98%86%E9%81%8A%E2%98%86%E7%99%BD%E6%9B%B8%E3%80%91%E3%82%82%E3%81%97%E3%82%82%E3%80%8C%E3%81%95%E3%82%88%E3%81%AA%E3%82%89bye%20bye%E3%80%8D%E3%81%8C%E3%83%89%E3%83%A9%E3%83%A0%E3%83%B3%E3%83%99%E3%83%BC%E3%82%B9%E3%81%A0%E3%81%A3%E3%81%9F%E3%82%89%EF%BC%9F%E7%96%BE%E8%B5%B0%E6%84%9F%E3%81%A8%E5%88%87%E3%81%AA%E3%81%95%E3%81%8C%E6%BA%B6%E3%81%91%E5%90%88%E3%81%86Liquid%20Funk%F0%9F%92%AB%20%5BpMcO0IWMfk4%5D.webm' file='/Users/apple/Downloads/【幽☆遊☆白書】もしも「さよならbye bye」がドラムンベースだったら？疾走感と切なさが溶け合うLiquid Funk💫 [pMcO0IWMfk4].webm'
[00007fbb0ce06990] main demux debug: looking for access_demux module matching "file": 14 candidates
[00007fbb0cd0e790] main meta fetcher debug: looking for meta fetcher module matching "any": 1 candidates
[00007fbb0cd0e790] lua meta fetcher debug: Trying Lua scripts in /Users/apple/Library/Application Support/org.videolan.vlc/lua/meta/fetcher
[00007fbb0cd0e790] lua meta fetcher debug: Trying Lua scripts in /Applications/VLC.app/Contents/MacOS/lua/meta/fetcher
[00007fbb0cd0e790] lua meta fetcher debug: Trying Lua scripts in /Applications/VLC.app/Contents/MacOS/share/lua/meta/fetcher
[00007fbb0cd0e790] main meta fetcher debug: no meta fetcher modules matched
[00007fbb0cd0e790] main art finder debug: looking for art finder module matching "any": 2 candidates
[00007fbb0ce06990] main demux debug: no access_demux modules matched
[00007fbb0ce073c0] main stream debug: creating access: file:///Users/apple/Downloads/%E3%80%90%E5%B9%BD%E2%98%86%E9%81%8A%E2%98%86%E7%99%BD%E6%9B%B8%E3%80%91%E3%82%82%E3%81%97%E3%82%82%E3%80%8C%E3%81%95%E3%82%88%E3%81%AA%E3%82%89bye%20bye%E3%80%8D%E3%81%8C%E3%83%89%E3%83%A9%E3%83%A0%E3%83%B3%E3%83%99%E3%83%BC%E3%82%B9%E3%81%A0%E3%81%A3%E3%81%9F%E3%82%89%EF%BC%9F%E7%96%BE%E8%B5%B0%E6%84%9F%E3%81%A8%E5%88%87%E3%81%AA%E3%81%95%E3%81%8C%E6%BA%B6%E3%81%91%E5%90%88%E3%81%86Liquid%20Funk%F0%9F%92%AB%20%5BpMcO0IWMfk4%5D.webm
[00007fbb0ce073c0] main stream debug:  (path: /Users/apple/Downloads/【幽☆遊☆白書】もしも「さよならbye bye」がドラムンベースだったら？疾走感と切なさが溶け合うLiquid Funk💫 [pMcO0IWMfk4].webm)
[00007fbb0ce073c0] main stream debug: looking for access module matching "file": 24 candidates
[00007fbb0ce073c0] main stream debug: using access module "filesystem"
[00007fbb0cd0fdd0] main stream debug: looking for stream_filter module matching "prefetch,cache_read": 26 candidates
[00007fbb0cd0fdd0] cache_read stream debug: Using stream method for AStream*
[00007fbb0cd0e790] lua art finder debug: Trying Lua scripts in /Users/apple/Library/Application Support/org.videolan.vlc/lua/meta/art
[00007fbb0cd0e790] lua art finder debug: Trying Lua scripts in /Applications/VLC.app/Contents/MacOS/lua/meta/art
[00007fbb0cd0e790] lua art finder debug: Trying Lua scripts in /Applications/VLC.app/Contents/MacOS/share/lua/meta/art
[00007fbb0cd0e790] lua art finder debug: Trying Lua playlist script /Applications/VLC.app/Contents/MacOS/share/lua/meta/art/00_musicbrainz.luac
[00007fbb0cd0fdd0] cache_read stream debug: starting pre-buffering
[00007fbb0cd0fdd0] cache_read stream debug: received first data after 0 ms
[00007fbb0cd0fdd0] cache_read stream debug: pre-buffering done 1024 bytes in 0s - 1700 KiB/s
[00007fbb0cd0e790] lua art finder debug: skipping script (unmatched scope) /Applications/VLC.app/Contents/MacOS/share/lua/meta/art/00_musicbrainz.luac
[00007fbb0cd0fdd0] main stream debug: using stream_filter module "cache_read"
[00007fbb0ce07760] main stream debug: looking for stream_filter module matching "any": 26 candidates
[00007fbb0cd0e790] lua art finder debug: Trying Lua playlist script /Applications/VLC.app/Contents/MacOS/share/lua/meta/art/01_googleimage.luac
[00007fbb0ce07760] lua stream debug: Trying Lua scripts in /Users/apple/Library/Application Support/org.videolan.vlc/lua/playlist
[00007fbb0ce07760] lua stream debug: Trying Lua scripts in /Applications/VLC.app/Contents/MacOS/lua/playlist
[00007fbb0ce07760] lua stream debug: Trying Lua scripts in /Applications/VLC.app/Contents/MacOS/share/lua/playlist
[00007fbb0ce07760] lua stream debug: Trying Lua playlist script /Applications/VLC.app/Contents/MacOS/share/lua/playlist/anevia_streams.luac
[00007fbb0cd0e790] lua art finder debug: skipping script (unmatched scope) /Applications/VLC.app/Contents/MacOS/share/lua/meta/art/01_googleimage.luac
[00007fbb0cd0e790] lua art finder debug: Trying Lua playlist script /Applications/VLC.app/Contents/MacOS/share/lua/meta/art/02_frenchtv.luac
[00007fbb0cd0e790] lua art finder debug: skipping script (unmatched scope) /Applications/VLC.app/Contents/MacOS/share/lua/meta/art/02_frenchtv.luac
[00007fbb0ce07760] lua stream debug: Trying Lua playlist script /Applications/VLC.app/Contents/MacOS/share/lua/playlist/anevia_xml.luac
[00007fbb0cd0e790] lua art finder debug: Trying Lua playlist script /Applications/VLC.app/Contents/MacOS/share/lua/meta/art/03_lastfm.luac
[00007fbb0cd0e790] lua art finder debug: skipping script (unmatched scope) /Applications/VLC.app/Contents/MacOS/share/lua/meta/art/03_lastfm.luac
[00007fbb0ce07760] lua stream debug: Trying Lua playlist script /Applications/VLC.app/Contents/MacOS/share/lua/playlist/appletrailers.luac
[00007fbb0cd0e790] main art finder debug: no art finder modules matched
[00007fbb0ce07760] lua stream debug: Trying Lua playlist script /Applications/VLC.app/Contents/MacOS/share/lua/playlist/bbc_co_uk.luac
[00007fbb0cd0e790] main meta fetcher debug: looking for meta fetcher module matching "any": 1 candidates
[00007fbb0cd0e790] lua meta fetcher debug: Trying Lua scripts in /Users/apple/Library/Application Support/org.videolan.vlc/lua/meta/fetcher
[00007fbb0cd0e790] lua meta fetcher debug: Trying Lua scripts in /Applications/VLC.app/Contents/MacOS/lua/meta/fetcher
[00007fbb0cd0e790] lua meta fetcher debug: Trying Lua scripts in /Applications/VLC.app/Contents/MacOS/share/lua/meta/fetcher
[00007fbb0cd0e790] main meta fetcher debug: no meta fetcher modules matched
[00007fbb0ce07760] lua stream debug: Trying Lua playlist script /Applications/VLC.app/Contents/MacOS/share/lua/playlist/cue.luac
[00007fbb0cd0e790] main art finder debug: looking for art finder module matching "any": 2 candidates
[00007fbb0cd0e790] lua art finder debug: Trying Lua scripts in /Users/apple/Library/Application Support/org.videolan.vlc/lua/meta/art
[00007fbb0cd0e790] lua art finder debug: Trying Lua scripts in /Applications/VLC.app/Contents/MacOS/lua/meta/art
[00007fbb0cd0e790] lua art finder debug: Trying Lua scripts in /Applications/VLC.app/Contents/MacOS/share/lua/meta/art
[00007fbb0cd0e790] lua art finder debug: Trying Lua playlist script /Applications/VLC.app/Contents/MacOS/share/lua/meta/art/00_musicbrainz.luac
[00007fbb0ce07760] lua stream debug: Trying Lua playlist script /Applications/VLC.app/Contents/MacOS/share/lua/playlist/dailymotion.luac
[00007fbb0cd0e790] lua art finder debug: Trying Lua playlist script /Applications/VLC.app/Contents/MacOS/share/lua/meta/art/01_googleimage.luac
[00007fbb0ce07760] lua stream debug: Trying Lua playlist script /Applications/VLC.app/Contents/MacOS/share/lua/playlist/jamendo.luac
[00007fbb0cd0e790] lua art finder debug: Trying Lua playlist script /Applications/VLC.app/Contents/MacOS/share/lua/meta/art/02_frenchtv.luac
[00007fbb0ce07760] lua stream debug: Trying Lua playlist script /Applications/VLC.app/Contents/MacOS/share/lua/playlist/koreus.luac
[00007fbb0cd0e790] lua art finder debug: Trying Lua playlist script /Applications/VLC.app/Contents/MacOS/share/lua/meta/art/03_lastfm.luac
[00007fbb0cd0e790] main art finder debug: no art finder modules matched
[00007fbb0ce07760] lua stream debug: Trying Lua playlist script /Applications/VLC.app/Contents/MacOS/share/lua/playlist/liveleak.luac
[00007fbb0ce07760] lua stream debug: Trying Lua playlist script /Applications/VLC.app/Contents/MacOS/share/lua/playlist/newgrounds.luac
[00007fbb0ce07760] lua stream debug: Trying Lua playlist script /Applications/VLC.app/Contents/MacOS/share/lua/playlist/rockbox_fm_presets.luac
[00007fbb0ce07760] lua stream debug: Trying Lua playlist script /Applications/VLC.app/Contents/MacOS/share/lua/playlist/soundcloud.luac
[00007fbb0ce07760] lua stream debug: Trying Lua playlist script /Applications/VLC.app/Contents/MacOS/share/lua/playlist/twitch.luac
[00007fbb0ce07760] lua stream debug: Trying Lua playlist script /Applications/VLC.app/Contents/MacOS/share/lua/playlist/vimeo.luac
[00007fbb0ce07760] lua stream debug: Trying Lua playlist script /Applications/VLC.app/Contents/MacOS/share/lua/playlist/vocaroo.luac
[00007fbb0ce07760] lua stream debug: Trying Lua playlist script /Applications/VLC.app/Contents/MacOS/share/lua/playlist/youtube.luac
[00007fbb0ce07760] main stream debug: no stream_filter modules matched
[00007fbadc8351c0] main stream_directory debug: looking for stream_directory module matching "any": 1 candidates
[00007fbadc8351c0] main stream_directory debug: no stream_directory modules matched
[00007fbb0ce05860] main input source debug: attachment of directory-extractor failed for file:///Users/apple/Downloads/%E3%80%90%E5%B9%BD%E2%98%86%E9%81%8A%E2%98%86%E7%99%BD%E6%9B%B8%E3%80%91%E3%82%82%E3%81%97%E3%82%82%E3%80%8C%E3%81%95%E3%82%88%E3%81%AA%E3%82%89bye%20bye%E3%80%8D%E3%81%8C%E3%83%89%E3%83%A9%E3%83%A0%E3%83%B3%E3%83%99%E3%83%BC%E3%82%B9%E3%81%A0%E3%81%A3%E3%81%9F%E3%82%89%EF%BC%9F%E7%96%BE%E8%B5%B0%E6%84%9F%E3%81%A8%E5%88%87%E3%81%AA%E3%81%95%E3%81%8C%E6%BA%B6%E3%81%91%E5%90%88%E3%81%86Liquid%20Funk%F0%9F%92%AB%20%5BpMcO0IWMfk4%5D.webm
[00007fbadc8351c0] main stream debug: looking for stream_filter module matching "record": 26 candidates
[00007fbadc8351c0] main stream debug: using stream_filter module "record"
[00007fbb0ce05860] main input source debug: creating demux: access='file' demux='any' location='/Users/apple/Downloads/%E3%80%90%E5%B9%BD%E2%98%86%E9%81%8A%E2%98%86%E7%99%BD%E6%9B%B8%E3%80%91%E3%82%82%E3%81%97%E3%82%82%E3%80%8C%E3%81%95%E3%82%88%E3%81%AA%E3%82%89bye%20bye%E3%80%8D%E3%81%8C%E3%83%89%E3%83%A9%E3%83%A0%E3%83%B3%E3%83%99%E3%83%BC%E3%82%B9%E3%81%A0%E3%81%A3%E3%81%9F%E3%82%89%EF%BC%9F%E7%96%BE%E8%B5%B0%E6%84%9F%E3%81%A8%E5%88%87%E3%81%AA%E3%81%95%E3%81%8C%E6%BA%B6%E3%81%91%E5%90%88%E3%81%86Liquid%20Funk%F0%9F%92%AB%20%5BpMcO0IWMfk4%5D.webm' file='/Users/apple/Downloads/【幽☆遊☆白書】もしも「さよならbye bye」がドラムンベースだったら？疾走感と切なさが溶け合うLiquid Funk💫 [pMcO0IWMfk4].webm'
[00007fbadc8340a0] main demux debug: looking for demux module matching "any": 55 candidates
[00007fbadc8340a0] mkv demux debug: |   + Seek head
[00007fbadc8340a0] mkv demux debug: |   - info at 209
[00007fbadc8340a0] mkv demux debug: |   + Information
[00007fbadc8340a0] mkv demux debug: |   |   + TimecodeScale=1000000
[00007fbadc8340a0] mkv demux debug: |   |   + Muxing Application=Lavf62.12.100
[00007fbadc8340a0] mkv demux debug: |   |   + Writing Application=Lavf62.12.100
[00007fbadc8340a0] mkv demux debug: |   |   + Duration=279301
[00007fbadc8340a0] mkv demux debug: |   - tracks at 264
[00007fbadc8340a0] mkv demux debug: |   + Tracks
[00007fbadc8340a0] mkv demux debug: |   |   + Track Entry
[00007fbadc8340a0] mkv demux debug: |   |   |   + Track Number=1
[00007fbadc8340a0] mkv demux debug: |   |   |   + Track UID=a4b06523
[00007fbadc8340a0] mkv demux debug: |   |   |   + Track Lacing=0
[00007fbadc8340a0] mkv demux debug: |   |   |   + Track Language=`und'
[00007fbadc8340a0] mkv demux debug: |   |   |   + Track CodecId=V_AV1
[00007fbadc8340a0] mkv demux debug: |   |   |   + Track Type=video
[00007fbadc8340a0] mkv demux debug: |   |   |   + Track Default Duration=41708333
[00007fbadc8340a0] mkv demux debug: |   |   |   + Track Video
[00007fbadc8340a0] mkv demux debug: |   |   |   |   + width=1920
[00007fbadc8340a0] mkv demux debug: |   |   |   |   + height=1080
[00007fbadc8340a0] mkv demux debug: |   |   |   |   + Video Colors
[00007fbadc8340a0] mkv demux debug: |   |   |   |   |   + Unknown (N11libmatroska20KaxVideoColourMatrixE)
[00007fbadc8340a0] mkv demux debug: |   |   |   + Track CodecPrivate size=20
[00007fbadc8340a0] mkv demux debug: |   |   + Track Entry
[00007fbadc8340a0] mkv demux debug: |   |   |   + Track Number=2
[00007fbadc8340a0] mkv demux debug: |   |   |   + Track UID=e861d9db
[00007fbadc8340a0] mkv demux debug: |   |   |   + Track Lacing=0
[00007fbadc8340a0] mkv demux debug: |   |   |   + Track Language=`eng'
[00007fbadc8340a0] mkv demux debug: |   |   |   + Track CodecId=A_OPUS
[00007fbadc8340a0] mkv demux debug: |   |   |   + Track Codec Delay =6500
[00007fbadc8340a0] mkv demux debug: |   |   |   + Track Seek Preroll =80000
[00007fbadc8340a0] mkv demux debug: |   |   |   + Track Type=audio
[00007fbadc8340a0] mkv demux debug: |   |   |   + Track Audio
[00007fbadc8340a0] mkv demux debug: |   |   |   |   + achan=2
[00007fbadc8340a0] mkv demux debug: |   |   |   |   + afreq=48000
[00007fbadc8340a0] mkv demux debug: |   |   |   |   + abits=32
[00007fbadc8340a0] mkv demux debug: |   |   |   + Track CodecPrivate size=19
[00007fbadc8340a0] mkv demux debug: |   - tags at 471
[00007fbadc8340a0] mkv demux debug: |   + Tags
[00007fbadc8340a0] mkv demux debug: + Tag
[00007fbadc8340a0] mkv demux debug: |   + Targets
[00007fbadc8340a0] mkv demux debug: |   + Simple Tag 
[00007fbadc8340a0] mkv demux debug: |   |   + Meta MAJOR_BRAND: dash
[00007fbadc8340a0] mkv demux debug: |   + Simple Tag 
[00007fbadc8340a0] mkv demux debug: |   |   + Meta MINOR_VERSION: 0
[00007fbadc8340a0] mkv demux debug: |   + Simple Tag 
[00007fbadc8340a0] mkv demux debug: |   |   + Meta COMPATIBLE_BRANDS: iso6av01mp41
[00007fbadc8340a0] mkv demux debug: |   + Simple Tag 
[00007fbadc8340a0] mkv demux debug: |   |   + Meta ENCODER: Lavf62.12.100
[00007fbadc8340a0] mkv demux debug: + Tag
[00007fbadc8340a0] mkv demux debug: |   + Targets
[00007fbadc8340a0] mkv demux debug: |   |   + TrackUID: 7239220384362423587
[00007fbadc8340a0] mkv demux debug: |   |   + LoadTag Unknown (N11libmatroska14KaxTagTrackUIDE)
[00007fbadc8340a0] mkv demux debug: |   + Simple Tag 
[00007fbadc8340a0] mkv demux debug: |   |   + Meta HANDLER_NAME: ISO Media file produced by Google Inc.
[00007fbadc8340a0] mkv demux debug: |   + Simple Tag 
[00007fbadc8340a0] mkv demux debug: |   |   + Meta DURATION: 00:04:39.279000000
[00007fbadc8340a0] mkv demux debug: + Tag
[00007fbadc8340a0] mkv demux debug: |   + Targets
[00007fbadc8340a0] mkv demux debug: |   |   + TrackUID: 1774579004823689691
[00007fbadc8340a0] mkv demux debug: |   |   + LoadTag Unknown (N11libmatroska14KaxTagTrackUIDE)
[00007fbadc8340a0] mkv demux debug: |   + Simple Tag 
[00007fbadc8340a0] mkv demux debug: |   |   + Meta DURATION: 00:04:39.301000000
[00007fbadc8340a0] mkv demux debug: loading tags done.
[00007fbadc8340a0] mkv demux debug: |   - cues at 24414521
[00007fbadc8340a0] mkv demux debug: |   + Cues
[00007fbadc8340a0] mkv demux debug: MKV/Ebml Parser: m_el[mi_level] == NULL
[00007fbadc8340a0] mkv demux debug: |   - loading cues done.
[00007fbadc8340a0] mkv demux debug: |   + Void
[00007fbadc8340a0] mkv demux debug: |   + Information
[00007fbadc8340a0] mkv demux debug: |   + Tracks
[00007fbadc8340a0] mkv demux debug: |   + Tags
[00007fbadc8340a0] mkv demux debug: |   + Cluster
[00007fbadc8340a0] mkv demux debug: NEW START CHAPTER uid=0
[00007fbadc8340a0] mkv demux debug: found 2 es
[00007fbb0e8640f0] main input debug: selecting program id=0
[00007fbadc8340a0] mkv demux debug: seek: preroll{ track: 1, pts: 0, fpos: 762 skip: 762} 
[00007fbadc8340a0] mkv demux debug: seek: preroll{ req: 1, start-pts: 1, start-fpos: 762} 
[00007fbadc8340a0] mkv demux debug: Starting the UI Hook
[00007fbadc8340a0] main demux debug: using demux module "mkv"
[00007fbb0e8640f0] main input debug: looking for a subtitle file in /Users/apple/Downloads/
[00007fbb1bfa8290] main decoder debug: looking for video decoder module matching "any": 17 candidates
[00007fbb1bfa8290] avcodec decoder debug: using ffmpeg Lavc58.134.100
[00007fbb1bfa8290] avcodec decoder debug: CPU flags: 0x000813db
[00007fbb1bfa8290] avcodec decoder debug: allowing 1 thread(s) for decoding
[00007fbb1bfa8290] avcodec decoder debug: codec (av1) started
[00007fbb1bfa8290] avcodec decoder debug: trying format vaapi_vld
[00007fbadc83ba70] main spu text debug: looking for text renderer module matching "any": 3 candidates
[00007fbadc83ba70] main spu text debug: using text renderer module "freetype"
[00007fbb1bfa7600] main scale debug: looking for video converter module matching "any": 22 candidates
[00007fbb1bfa7600] swscale scale debug: 32x32 (32x32) chroma: YUVA -> 16x16 (16x16) chroma: RGBA with scaling using Bicubic (good quality)
[00007fbb1bfa7600] main scale debug: using video converter module "swscale"
[00007fbadc844080] main scale debug: looking for video converter module matching "any": 22 candidates
[00007fbadc844080] yuvp scale debug: YUVP to YUVA converter
[00007fbadc844080] main scale debug: using video converter module "yuvp"
[00007fbb1e0786f0] main video output debug: Deinterlacing available
[00007fbb1e0786f0] main video output debug: deinterlace -1, mode auto, is_needed 0
[00007fbadc90fbf0] main window debug: looking for vout window module matching "any": 1 candidates
[00007fbadc90fbf0] macosx window debug: Opening video window
[00007fbb1d21d850] macosx interface debug: toggle playlist from state: removed splitview 0, minimized view 0. Event 2
[00007fbb1d21d850] macosx interface debug: toggle playlist to state: removed splitview 0, minimized view 0
[00007fbb1d21d850] macosx interface debug: returning videoview with proposed position x=0, y=0, width=1920, height=1080
[00007fbadc90fbf0] main window debug: using vout window module "macosx"
[00007fbb1e0786f0] main video output debug: Opening vout display wrapper
[00007fbb1d2e8940] main vout display debug: looking for vout display module matching "any": 7 candidates
[00007fbb1d2e8940] main vout display debug: VoutDisplayEvent 'resize' 1920x1080
[00007fbb1d2e8940] main vout display debug: VoutDisplayEvent 'resize' 0x0
[00007fbb1d2e8940] main vout display debug: VoutDisplayEvent 'resize' 3056x1682
[00007fbadc8582f0] main generic debug: looking for glconv module matching "any": 1 candidates
[00007fbadc8582f0] main generic debug: no glconv modules matched
[00007fbb1d2e8940] main vout display debug: using vout display module "caopengllayer"
[00007fbb1d2e8940] main vout display debug: A filter to adapt decoder VAOP to display I420 is needed
[00007fbb1bfaab80] main filter debug: looking for video converter module matching "any": 22 candidates
[00007fbb1d2e8940] main vout display debug: VoutDisplayEvent 'resize' 3360x1866
[00007fbb1bfaab80] chain filter debug: Trying to use chroma I422 as middle man
[00007fbadc916ef0] main filter debug: looking for video converter module matching "any": 22 candidates
[00007fbadc916ef0] chain filter debug: Trying to use chroma I420 as middle man
[00007fbadc915270] main filter debug: looking for video converter module matching "any": 22 candidates
[00007fbadc915270] chain filter error: Too high level of recursion (3)
[00007fbadc915270] main filter debug: no video converter modules matched
[00007fbadc916ef0] main filter error: Failed to create video converter
[00007fbadc916ef0] chain filter debug: Trying to use chroma I0AL as middle man
[00007fbb1bfb6d30] main filter debug: looking for video converter module matching "any": 22 candidates
[00007fbb1bfb6d30] chain filter error: Too high level of recursion (3)
[00007fbb1bfb6d30] main filter debug: no video converter modules matched
[00007fbadc916ef0] main filter error: Failed to create video converter
[00007fbadc916ef0] chain filter debug: Trying to use chroma I0AB as middle man
[00007fbb1bfb6d30] main filter debug: looking for video converter module matching "any": 22 candidates
[00007fbb1bfb6d30] chain filter error: Too high level of recursion (3)
[00007fbb1bfb6d30] main filter debug: no video converter modules matched
[00007fbadc916ef0] main filter error: Failed to create video converter
[00007fbadc916ef0] chain filter debug: Trying to use chroma I0FL as middle man
[00007fbb1bfb6d30] main filter debug: looking for video converter module matching "any": 22 candidates
[00007fbb1bfb6d30] chain filter error: Too high level of recursion (3)
[00007fbb1bfb6d30] main filter debug: no video converter modules matched
[00007fbadc916ef0] main filter error: Failed to create video converter
[00007fbadc916ef0] chain filter debug: Trying to use chroma RV32 as middle man
[00007fbb1bfb6d30] main filter debug: looking for video converter module matching "any": 22 candidates
[00007fbb1bfb6d30] chain filter error: Too high level of recursion (3)
[00007fbb1bfb6d30] main filter debug: no video converter modules matched
[00007fbadc916ef0] main filter error: Failed to create video converter
[00007fbadc916ef0] chain filter debug: Trying to use chroma RV24 as middle man
[00007fbb1bfb6d30] main filter debug: looking for video converter module matching "any": 22 candidates
[00007fbb1bfb6d30] chain filter error: Too high level of recursion (3)
[00007fbb1bfb6d30] main filter debug: no video converter modules matched
[00007fbadc916ef0] main filter error: Failed to create video converter
[00007fbadc916ef0] chain filter debug: Trying to use chroma BGRA as middle man
[00007fbb1bfb6d30] main filter debug: looking for video converter module matching "any": 22 candidates
[00007fbb1bfb6d30] chain filter error: Too high level of recursion (3)
[00007fbb1bfb6d30] main filter debug: no video converter modules matched
[00007fbadc916ef0] main filter error: Failed to create video converter
[00007fbadc916ef0] main filter debug: no video converter modules matched
[00007fbb1bfaab80] main filter error: Failed to create video converter
[00007fbb1bfaab80] chain filter debug: Trying to use chroma I0AL as middle man
[00007fbb1bfb6d30] main filter debug: looking for video converter module matching "any": 22 candidates
[00007fbb1bfb6d30] chain filter debug: Trying to use chroma I0AB as middle man
[00007fbb1bfb70e0] main filter debug: looking for video converter module matching "any": 22 candidates
[00007fbb1bfb70e0] chain filter error: Too high level of recursion (3)
[00007fbb1bfb70e0] main filter debug: no video converter modules matched
[00007fbb1bfb6d30] main filter error: Failed to create video converter
[00007fbb1bfb6d30] chain filter debug: Trying to use chroma I0FL as middle man
[00007fbb1bfb70e0] main filter debug: looking for video converter module matching "any": 22 candidates
[00007fbb1bfb70e0] chain filter error: Too high level of recursion (3)
[00007fbb1bfb70e0] main filter debug: no video converter modules matched
[00007fbb1bfb6d30] main filter error: Failed to create video converter
[00007fbb1bfb6d30] chain filter debug: Trying to use chroma I420 as middle man
[00007fbb1bfb70e0] main filter debug: looking for video converter module matching "any": 22 candidates
[00007fbb1bfb70e0] chain filter error: Too high level of recursion (3)
[00007fbb1bfb70e0] main filter debug: no video converter modules matched
[00007fbb1bfb6d30] main filter error: Failed to create video converter
[00007fbb1bfb6d30] chain filter debug: Trying to use chroma I422 as middle man
[00007fbb1bfb70e0] main filter debug: looking for video converter module matching "any": 22 candidates
[00007fbb1bfb70e0] chain filter error: Too high level of recursion (3)
[00007fbb1bfb70e0] main filter debug: no video converter modules matched
[00007fbb1bfb6d30] main filter error: Failed to create video converter
[00007fbb1bfb6d30] chain filter debug: Trying to use chroma RV32 as middle man
[00007fbb1bfb70e0] main filter debug: looking for video converter module matching "any": 22 candidates
[00007fbb1bfb70e0] chain filter error: Too high level of recursion (3)
[00007fbb1bfb70e0] main filter debug: no video converter modules matched
[00007fbb1bfb6d30] main filter error: Failed to create video converter
[00007fbb1bfb6d30] chain filter debug: Trying to use chroma RV24 as middle man
[00007fbb1bfb70e0] main filter debug: looking for video converter module matching "any": 22 candidates
[00007fbb1bfb70e0] chain filter error: Too high level of recursion (3)
[00007fbb1bfb70e0] main filter debug: no video converter modules matched
[00007fbb1bfb6d30] main filter error: Failed to create video converter
[00007fbb1bfb6d30] chain filter debug: Trying to use chroma BGRA as middle man
[00007fbb1bfb70e0] main filter debug: looking for video converter module matching "any": 22 candidates
[00007fbb1bfb70e0] chain filter error: Too high level of recursion (3)
[00007fbb1bfb70e0] main filter debug: no video converter modules matched
[00007fbb1bfb6d30] main filter error: Failed to create video converter
[00007fbb1bfb6d30] main filter debug: no video converter modules matched
[00007fbb1bfaab80] main filter error: Failed to create video converter
[00007fbb1bfaab80] chain filter debug: Trying to use chroma I0AB as middle man
[00007fbadc858f20] main filter debug: looking for video converter module matching "any": 22 candidates
[00007fbadc858f20] chain filter debug: Trying to use chroma I0AL as middle man
[00007fbadc8592d0] main filter debug: looking for video converter module matching "any": 22 candidates
[00007fbadc8592d0] chain filter error: Too high level of recursion (3)
[00007fbadc8592d0] main filter debug: no video converter modules matched
[00007fbadc858f20] main filter error: Failed to create video converter
[00007fbadc858f20] chain filter debug: Trying to use chroma I0FL as middle man
[00007fbb1d1cd820] main filter debug: looking for video converter module matching "any": 22 candidates
[00007fbb1d1cd820] chain filter error: Too high level of recursion (3)
[00007fbb1d1cd820] main filter debug: no video converter modules matched
[00007fbadc858f20] main filter error: Failed to create video converter
[00007fbadc858f20] chain filter debug: Trying to use chroma I420 as middle man
[00007fbadc916ef0] main filter debug: looking for video converter module matching "any": 22 candidates
[00007fbadc916ef0] chain filter error: Too high level of recursion (3)
[00007fbadc916ef0] main filter debug: no video converter modules matched
[00007fbadc858f20] main filter error: Failed to create video converter
[00007fbadc858f20] chain filter debug: Trying to use chroma I422 as middle man
[00007fbadc916ef0] main filter debug: looking for video converter module matching "any": 22 candidates
[00007fbadc916ef0] chain filter error: Too high level of recursion (3)
[00007fbadc916ef0] main filter debug: no video converter modules matched
[00007fbadc858f20] main filter error: Failed to create video converter
[00007fbadc858f20] chain filter debug: Trying to use chroma RV32 as middle man
[00007fbb1bfb6d30] main filter debug: looking for video converter module matching "any": 22 candidates
[00007fbb1bfb6d30] chain filter error: Too high level of recursion (3)
[00007fbb1bfb6d30] main filter debug: no video converter modules matched
[00007fbadc858f20] main filter error: Failed to create video converter
[00007fbadc858f20] chain filter debug: Trying to use chroma RV24 as middle man
[00007fbb1bfb6d30] main filter debug: looking for video converter module matching "any": 22 candidates
[00007fbb1bfb6d30] chain filter error: Too high level of recursion (3)
[00007fbb1bfb6d30] main filter debug: no video converter modules matched
[00007fbadc858f20] main filter error: Failed to create video converter
[00007fbadc858f20] chain filter debug: Trying to use chroma BGRA as middle man
[00007fbb1bfb6d30] main filter debug: looking for video converter module matching "any": 22 candidates
[00007fbb1bfb6d30] chain filter error: Too high level of recursion (3)
[00007fbb1bfb6d30] main filter debug: no video converter modules matched
[00007fbadc858f20] main filter error: Failed to create video converter
[00007fbadc858f20] main filter debug: no video converter modules matched
[00007fbb1bfaab80] main filter error: Failed to create video converter
[00007fbb1bfaab80] chain filter debug: Trying to use chroma I0FL as middle man
[00007fbb1bfb6d30] main filter debug: looking for video converter module matching "any": 22 candidates
[00007fbb1bfb6d30] chain filter debug: Trying to use chroma I0AL as middle man
[00007fbadc916ef0] main filter debug: looking for video converter module matching "any": 22 candidates
[00007fbadc916ef0] chain filter error: Too high level of recursion (3)
[00007fbadc916ef0] main filter debug: no video converter modules matched
[00007fbb1bfb6d30] main filter error: Failed to create video converter
[00007fbb1bfb6d30] chain filter debug: Trying to use chroma I0AB as middle man
[00007fbadc916ef0] main filter debug: looking for video converter module matching "any": 22 candidates
[00007fbadc916ef0] chain filter error: Too high level of recursion (3)
[00007fbadc916ef0] main filter debug: no video converter modules matched
[00007fbb1bfb6d30] main filter error: Failed to create video converter
[00007fbb1bfb6d30] chain filter debug: Trying to use chroma I420 as middle man
[00007fbadc916ef0] main filter debug: looking for video converter module matching "any": 22 candidates
[00007fbadc916ef0] chain filter error: Too high level of recursion (3)
[00007fbadc916ef0] main filter debug: no video converter modules matched
[00007fbb1bfb6d30] main filter error: Failed to create video converter
[00007fbb1bfb6d30] chain filter debug: Trying to use chroma I422 as middle man
[00007fbadc916ef0] main filter debug: looking for video converter module matching "any": 22 candidates
[00007fbadc916ef0] chain filter error: Too high level of recursion (3)
[00007fbadc916ef0] main filter debug: no video converter modules matched
[00007fbb1bfb6d30] main filter error: Failed to create video converter
[00007fbb1bfb6d30] chain filter debug: Trying to use chroma RV32 as middle man
[00007fbadc916ef0] main filter debug: looking for video converter module matching "any": 22 candidates
[00007fbadc916ef0] chain filter error: Too high level of recursion (3)
[00007fbadc916ef0] main filter debug: no video converter modules matched
[00007fbb1bfb6d30] main filter error: Failed to create video converter
[00007fbb1bfb6d30] chain filter debug: Trying to use chroma RV24 as middle man
[00007fbadc916ef0] main filter debug: looking for video converter module matching "any": 22 candidates
[00007fbadc916ef0] chain filter error: Too high level of recursion (3)
[00007fbadc916ef0] main filter debug: no video converter modules matched
[00007fbb1bfb6d30] main filter error: Failed to create video converter
[00007fbb1bfb6d30] chain filter debug: Trying to use chroma BGRA as middle man
[00007fbadc916ef0] main filter debug: looking for video converter module matching "any": 22 candidates
[00007fbadc916ef0] chain filter error: Too high level of recursion (3)
[00007fbadc916ef0] main filter debug: no video converter modules matched
[00007fbb1bfb6d30] main filter error: Failed to create video converter
[00007fbb1bfb6d30] main filter debug: no video converter modules matched
[00007fbb1bfaab80] main filter error: Failed to create video converter
[00007fbb1bfaab80] chain filter debug: Trying to use chroma RV32 as middle man
[00007fbadc916ef0] main filter debug: looking for video converter module matching "any": 22 candidates
[00007fbadc916ef0] chain filter debug: Trying to use chroma I420 as middle man
[00007fbadc915270] main filter debug: looking for video converter module matching "any": 22 candidates
[00007fbadc915270] chain filter error: Too high level of recursion (3)
[00007fbadc915270] main filter debug: no video converter modules matched
[00007fbadc916ef0] main filter error: Failed to create video converter
[00007fbadc916ef0] chain filter debug: Trying to use chroma I422 as middle man
[00007fbadc915270] main filter debug: looking for video converter module matching "any": 22 candidates
[00007fbadc915270] chain filter error: Too high level of recursion (3)
[00007fbadc915270] main filter debug: no video converter modules matched
[00007fbadc916ef0] main filter error: Failed to create video converter
[00007fbadc916ef0] chain filter debug: Trying to use chroma I0AL as middle man
[00007fbadc915270] main filter debug: looking for video converter module matching "any": 22 candidates
[00007fbadc915270] chain filter error: Too high level of recursion (3)
[00007fbadc915270] main filter debug: no video converter modules matched
[00007fbadc916ef0] main filter error: Failed to create video converter
[00007fbadc916ef0] chain filter debug: Trying to use chroma I0AB as middle man
[00007fbadc915270] main filter debug: looking for video converter module matching "any": 22 candidates
[00007fbadc915270] chain filter error: Too high level of recursion (3)
[00007fbadc915270] main filter debug: no video converter modules matched
[00007fbadc916ef0] main filter error: Failed to create video converter
[00007fbadc916ef0] chain filter debug: Trying to use chroma I0FL as middle man
[00007fbadc915270] main filter debug: looking for video converter module matching "any": 22 candidates
[00007fbadc915270] chain filter error: Too high level of recursion (3)
[00007fbadc915270] main filter debug: no video converter modules matched
[00007fbadc916ef0] main filter error: Failed to create video converter
[00007fbadc916ef0] chain filter debug: Trying to use chroma RV24 as middle man
[00007fbb1bfb6d30] main filter debug: looking for video converter module matching "any": 22 candidates
[00007fbb1bfb6d30] chain filter error: Too high level of recursion (3)
[00007fbb1bfb6d30] main filter debug: no video converter modules matched
[00007fbadc916ef0] main filter error: Failed to create video converter
[00007fbadc916ef0] chain filter debug: Trying to use chroma BGRA as middle man
[00007fbb1bfb6d30] main filter debug: looking for video converter module matching "any": 22 candidates
[00007fbb1bfb6d30] chain filter error: Too high level of recursion (3)
[00007fbb1bfb6d30] main filter debug: no video converter modules matched
[00007fbadc916ef0] main filter error: Failed to create video converter
[00007fbadc916ef0] main filter debug: no video converter modules matched
[00007fbb1bfaab80] main filter error: Failed to create video converter
[00007fbb1bfaab80] chain filter debug: Trying to use chroma RV24 as middle man
[00007fbb1d1cd820] main filter debug: looking for video converter module matching "any": 22 candidates
[00007fbb1d1cd820] chain filter debug: Trying to use chroma I420 as middle man
[00007fbb1d1cf760] main filter debug: looking for video converter module matching "any": 22 candidates
[00007fbb1d1cf760] chain filter error: Too high level of recursion (3)
[00007fbb1d1cf760] main filter debug: no video converter modules matched
[00007fbb1d1cd820] main filter error: Failed to create video converter
[00007fbb1d1cd820] chain filter debug: Trying to use chroma I422 as middle man
[00007fbb1d1cf760] main filter debug: looking for video converter module matching "any": 22 candidates
[00007fbb1d1cf760] chain filter error: Too high level of recursion (3)
[00007fbb1d1cf760] main filter debug: no video converter modules matched
[00007fbb1d1cd820] main filter error: Failed to create video converter
[00007fbb1d1cd820] chain filter debug: Trying to use chroma I0AL as middle man
[00007fbadc858f20] main filter debug: looking for video converter module matching "any": 22 candidates
[00007fbadc858f20] chain filter error: Too high level of recursion (3)
[00007fbadc858f20] main filter debug: no video converter modules matched
[00007fbb1d1cd820] main filter error: Failed to create video converter
[00007fbb1d1cd820] chain filter debug: Trying to use chroma I0AB as middle man
[00007fbadc858f20] main filter debug: looking for video converter module matching "any": 22 candidates
[00007fbadc858f20] chain filter error: Too high level of recursion (3)
[00007fbadc858f20] main filter debug: no video converter modules matched
[00007fbb1d1cd820] main filter error: Failed to create video converter
[00007fbb1d1cd820] chain filter debug: Trying to use chroma I0FL as middle man
[00007fbadc858f20] main filter debug: looking for video converter module matching "any": 22 candidates
[00007fbadc858f20] chain filter error: Too high level of recursion (3)
[00007fbadc858f20] main filter debug: no video converter modules matched
[00007fbb1d1cd820] main filter error: Failed to create video converter
[00007fbb1d1cd820] chain filter debug: Trying to use chroma RV32 as middle man
[00007fbadc858f20] main filter debug: looking for video converter module matching "any": 22 candidates
[00007fbadc858f20] chain filter error: Too high level of recursion (3)
[00007fbadc858f20] main filter debug: no video converter modules matched
[00007fbb1d1cd820] main filter error: Failed to create video converter
[00007fbb1d1cd820] chain filter debug: Trying to use chroma BGRA as middle man
[00007fbadc858f20] main filter debug: looking for video converter module matching "any": 22 candidates
[00007fbadc858f20] chain filter error: Too high level of recursion (3)
[00007fbadc858f20] main filter debug: no video converter modules matched
[00007fbb1d1cd820] main filter error: Failed to create video converter
[00007fbb1d1cd820] main filter debug: no video converter modules matched
[00007fbb1bfaab80] main filter error: Failed to create video converter
[00007fbb1bfaab80] chain filter debug: Trying to use chroma BGRA as middle man
[00007fbadc858f20] main filter debug: looking for video converter module matching "any": 22 candidates
[00007fbadc858f20] chain filter debug: Trying to use chroma I420 as middle man
[00007fbadc8592d0] main filter debug: looking for video converter module matching "any": 22 candidates
[00007fbadc8592d0] chain filter error: Too high level of recursion (3)
[00007fbadc8592d0] main filter debug: no video converter modules matched
[00007fbadc858f20] main filter error: Failed to create video converter
[00007fbadc858f20] chain filter debug: Trying to use chroma I422 as middle man
[00007fbadc8592d0] main filter debug: looking for video converter module matching "any": 22 candidates
[00007fbadc8592d0] chain filter error: Too high level of recursion (3)
[00007fbadc8592d0] main filter debug: no video converter modules matched
[00007fbadc858f20] main filter error: Failed to create video converter
[00007fbadc858f20] chain filter debug: Trying to use chroma I0AL as middle man
[00007fbadc8592d0] main filter debug: looking for video converter module matching "any": 22 candidates
[00007fbadc8592d0] chain filter error: Too high level of recursion (3)
[00007fbadc8592d0] main filter debug: no video converter modules matched
[00007fbadc858f20] main filter error: Failed to create video converter
[00007fbadc858f20] chain filter debug: Trying to use chroma I0AB as middle man
[00007fbadc8592d0] main filter debug: looking for video converter module matching "any": 22 candidates
[00007fbadc8592d0] chain filter error: Too high level of recursion (3)
[00007fbadc8592d0] main filter debug: no video converter modules matched
[00007fbadc858f20] main filter error: Failed to create video converter
[00007fbadc858f20] chain filter debug: Trying to use chroma I0FL as middle man
[00007fbb1bfb6d30] main filter debug: looking for video converter module matching "any": 22 candidates
[00007fbb1bfb6d30] chain filter error: Too high level of recursion (3)
[00007fbb1bfb6d30] main filter debug: no video converter modules matched
[00007fbadc858f20] main filter error: Failed to create video converter
[00007fbadc858f20] chain filter debug: Trying to use chroma RV32 as middle man
[00007fbb1bfb6d30] main filter debug: looking for video converter module matching "any": 22 candidates
[00007fbb1bfb6d30] chain filter error: Too high level of recursion (3)
[00007fbb1bfb6d30] main filter debug: no video converter modules matched
[00007fbadc858f20] main filter error: Failed to create video converter
[00007fbadc858f20] chain filter debug: Trying to use chroma RV24 as middle man
[00007fbb1bfb6d30] main filter debug: looking for video converter module matching "any": 22 candidates
[00007fbb1bfb6d30] chain filter error: Too high level of recursion (3)
[00007fbb1bfb6d30] main filter debug: no video converter modules matched
[00007fbadc858f20] main filter error: Failed to create video converter
[00007fbadc858f20] main filter debug: no video converter modules matched
[00007fbb1bfaab80] main filter error: Failed to create video converter
[00007fbb1bfaab80] main filter debug: no video converter modules matched
[00007fbb1d2e8940] main vout display error: Failed to create video converter
[00007fbb1d2e8940] main vout display error: Failed to adapt decoder format to display
[00007fbb1d2e8940] main vout display debug: removing module "caopengllayer"
[00007fbb1e0786f0] main video output error: video output creation failed
[00007fbadc83ba70] main spu text debug: removing module "freetype"
[00007fbadc844080] main scale debug: removing module "yuvp"
[00007fbb1bfa7600] main scale debug: removing module "swscale"
[00007fbb1bfa8290] main decoder error: failed to create video output
[00007fbb1bfa8290] avcodec decoder debug: trying format vdpau
[00007fbb1d1cb590] main spu text debug: looking for text renderer module matching "any": 3 candidates
[00007fbb1d1cb590] main spu text debug: using text renderer module "freetype"
[00007fbb1bfa7600] main scale debug: looking for video converter module matching "any": 22 candidates
[00007fbb1bfa7600] swscale scale debug: 32x32 (32x32) chroma: YUVA -> 16x16 (16x16) chroma: RGBA with scaling using Bicubic (good quality)
[00007fbb1bfa7600] main scale debug: using video converter module "swscale"
[00007fbb1bfbaee0] main scale debug: looking for video converter module matching "any": 22 candidates
[00007fbb1bfbaee0] yuvp scale debug: YUVP to YUVA converter
[00007fbb1bfbaee0] main scale debug: using video converter module "yuvp"
[00007fbb1d9a2af0] main video output debug: Deinterlacing available
[00007fbb1d9a2af0] main video output debug: deinterlace -1, mode auto, is_needed 0
[00007fbb1bfba320] main window debug: looking for vout window module matching "any": 1 candidates
[00007fbb1bfba320] macosx window debug: Opening video window
[00007fbb1d21d850] macosx interface debug: toggle playlist from state: removed splitview 0, minimized view 0. Event 2
[00007fbb1d21d850] macosx interface debug: toggle playlist to state: removed splitview 0, minimized view 0
[00007fbb1d21d850] macosx interface debug: toggle playlist from state: removed splitview 0, minimized view 0. Event 2
[00007fbb1d21d850] macosx interface debug: toggle playlist to state: removed splitview 0, minimized view 0
[00007fbb1d21d850] macosx interface debug: returning videoview with proposed position x=0, y=0, width=1920, height=1080
[00007fbb1bfba320] main window debug: using vout window module "macosx"
[00007fbb1d9a2af0] main video output debug: Opening vout display wrapper
[00007fbb1bfbbce0] main vout display debug: looking for vout display module matching "any": 7 candidates
[00007fbb1bfbbce0] main vout display debug: VoutDisplayEvent 'resize' 1920x1080
[00007fbb1bfbbce0] main vout display debug: VoutDisplayEvent 'resize' 0x0
[00007fbb1bfbbce0] main vout display debug: VoutDisplayEvent 'resize' 3360x1866
[00007fbadc8445f0] main generic debug: looking for glconv module matching "any": 1 candidates
[00007fbadc8445f0] main generic debug: no glconv modules matched
[00007fbb1bfbbce0] main vout display debug: VoutDisplayEvent 'resize' 3360x1866
[00007fbb1bfbbce0] main vout display debug: using vout display module "caopengllayer"
[00007fbb1bfbbce0] main vout display debug: A filter to adapt decoder VDV0 to display I420 is needed
[00007fbb1bfc4f10] main filter debug: looking for video converter module matching "any": 22 candidates
[00007fbb1bfc4f10] chain filter debug: Trying to use chroma I422 as middle man
[00007fbb1bfc5520] main filter debug: looking for video converter module matching "any": 22 candidates
[00007fbb1bfc5520] chain filter debug: Trying to use chroma I420 as middle man
[00007fbb1bfc5b30] main filter debug: looking for video converter module matching "any": 22 candidates
[00007fbb1bfc5b30] chain filter error: Too high level of recursion (3)
[00007fbb1bfc5b30] main filter debug: no video converter modules matched
[00007fbb1bfc5520] main filter error: Failed to create video converter
[00007fbb1bfc5520] chain filter debug: Trying to use chroma I0AL as middle man
[00007fbadc917c70] main filter debug: looking for video converter module matching "any": 22 candidates
[00007fbadc917c70] chain filter error: Too high level of recursion (3)
[00007fbadc917c70] main filter debug: no video converter modules matched
[00007fbb1bfc5520] main filter error: Failed to create video converter
[00007fbb1bfc5520] chain filter debug: Trying to use chroma I0AB as middle man
[00007fbadc917c70] main filter debug: looking for video converter module matching "any": 22 candidates
[00007fbadc917c70] chain filter error: Too high level of recursion (3)
[00007fbadc917c70] main filter debug: no video converter modules matched
[00007fbb1bfc5520] main filter error: Failed to create video converter
[00007fbb1bfc5520] chain filter debug: Trying to use chroma I0FL as middle man
[00007fbadc917c70] main filter debug: looking for video converter module matching "any": 22 candidates
[00007fbadc917c70] chain filter error: Too high level of recursion (3)
[00007fbadc917c70] main filter debug: no video converter modules matched
[00007fbb1bfc5520] main filter error: Failed to create video converter
[00007fbb1bfc5520] chain filter debug: Trying to use chroma RV32 as middle man
[00007fbb1d3053f0] main filter debug: looking for video converter module matching "any": 22 candidates
[00007fbb1d3053f0] chain filter error: Too high level of recursion (3)
[00007fbb1d3053f0] main filter debug: no video converter modules matched
[00007fbb1bfc5520] main filter error: Failed to create video converter
[00007fbb1bfc5520] chain filter debug: Trying to use chroma RV24 as middle man
[00007fbadc917c70] main filter debug: looking for video converter module matching "any": 22 candidates
[00007fbadc917c70] chain filter error: Too high level of recursion (3)
[00007fbadc917c70] main filter debug: no video converter modules matched
[00007fbb1bfc5520] main filter error: Failed to create video converter
[00007fbb1bfc5520] chain filter debug: Trying to use chroma BGRA as middle man
[00007fbadc917c70] main filter debug: looking for video converter module matching "any": 22 candidates
[00007fbadc917c70] chain filter error: Too high level of recursion (3)
[00007fbadc917c70] main filter debug: no video converter modules matched
[00007fbb1bfc5520] main filter error: Failed to create video converter
[00007fbb1bfc5520] main filter debug: no video converter modules matched
[00007fbb1bfc4f10] main filter error: Failed to create video converter
[00007fbb1bfc4f10] chain filter debug: Trying to use chroma I0AL as middle man
[00007fbadc917c70] main filter debug: looking for video converter module matching "any": 22 candidates
[00007fbadc917c70] chain filter debug: Trying to use chroma I0AB as middle man
[00007fbadc918020] main filter debug: looking for video converter module matching "any": 22 candidates
[00007fbadc918020] chain filter error: Too high level of recursion (3)
[00007fbadc918020] main filter debug: no video converter modules matched
[00007fbadc917c70] main filter error: Failed to create video converter
[00007fbadc917c70] chain filter debug: Trying to use chroma I0FL as middle man
[00007fbadc918020] main filter debug: looking for video converter module matching "any": 22 candidates
[00007fbadc918020] chain filter error: Too high level of recursion (3)
[00007fbadc918020] main filter debug: no video converter modules matched
[00007fbadc917c70] main filter error: Failed to create video converter
[00007fbadc917c70] chain filter debug: Trying to use chroma I420 as middle man
[00007fbadc918020] main filter debug: looking for video converter module matching "any": 22 candidates
[00007fbadc918020] chain filter error: Too high level of recursion (3)
[00007fbadc918020] main filter debug: no video converter modules matched
[00007fbadc917c70] main filter error: Failed to create video converter
[00007fbadc917c70] chain filter debug: Trying to use chroma I422 as middle man
[00007fbb1d1cc9f0] main filter debug: looking for video converter module matching "any": 22 candidates
[00007fbb1d1cc9f0] chain filter error: Too high level of recursion (3)
[00007fbb1d1cc9f0] main filter debug: no video converter modules matched
[00007fbadc917c70] main filter error: Failed to create video converter
[00007fbadc917c70] chain filter debug: Trying to use chroma RV32 as middle man
[00007fbb1d1cc9f0] main filter debug: looking for video converter module matching "any": 22 candidates
[00007fbb1d1cc9f0] chain filter error: Too high level of recursion (3)
[00007fbb1d1cc9f0] main filter debug: no video converter modules matched
[00007fbadc917c70] main filter error: Failed to create video converter
[00007fbadc917c70] chain filter debug: Trying to use chroma RV24 as middle man
[00007fbb1d1cc9f0] main filter debug: looking for video converter module matching "any": 22 candidates
[00007fbb1d1cc9f0] chain filter error: Too high level of recursion (3)
[00007fbb1d1cc9f0] main filter debug: no video converter modules matched
[00007fbadc917c70] main filter error: Failed to create video converter
[00007fbadc917c70] chain filter debug: Trying to use chroma BGRA as middle man
[00007fbb1d1cc9f0] main filter debug: looking for video converter module matching "any": 22 candidates
[00007fbb1d1cc9f0] chain filter error: Too high level of recursion (3)
[00007fbb1d1cc9f0] main filter debug: no video converter modules matched
[00007fbadc917c70] main filter error: Failed to create video converter
[00007fbadc917c70] main filter debug: no video converter modules matched
[00007fbb1bfc4f10] main filter error: Failed to create video converter
[00007fbb1bfc4f10] chain filter debug: Trying to use chroma I0AB as middle man
[00007fbb1d1cc9f0] main filter debug: looking for video converter module matching "any": 22 candidates
[00007fbb1d1cc9f0] chain filter debug: Trying to use chroma I0AL as middle man
[00007fbb1d1cd000] main filter debug: looking for video converter module matching "any": 22 candidates
[00007fbb1d1cd000] chain filter error: Too high level of recursion (3)
[00007fbb1d1cd000] main filter debug: no video converter modules matched
[00007fbb1d1cc9f0] main filter error: Failed to create video converter
[00007fbb1d1cc9f0] chain filter debug: Trying to use chroma I0FL as middle man
[00007fbb1d1cd000] main filter debug: looking for video converter module matching "any": 22 candidates
[00007fbb1d1cd000] chain filter error: Too high level of recursion (3)
[00007fbb1d1cd000] main filter debug: no video converter modules matched
[00007fbb1d1cc9f0] main filter error: Failed to create video converter
[00007fbb1d1cc9f0] chain filter debug: Trying to use chroma I420 as middle man
[00007fbadc917c70] main filter debug: looking for video converter module matching "any": 22 candidates
[00007fbadc917c70] chain filter error: Too high level of recursion (3)
[00007fbadc917c70] main filter debug: no video converter modules matched
[00007fbb1d1cc9f0] main filter error: Failed to create video converter
[00007fbb1d1cc9f0] chain filter debug: Trying to use chroma I422 as middle man
[00007fbadc917c70] main filter debug: looking for video converter module matching "any": 22 candidates
[00007fbadc917c70] chain filter error: Too high level of recursion (3)
[00007fbadc917c70] main filter debug: no video converter modules matched
[00007fbb1d1cc9f0] main filter error: Failed to create video converter
[00007fbb1d1cc9f0] chain filter debug: Trying to use chroma RV32 as middle man
[00007fbadc917c70] main filter debug: looking for video converter module matching "any": 22 candidates
[00007fbadc917c70] chain filter error: Too high level of recursion (3)
[00007fbadc917c70] main filter debug: no video converter modules matched
[00007fbb1d1cc9f0] main filter error: Failed to create video converter
[00007fbb1d1cc9f0] chain filter debug: Trying to use chroma RV24 as middle man
[00007fbadc917c70] main filter debug: looking for video converter module matching "any": 22 candidates
[00007fbadc917c70] chain filter error: Too high level of recursion (3)
[00007fbadc917c70] main filter debug: no video converter modules matched
[00007fbb1d1cc9f0] main filter error: Failed to create video converter
[00007fbb1d1cc9f0] chain filter debug: Trying to use chroma BGRA as middle man
[00007fbadc917c70] main filter debug: looking for video converter module matching "any": 22 candidates
[00007fbadc917c70] chain filter error: Too high level of recursion (3)
[00007fbadc917c70] main filter debug: no video converter modules matched
[00007fbb1d1cc9f0] main filter error: Failed to create video converter
[00007fbb1d1cc9f0] main filter debug: no video converter modules matched
[00007fbb1bfc4f10] main filter error: Failed to create video converter
[00007fbb1bfc4f10] chain filter debug: Trying to use chroma I0FL as middle man
[00007fbadc917c70] main filter debug: looking for video converter module matching "any": 22 candidates
[00007fbadc917c70] chain filter debug: Trying to use chroma I0AL as middle man
[00007fbadc918020] main filter debug: looking for video converter module matching "any": 22 candidates
[00007fbadc918020] chain filter error: Too high level of recursion (3)
[00007fbadc918020] main filter debug: no video converter modules matched
[00007fbadc917c70] main filter error: Failed to create video converter
[00007fbadc917c70] chain filter debug: Trying to use chroma I0AB as middle man
[00007fbadc83cc60] main filter debug: looking for video converter module matching "any": 22 candidates
[00007fbadc83cc60] chain filter error: Too high level of recursion (3)
[00007fbadc83cc60] main filter debug: no video converter modules matched
[00007fbadc917c70] main filter error: Failed to create video converter
[00007fbadc917c70] chain filter debug: Trying to use chroma I420 as middle man
[00007fbadc83cc60] main filter debug: looking for video converter module matching "any": 22 candidates
[00007fbadc83cc60] chain filter error: Too high level of recursion (3)
[00007fbadc83cc60] main filter debug: no video converter modules matched
[00007fbadc917c70] main filter error: Failed to create video converter
[00007fbadc917c70] chain filter debug: Trying to use chroma I422 as middle man
[00007fbadc83cc60] main filter debug: looking for video converter module matching "any": 22 candidates
[00007fbadc83cc60] chain filter error: Too high level of recursion (3)
[00007fbadc83cc60] main filter debug: no video converter modules matched
[00007fbadc917c70] main filter error: Failed to create video converter
[00007fbadc917c70] chain filter debug: Trying to use chroma RV32 as middle man
[00007fbadc83cc60] main filter debug: looking for video converter module matching "any": 22 candidates
[00007fbadc83cc60] chain filter error: Too high level of recursion (3)
[00007fbadc83cc60] main filter debug: no video converter modules matched
[00007fbadc917c70] main filter error: Failed to create video converter
[00007fbadc917c70] chain filter debug: Trying to use chroma RV24 as middle man
[00007fbadc83cc60] main filter debug: looking for video converter module matching "any": 22 candidates
[00007fbadc83cc60] chain filter error: Too high level of recursion (3)
[00007fbadc83cc60] main filter debug: no video converter modules matched
[00007fbadc917c70] main filter error: Failed to create video converter
[00007fbadc917c70] chain filter debug: Trying to use chroma BGRA as middle man
[00007fbb1d1cc9f0] main filter debug: looking for video converter module matching "any": 22 candidates
[00007fbb1d1cc9f0] chain filter error: Too high level of recursion (3)
[00007fbb1d1cc9f0] main filter debug: no video converter modules matched
[00007fbadc917c70] main filter error: Failed to create video converter
[00007fbadc917c70] main filter debug: no video converter modules matched
[00007fbb1bfc4f10] main filter error: Failed to create video converter
[00007fbb1bfc4f10] chain filter debug: Trying to use chroma RV32 as middle man
[00007fbb1d1cc9f0] main filter debug: looking for video converter module matching "any": 22 candidates
[00007fbb1d1cc9f0] chain filter debug: Trying to use chroma I420 as middle man
[00007fbb1d1cd000] main filter debug: looking for video converter module matching "any": 22 candidates
[00007fbb1d1cd000] chain filter error: Too high level of recursion (3)
[00007fbb1d1cd000] main filter debug: no video converter modules matched
[00007fbb1d1cc9f0] main filter error: Failed to create video converter
[00007fbb1d1cc9f0] chain filter debug: Trying to use chroma I422 as middle man
[00007fbadc917c70] main filter debug: looking for video converter module matching "any": 22 candidates
[00007fbadc917c70] chain filter error: Too high level of recursion (3)
[00007fbadc917c70] main filter debug: no video converter modules matched
[00007fbb1d1cc9f0] main filter error: Failed to create video converter
[00007fbb1d1cc9f0] chain filter debug: Trying to use chroma I0AL as middle man
[00007fbb1d1cd000] main filter debug: looking for video converter module matching "any": 22 candidates
[00007fbb1d1cd000] chain filter error: Too high level of recursion (3)
[00007fbb1d1cd000] main filter debug: no video converter modules matched
[00007fbb1d1cc9f0] main filter error: Failed to create video converter
[00007fbb1d1cc9f0] chain filter debug: Trying to use chroma I0AB as middle man
[00007fbb1d1cd000] main filter debug: looking for video converter module matching "any": 22 candidates
[00007fbb1d1cd000] chain filter error: Too high level of recursion (3)
[00007fbb1d1cd000] main filter debug: no video converter modules matched
[00007fbb1d1cc9f0] main filter error: Failed to create video converter
[00007fbb1d1cc9f0] chain filter debug: Trying to use chroma I0FL as middle man
[00007fbb1d1cd000] main filter debug: looking for video converter module matching "any": 22 candidates
[00007fbb1d1cd000] chain filter error: Too high level of recursion (3)
[00007fbb1d1cd000] main filter debug: no video converter modules matched
[00007fbb1d1cc9f0] main filter error: Failed to create video converter
[00007fbb1d1cc9f0] chain filter debug: Trying to use chroma RV24 as middle man
[00007fbb1d1cd000] main filter debug: looking for video converter module matching "any": 22 candidates
[00007fbb1d1cd000] chain filter error: Too high level of recursion (3)
[00007fbb1d1cd000] main filter debug: no video converter modules matched
[00007fbb1d1cc9f0] main filter error: Failed to create video converter
[00007fbb1d1cc9f0] chain filter debug: Trying to use chroma BGRA as middle man
[00007fbadc83cc60] main filter debug: looking for video converter module matching "any": 22 candidates
[00007fbadc83cc60] chain filter error: Too high level of recursion (3)
[00007fbadc83cc60] main filter debug: no video converter modules matched
[00007fbb1d1cc9f0] main filter error: Failed to create video converter
[00007fbb1d1cc9f0] main filter debug: no video converter modules matched
[00007fbb1bfc4f10] main filter error: Failed to create video converter
[00007fbb1bfc4f10] chain filter debug: Trying to use chroma RV24 as middle man
[00007fbb1d1cc9f0] main filter debug: looking for video converter module matching "any": 22 candidates
[00007fbb1d1cc9f0] chain filter debug: Trying to use chroma I420 as middle man
[00007fbb1d1cd000] main filter debug: looking for video converter module matching "any": 22 candidates
[00007fbb1d1cd000] chain filter error: Too high level of recursion (3)
[00007fbb1d1cd000] main filter debug: no video converter modules matched
[00007fbb1d1cc9f0] main filter error: Failed to create video converter
[00007fbb1d1cc9f0] chain filter debug: Trying to use chroma I422 as middle man
[00007fbb1d1cd000] main filter debug: looking for video converter module matching "any": 22 candidates
[00007fbb1d1cd000] chain filter error: Too high level of recursion (3)
[00007fbb1d1cd000] main filter debug: no video converter modules matched
[00007fbb1d1cc9f0] main filter error: Failed to create video converter
[00007fbb1d1cc9f0] chain filter debug: Trying to use chroma I0AL as middle man
[00007fbb1d1cd000] main filter debug: looking for video converter module matching "any": 22 candidates
[00007fbb1d1cd000] chain filter error: Too high level of recursion (3)
[00007fbb1d1cd000] main filter debug: no video converter modules matched
[00007fbb1d1cc9f0] main filter error: Failed to create video converter
[00007fbb1d1cc9f0] chain filter debug: Trying to use chroma I0AB as middle man
[00007fbb1d1cd000] main filter debug: looking for video converter module matching "any": 22 candidates
[00007fbb1d1cd000] chain filter error: Too high level of recursion (3)
[00007fbb1d1cd000] main filter debug: no video converter modules matched
[00007fbb1d1cc9f0] main filter error: Failed to create video converter
[00007fbb1d1cc9f0] chain filter debug: Trying to use chroma I0FL as middle man
[00007fbb1d1cd000] main filter debug: looking for video converter module matching "any": 22 candidates
[00007fbb1d1cd000] chain filter error: Too high level of recursion (3)
[00007fbb1d1cd000] main filter debug: no video converter modules matched
[00007fbb1d1cc9f0] main filter error: Failed to create video converter
[00007fbb1d1cc9f0] chain filter debug: Trying to use chroma RV32 as middle man
[00007fbb1d1cd000] main filter debug: looking for video converter module matching "any": 22 candidates
[00007fbb1d1cd000] chain filter error: Too high level of recursion (3)
[00007fbb1d1cd000] main filter debug: no video converter modules matched
[00007fbb1d1cc9f0] main filter error: Failed to create video converter
[00007fbb1d1cc9f0] chain filter debug: Trying to use chroma BGRA as middle man
[00007fbb1d1cd000] main filter debug: looking for video converter module matching "any": 22 candidates
[00007fbb1d1cd000] chain filter error: Too high level of recursion (3)
[00007fbb1d1cd000] main filter debug: no video converter modules matched
[00007fbb1d1cc9f0] main filter error: Failed to create video converter
[00007fbb1d1cc9f0] main filter debug: no video converter modules matched
[00007fbb1bfc4f10] main filter error: Failed to create video converter
[00007fbb1bfc4f10] chain filter debug: Trying to use chroma BGRA as middle man
[00007fbb1d1cc9f0] main filter debug: looking for video converter module matching "any": 22 candidates
[00007fbb1d1cc9f0] chain filter debug: Trying to use chroma I420 as middle man
[00007fbb1d1cd000] main filter debug: looking for video converter module matching "any": 22 candidates
[00007fbb1d1cd000] chain filter error: Too high level of recursion (3)
[00007fbb1d1cd000] main filter debug: no video converter modules matched
[00007fbb1d1cc9f0] main filter error: Failed to create video converter
[00007fbb1d1cc9f0] chain filter debug: Trying to use chroma I422 as middle man
[00007fbb1d1cd000] main filter debug: looking for video converter module matching "any": 22 candidates
[00007fbb1d1cd000] chain filter error: Too high level of recursion (3)
[00007fbb1d1cd000] main filter debug: no video converter modules matched
[00007fbb1d1cc9f0] main filter error: Failed to create video converter
[00007fbb1d1cc9f0] chain filter debug: Trying to use chroma I0AL as middle man
[00007fbb1d1cd000] main filter debug: looking for video converter module matching "any": 22 candidates
[00007fbb1d1cd000] chain filter error: Too high level of recursion (3)
[00007fbb1d1cd000] main filter debug: no video converter modules matched
[00007fbb1d1cc9f0] main filter error: Failed to create video converter
[00007fbb1d1cc9f0] chain filter debug: Trying to use chroma I0AB as middle man
[00007fbb1d1cd000] main filter debug: looking for video converter module matching "any": 22 candidates
[00007fbb1d1cd000] chain filter error: Too high level of recursion (3)
[00007fbb1d1cd000] main filter debug: no video converter modules matched
[00007fbb1d1cc9f0] main filter error: Failed to create video converter
[00007fbb1d1cc9f0] chain filter debug: Trying to use chroma I0FL as middle man
[00007fbb1d1cd000] main filter debug: looking for video converter module matching "any": 22 candidates
[00007fbb1d1cd000] chain filter error: Too high level of recursion (3)
[00007fbb1d1cd000] main filter debug: no video converter modules matched
[00007fbb1d1cc9f0] main filter error: Failed to create video converter
[00007fbb1d1cc9f0] chain filter debug: Trying to use chroma RV32 as middle man
[00007fbb1d1cd000] main filter debug: looking for video converter module matching "any": 22 candidates
[00007fbb1d1cd000] chain filter error: Too high level of recursion (3)
[00007fbb1d1cd000] main filter debug: no video converter modules matched
[00007fbb1d1cc9f0] main filter error: Failed to create video converter
[00007fbb1d1cc9f0] chain filter debug: Trying to use chroma RV24 as middle man
[00007fbb1d1cd000] main filter debug: looking for video converter module matching "any": 22 candidates
[00007fbb1d1cd000] chain filter error: Too high level of recursion (3)
[00007fbb1d1cd000] main filter debug: no video converter modules matched
[00007fbb1d1cc9f0] main filter error: Failed to create video converter
[00007fbb1d1cc9f0] main filter debug: no video converter modules matched
[00007fbb1bfc4f10] main filter error: Failed to create video converter
[00007fbb1bfc4f10] main filter debug: no video converter modules matched
[00007fbb1bfbbce0] main vout display error: Failed to create video converter
[00007fbb1bfbbce0] main vout display error: Failed to adapt decoder format to display
[00007fbb1bfbbce0] main vout display debug: removing module "caopengllayer"
[00007fbb1d9a2af0] main video output error: video output creation failed
[00007fbb1d1cb590] main spu text debug: removing module "freetype"
[00007fbb1bfbaee0] main scale debug: removing module "yuvp"
[00007fbb1bfa7600] main scale debug: removing module "swscale"
[00007fbb1bfa8290] main decoder error: failed to create video output
[00007fbb1d21d850] macosx interface debug: toggle playlist from state: removed splitview 0, minimized view 0. Event 2
[00007fbb1d21d850] macosx interface debug: toggle playlist to state: removed splitview 0, minimized view 0
[00007fbb1bfa8290] dav1d decoder debug: Using dav1d version 1.3.0 with 8 threads
[00007fbb1bfa8290] main decoder debug: using video decoder module "dav1d"
[00007fbadc9179c0] main decoder debug: looking for audio decoder module matching "any": 21 candidates
[00007fbadc9179c0] main decoder debug: using audio decoder module "opus"
[00007fbb1d049e80] main demux meta debug: looking for meta reader module matching "any": 2 candidates
[00007fbb1d049e80] lua demux meta debug: Trying Lua scripts in /Users/apple/Library/Application Support/org.videolan.vlc/lua/meta/reader
[00007fbb1d049e80] lua demux meta debug: Trying Lua scripts in /Applications/VLC.app/Contents/MacOS/lua/meta/reader
[00007fbb1d049e80] lua demux meta debug: Trying Lua scripts in /Applications/VLC.app/Contents/MacOS/share/lua/meta/reader
[00007fbb1d049e80] lua demux meta debug: Trying Lua playlist script /Applications/VLC.app/Contents/MacOS/share/lua/meta/reader/filename.luac
[00007fbb1d049e80] main demux meta debug: no meta reader modules matched
[00007fbb0e8640f0] main input debug: `file:///Users/apple/Downloads/%E3%80%90%E5%B9%BD%E2%98%86%E9%81%8A%E2%98%86%E7%99%BD%E6%9B%B8%E3%80%91%E3%82%82%E3%81%97%E3%82%82%E3%80%8C%E3%81%95%E3%82%88%E3%81%AA%E3%82%89bye%20bye%E3%80%8D%E3%81%8C%E3%83%89%E3%83%A9%E3%83%A0%E3%83%B3%E3%83%99%E3%83%BC%E3%82%B9%E3%81%A0%E3%81%A3%E3%81%9F%E3%82%89%EF%BC%9F%E7%96%BE%E8%B5%B0%E6%84%9F%E3%81%A8%E5%88%87%E3%81%AA%E3%81%95%E3%81%8C%E6%BA%B6%E3%81%91%E5%90%88%E3%81%86Liquid%20Funk%F0%9F%92%AB%20%5BpMcO0IWMfk4%5D.webm' successfully opened
[00007fbb0e8640f0] main input debug: Buffering 0%
[00007fbadc9179c0] opus decoder debug: Opus audio with 2 channels
[00007fbb1bf076f0] main playlist debug: 2026-09-26 11:29:42.948 VLC[38608:10477119] Can't find app with identifier com.apple.iTunes
reusing audio output
[00007fbb1d008340] main audio output debug: VLC is looking for: 'f32l' 48000 Hz Stereo frame=1 samples/8 bytes
[00007fbb1d008340] auhal audio output debug: attempting to use device 0
[00007fbb1d008340] auhal audio output debug: using default audio device 103
[00007fbb0e8640f0] main input debug: Buffering 4%
[00007fbb0e8640f0] main input debug: Buffering 8%
[00007fbb0e8640f0] main input debug: Buffering 12%
[00007fbb1bf42180] main spu text debug: looking for text renderer module matching "any": 3 candidates
[00007fbb0e8640f0] main input debug: Buffering 13%
[00007fbb1d008340] auhal audio output debug: Current device has a latency of 1520 us
[00007fbb0e8640f0] main input debug: Buffering 16%
[00007fbb0e8640f0] main input debug: Buffering 17%
[00007fbb0e8640f0] main input debug: Buffering 20%
[00007fbb0e8640f0] main input debug: Buffering 21%
[00007fbb0e8640f0] main input debug: Buffering 24%
[00007fbb0e8640f0] main input debug: Buffering 25%
[00007fbb0e8640f0] main input debug: Buffering 28%
[00007fbb0e8640f0] main input debug: Buffering 29%
[00007fbb0e8640f0] main input debug: Buffering 32%
[00007fbb0e8640f0] main input debug: Buffering 34%
[00007fbb0e8640f0] main input debug: Buffering 38%
[00007fbb0e8640f0] main input debug: Buffering 42%
[00007fbb0e8640f0] main input debug: Buffering 46%
[00007fbb0e8640f0] main input debug: Buffering 50%
[00007fbb0e8640f0] main input debug: Buffering 54%
[00007fbb0e8640f0] main input debug: Buffering 58%
[00007fbb0e8640f0] main input debug: Buffering 59%
[00007fbb0e8640f0] main input debug: Buffering 62%
[00007fbb0e8640f0] main input debug: Buffering 63%
[00007fbb0e8640f0] main input debug: Buffering 66%
[00007fbb0e8640f0] main input debug: Buffering 67%
[00007fbb0e8640f0] main input debug: Buffering 70%
[00007fbb0e8640f0] main input debug: Buffering 71%
[00007fbb0e8640f0] main input debug: Buffering 74%
[00007fbb0e8640f0] main input debug: Buffering 75%
[00007fbb0e8640f0] main input debug: Buffering 78%
[00007fbb0e8640f0] main input debug: Buffering 79%
[00007fbb0e8640f0] main input debug: Buffering 82%
[00007fbb0e8640f0] main input debug: Buffering 84%
[00007fbb0e8640f0] main input debug: Buffering 88%
[00007fbb0e8640f0] main input debug: Buffering 92%
[00007fbb0e8640f0] main input debug: Buffering 96%
[00007fbb0e8640f0] main input debug: Stream buffering done (1001 ms in 2 ms)
[00007fbb1bf42180] main spu text debug: using text renderer module "freetype"
[00007fbb1d1cd270] main scale debug: looking for video converter module matching "any": 22 candidates
[00007fbb1d1cd270] swscale scale debug: 32x32 (32x32) chroma: YUVA -> 16x16 (16x16) chroma: RGBA with scaling using Bicubic (good quality)
[00007fbb1d1cd270] main scale debug: using video converter module "swscale"
[00007fbadc91f2f0] main scale debug: looking for video converter module matching "any": 22 candidates
[00007fbadc91f2f0] yuvp scale debug: YUVP to YUVA converter
[00007fbadc91f2f0] main scale debug: using video converter module "yuvp"
[00007fbb1c17baf0] main video output debug: Deinterlacing available
[00007fbb1c17baf0] main video output debug: deinterlace -1, mode auto, is_needed 0
[00007fbb1bfa98a0] main window debug: looking for vout window module matching "any": 1 candidates
[00007fbb1bfa98a0] macosx window debug: Opening video window
[00007fbb1d008340] auhal audio output debug: output layout of AUHAL is Stereo
[00007fbb1d008340] auhal audio output debug: VLC will output: Stereo
[00007fbb1d008340] auhal audio output debug: Current AU format: [48000.000000][mcpl][9][8][1][8][2][32]
[00007fbb1d008340] auhal audio output debug: analog output successfully opened
[00007fbb1d008340] main audio output debug: output 'f32l' 48000 Hz Stereo frame=1 samples/8 bytes
[00007fbb1bfb6010] main volume debug: looking for audio volume module matching "any": 2 candidates
[00007fbb1bfb6010] main volume debug: using audio volume module "float_mixer"
[00007fbb1d008340] main audio output debug: input 'f32l' 48000 Hz Stereo frame=1 samples/8 bytes
[00007fbadc841b00] main audio filter debug: looking for audio filter module matching "scaletempo": 16 candidates
[00007fbadc841b00] scaletempo audio filter debug: format: 48000 rate, 2 nch, 4 bps, fl32
[00007fbadc841b00] scaletempo audio filter debug: params: 30 stride, 0.200 overlap, 14 search
[00007fbadc841b00] scaletempo audio filter debug: 1.000 scale, 1440.000 stride_in, 1440 stride_out, 1152 standing, 288 overlap, 672 search, 2400 queue, fl32 mode
[00007fbadc841b00] main audio filter debug: using audio filter module "scaletempo"
[00007fbb1d008340] main audio output debug: conversion: 'f32l'->'f32l' 48000 Hz->48000 Hz Stereo->Stereo
[00007fbb1d008340] main audio output debug: conversion pipeline complete
[00007fbb1d008340] main audio output debug: conversion: 'f32l'->'f32l' 48000 Hz->48000 Hz Stereo->Stereo
[00007fbb1d008340] main audio output debug: conversion pipeline complete
[00007fbb1bfae0f0] main audio resampler debug: looking for audio resampler module matching "any": 3 candidates
[00007fbb1bfae0f0] main audio resampler debug: using audio resampler module "samplerate"
[00007fbb1d21d850] macosx interface debug: Activated assertion NoIdleSleepAssertion through IOKit (39496)
2026-09-26 11:29:43.100 VLC[38608:10477119] Can't find app with identifier com.apple.iTunes
[00007fbb1d21d850] macosx interface debug: Releasing old IOKit other assertion (39496)
[00007fbb1d21d850] macosx interface debug: Activated assertion NoDisplaySleepAssertion through IOKit (39498)
[00007fbb1d21d850] macosx interface debug: toggle playlist from state: removed splitview 0, minimized view 0. Event 2
[00007fbb1d21d850] macosx interface debug: toggle playlist to state: removed splitview 0, minimized view 0
[00007fbb1d21d850] macosx interface debug: returning videoview with proposed position x=0, y=0, width=1920, height=1080
[00007fbb1bfa98a0] main window debug: using vout window module "macosx"
[00007fbb1c17baf0] main video output debug: Opening vout display wrapper
[00007fbadc843950] main vout display debug: looking for vout display module matching "any": 7 candidates
[00007fbadc843950] main vout display debug: VoutDisplayEvent 'resize' 1920x1080
[00007fbadc843950] main vout display debug: VoutDisplayEvent 'resize' 0x0
[00007fbadc843950] main vout display debug: VoutDisplayEvent 'resize' 3360x1866
[00007fbadc843950] main vout display debug: using vout display module "caopengllayer"
[00007fbb1c17baf0] main video output debug: original format sz 1920x1152, of (0,0), vsz 1920x1080, 4cc I420, sar 1:1, msk r0x0 g0x0 b0x0
[00007fbb1bf42180] main spu text debug: removing module "freetype"
[00007fbb1bf42180] main spu text debug: looking for text renderer module matching "any": 3 candidates
[00007fbb1bf42180] main spu text debug: using text renderer module "freetype"
[00007fbadc843950] main vout display debug: VoutDisplayEvent 'resize' 3360x1866
[00007fbb1bfa8290] main decoder debug: Received first picture
[00007fbb0e8640f0] main input debug: Decoder wait done in 291 ms
[00007fbb1c17baf0] main video output debug: picture might be displayed late (missing 10 ms)
[00007fbb1c17baf0] main video output debug: picture might be displayed late (missing 6 ms)
[00007fbb1c17baf0] main video output debug: picture might be displayed late (missing 17 ms)
[00007fbb1c17baf0] main video output debug: picture might be displayed late (missing 16 ms)
[00007fbb1c17baf0] main video output debug: picture might be displayed late (missing 20 ms)
[00007fbb1c17baf0] main video output debug: picture might be displayed late (missing 2 ms)
[00007fbadc843950] main vout display debug: auto hiding mouse cursor
[00007fbb1c17baf0] main video output debug: picture might be displayed late (missing 1 ms)
[00007fbadc843950] main vout display debug: VoutDisplayEvent 'resize' 1680x933
[00007fbadc843950] main vout display debug: auto hiding mouse cursor
[00007fbb1d21d850] macosx interface debug: Starting renderer discovery service Bonjour_renderer
[00007fbb1d1767d0] main renderer discovery debug: looking for renderer_discovery module matching "Bonjour_renderer": 1 candidates
[00007fbb1d1767d0] bonjour renderer discovery: starting discovery
[00007fbb1d1767d0] bonjour renderer discovery debug: ftp does not match current discovery mode, skipping
[00007fbb1d1767d0] bonjour renderer discovery debug: smb does not match current discovery mode, skipping
[00007fbb1d1767d0] bonjour renderer discovery debug: nfs does not match current discovery mode, skipping
[00007fbb1d1767d0] bonjour renderer discovery debug: sftp does not match current discovery mode, skipping
[00007fbb1d1767d0] bonjour renderer discovery debug: starting discovery for type _googlecast._tcp.
[00007fbb1d1767d0] main renderer discovery debug: using renderer_discovery module "bonjour"
[00007fbadc843950] main vout display debug: auto hiding mouse cursor
[00007fbb1d21d850] macosx interface debug: activating or triggering extension 'Advanced A-B Looper', id 0
[00007fbb1d15d750] lua generic debug: Activating extension 'Advanced A-B Looper'
[00007fbb1d15d750] lua generic debug: Creating dialog 'Advanced A-B Looper'
[00007fbb1c17baf0] main video output warning: picture is too late to be displayed (missing 22 ms)
[00007fbadc843950] main vout display debug: auto hiding mouse cursor
[00007fbb1d15d750] lua generic debug: Clicking '/Users/apple/Library/Application Support/org.videolan.vlc/lua/extensions/advanced_ab_looper.lua': 'Refresh'
[00007fbb1d15d750] lua generic debug: Clicking '/Users/apple/Library/Application Support/org.videolan.vlc/lua/extensions/advanced_ab_looper.lua': 'Current -> A'
[00007fbb1d15d750] lua generic debug: Clicking '/Users/apple/Library/Application Support/org.videolan.vlc/lua/extensions/advanced_ab_looper.lua': 'Current -> B'
[00007fbb1d15d750] lua generic debug: Clicking '/Users/apple/Library/Application Support/org.videolan.vlc/lua/extensions/advanced_ab_looper.lua': 'LOOP ON'
[00007fbb1d15d750] lua generic debug: Clicking '/Users/apple/Library/Application Support/org.videolan.vlc/lua/extensions/advanced_ab_looper.lua': 'LOOP ON'
[00007fbb1d15d750] lua generic debug: Clicking '/Users/apple/Library/Application Support/org.videolan.vlc/lua/extensions/advanced_ab_looper.lua': 'LOOP ON'
[00007fbb1d1767d0] main renderer discovery debug: removing module "bonjour"
[00007fbb1d1767d0] bonjour renderer discovery: stopped discovery
[00007fbb1d15d750] lua generic debug: Clicking '/Users/apple/Library/Application Support/org.videolan.vlc/lua/extensions/advanced_ab_looper.lua': 'Add'
[00007fbb1d15d750] lua generic debug: Clicking '/Users/apple/Library/Application Support/org.videolan.vlc/lua/extensions/advanced_ab_looper.lua': 'LOOP ON'
[00007fbb1d15d750] lua generic debug: Clicking '/Users/apple/Library/Application Support/org.videolan.vlc/lua/extensions/advanced_ab_looper.lua': 'LOOP ON'
[00007fbb1d15d750] lua generic debug: Clicking '/Users/apple/Library/Application Support/org.videolan.vlc/lua/extensions/advanced_ab_looper.lua': 'LOOP ON'
[00007fbb1d15d750] lua generic debug: Clicking '/Users/apple/Library/Application Support/org.videolan.vlc/lua/extensions/advanced_ab_looper.lua': 'LOOP ON'
[00007fbb1d15d750] lua generic debug: Clicking '/Users/apple/Library/Application Support/org.videolan.vlc/lua/extensions/advanced_ab_looper.lua': 'LOOP ON'
[00007fbb1d15d750] lua generic debug: Clicking '/Users/apple/Library/Application Support/org.videolan.vlc/lua/extensions/advanced_ab_looper.lua': 'LOOP ON'
[00007fbb1d15d750] lua generic debug: Clicking '/Users/apple/Library/Application Support/org.videolan.vlc/lua/extensions/advanced_ab_looper.lua': 'LOOP ON'
[00007fbb1d15d750] lua generic debug: Clicking '/Users/apple/Library/Application Support/org.videolan.vlc/lua/extensions/advanced_ab_looper.lua': 'LOOP ON'
[00007fbb1d15d750] lua generic debug: Clicking '/Users/apple/Library/Application Support/org.videolan.vlc/lua/extensions/advanced_ab_looper.lua': 'LOOP ON'
[00007fbb1d15d750] lua generic debug: Clicking '/Users/apple/Library/Application Support/org.videolan.vlc/lua/extensions/advanced_ab_looper.lua': 'LOOP ON'
[00007fbb1d15d750] lua generic debug: Clicking '/Users/apple/Library/Application Support/org.videolan.vlc/lua/extensions/advanced_ab_looper.lua': 'LOOP ON'
[00007fbb1d15d750] lua generic debug: Clicking '/Users/apple/Library/Application Support/org.videolan.vlc/lua/extensions/advanced_ab_looper.lua': 'Current -> A'
[00007fbb1d15d750] lua generic debug: Clicking '/Users/apple/Library/Application Support/org.videolan.vlc/lua/extensions/advanced_ab_looper.lua': 'Current -> B'
[00007fbb1d15d750] lua generic debug: Clicking '/Users/apple/Library/Application Support/org.videolan.vlc/lua/extensions/advanced_ab_looper.lua': 'Add'
[00007fbb1d15d750] lua generic debug: Clicking '/Users/apple/Library/Application Support/org.videolan.vlc/lua/extensions/advanced_ab_looper.lua': 'LOOP ON'
[00007fbadc8340a0] mkv demux debug: SET_TIME to 17085000
[00007fbadc8340a0] mkv demux debug: seek request to i_pos = 17085000
[00007fbadc8340a0] mkv demux debug: seek: preroll{ track: 1, pts: 14014000, fpos: 1243392 skip: 1243392} 
[00007fbadc8340a0] mkv demux debug: seek: preroll{ track: 2, pts: 17081000, fpos: 1783456 skip: 1783456} 
[00007fbadc8340a0] mkv demux debug: seek: preroll{ req: 17085001, start-pts: 14014001, start-fpos: 1243392} 
[00007fbb0e8640f0] main input debug: Buffering 0%
[00007fbb0e8640f0] main input debug: Buffering 1%
[00007fbb0e8640f0] main input debug: Buffering 2%
[00007fbb0e8640f0] main input debug: Buffering 3%
[00007fbb0e8640f0] main input debug: Buffering 4%
[00007fbb0e8640f0] main input debug: Buffering 5%
[00007fbb0e8640f0] main input debug: Buffering 6%
[00007fbb0e8640f0] main input debug: Buffering 7%
[00007fbb0e8640f0] main input debug: Buffering 8%
[00007fbb0e8640f0] main input debug: Buffering 9%
[00007fbb0e8640f0] main input debug: Buffering 10%
[00007fbb0e8640f0] main input debug: Buffering 11%
[00007fbb0e8640f0] main input debug: Buffering 12%
[00007fbb0e8640f0] main input debug: Buffering 13%
[00007fbb0e8640f0] main input debug: Buffering 14%
[00007fbb0e8640f0] main input debug: Buffering 15%
[00007fbb0e8640f0] main input debug: Buffering 16%
[00007fbb0e8640f0] main input debug: Buffering 17%
[00007fbb0e8640f0] main input debug: Buffering 18%
[00007fbb0e8640f0] main input debug: Buffering 19%
[00007fbb0e8640f0] main input debug: Buffering 20%
[00007fbb0e8640f0] main input debug: Buffering 21%
[00007fbb0e8640f0] main input debug: Buffering 22%
[00007fbb0e8640f0] main input debug: Buffering 23%
[00007fbb0e8640f0] main input debug: Buffering 24%
[00007fbb0e8640f0] main input debug: Buffering 25%
[00007fbb0e8640f0] main input debug: Buffering 26%
[00007fbb0e8640f0] main input debug: Buffering 27%
[00007fbb0e8640f0] main input debug: Buffering 28%
[00007fbb0e8640f0] main input debug: Buffering 29%
[00007fbb0e8640f0] main input debug: Buffering 30%
[00007fbb0e8640f0] main input debug: Buffering 31%
[00007fbb0e8640f0] main input debug: Buffering 32%
[00007fbb0e8640f0] main input debug: Buffering 33%
[00007fbb0e8640f0] main input debug: Buffering 34%
[00007fbb0e8640f0] main input debug: Buffering 36%
[00007fbb0e8640f0] main input debug: Buffering 37%
[00007fbb0e8640f0] main input debug: Buffering 38%
[00007fbb0e8640f0] main input debug: Buffering 39%
[00007fbb0e8640f0] main input debug: Buffering 40%
[00007fbb0e8640f0] main input debug: Buffering 41%
[00007fbb0e8640f0] main input debug: Buffering 42%
[00007fbb0e8640f0] main input debug: Buffering 43%
[00007fbb0e8640f0] main input debug: Buffering 44%
[00007fbb0e8640f0] main input debug: Buffering 45%
[00007fbb0e8640f0] main input debug: Buffering 46%
[00007fbb0e8640f0] main input debug: Buffering 47%
[00007fbb0e8640f0] main input debug: Buffering 48%
[00007fbb0e8640f0] main input debug: Buffering 49%
[00007fbb0e8640f0] main input debug: Buffering 50%
[00007fbb0e8640f0] main input debug: Buffering 51%
[00007fbb0e8640f0] main input debug: Buffering 52%
[00007fbb0e8640f0] main input debug: Buffering 53%
[00007fbb0e8640f0] main input debug: Buffering 54%
[00007fbb0e8640f0] main input debug: Buffering 55%
[00007fbb0e8640f0] main input debug: Buffering 56%
[00007fbb0e8640f0] main input debug: Buffering 57%
[00007fbb0e8640f0] main input debug: Buffering 58%
[00007fbb0e8640f0] main input debug: Buffering 59%
[00007fbb0e8640f0] main input debug: Buffering 60%
[00007fbb0e8640f0] main input debug: Buffering 61%
[00007fbb0e8640f0] main input debug: Buffering 62%
[00007fbb0e8640f0] main input debug: Buffering 63%
[00007fbb0e8640f0] main input debug: Buffering 64%
[00007fbb0e8640f0] main input debug: Buffering 65%
[00007fbb0e8640f0] main input debug: Buffering 66%
[00007fbb0e8640f0] main input debug: Buffering 67%
[00007fbb0e8640f0] main input debug: Buffering 68%
[00007fbb0e8640f0] main input debug: Buffering 69%
[00007fbb0e8640f0] main input debug: Buffering 70%
[00007fbb0e8640f0] main input debug: Buffering 71%
[00007fbb0e8640f0] main input debug: Buffering 72%
[00007fbb0e8640f0] main input debug: Buffering 73%
[00007fbb0e8640f0] main input debug: Buffering 74%
[00007fbb0e8640f0] main input debug: Buffering 75%
[00007fbb0e8640f0] main input debug: Buffering 76%
[00007fbb0e8640f0] main input debug: Buffering 77%
[00007fbb0e8640f0] main input debug: Buffering 78%
[00007fbb0e8640f0] main input debug: Buffering 79%
[00007fbb0e8640f0] main input debug: Buffering 80%
[00007fbb0e8640f0] main input debug: Buffering 81%
[00007fbb0e8640f0] main input debug: Buffering 82%
[00007fbb0e8640f0] main input debug: Buffering 83%
[00007fbb0e8640f0] main input debug: Buffering 84%
[00007fbb0e8640f0] main input debug: Buffering 85%
[00007fbb0e8640f0] main input debug: Buffering 86%
[00007fbb0e8640f0] main input debug: Buffering 87%
[00007fbb0e8640f0] main input debug: Buffering 88%
[00007fbb0e8640f0] main input debug: Buffering 89%
[00007fbb0e8640f0] main input debug: Buffering 90%
[00007fbb0e8640f0] main input debug: Buffering 91%
[00007fbb0e8640f0] main input debug: Buffering 92%
[00007fbb0e8640f0] main input debug: Buffering 93%
[00007fbb0e8640f0] main input debug: Buffering 94%
[00007fbb0e8640f0] main input debug: Buffering 95%
[00007fbb0e8640f0] main input debug: Buffering 96%
[00007fbb0e8640f0] main input debug: Buffering 97%
[00007fbb0e8640f0] main input debug: Buffering 98%
[00007fbb0e8640f0] main input debug: Buffering 99%
[00007fbb0e8640f0] main input debug: Stream buffering done (4087 ms in 4 ms)
[00007fbadc9179c0] main decoder debug: end of audio preroll
[00007fbb1bfa8290] main decoder debug: end of video preroll
[00007fbb1bfa8290] main decoder debug: Received first picture
[00007fbb0e8640f0] main input debug: Decoder wait done in 101 ms
[00007fbadc8340a0] mkv demux debug: SET_TIME to 17085000
[00007fbadc8340a0] mkv demux debug: seek request to i_pos = 17085000
[00007fbadc8340a0] mkv demux debug: seek: preroll{ track: 1, pts: 14014000, fpos: 1243392 skip: 1243392} 
[00007fbadc8340a0] mkv demux debug: seek: preroll{ track: 2, pts: 17081000, fpos: 1783456 skip: 1783456} 
[00007fbadc8340a0] mkv demux debug: seek: preroll{ req: 17085001, start-pts: 14014001, start-fpos: 1243392} 
[00007fbb0e8640f0] main input debug: Buffering 0%
[00007fbb0e8640f0] main input debug: Buffering 1%
[00007fbb0e8640f0] main input debug: Buffering 2%
[00007fbb0e8640f0] main input debug: Buffering 3%
[00007fbb0e8640f0] main input debug: Buffering 4%
[00007fbb0e8640f0] main input debug: Buffering 5%
[00007fbb0e8640f0] main input debug: Buffering 6%
[00007fbb0e8640f0] main input debug: Buffering 7%
[00007fbb0e8640f0] main input debug: Buffering 8%
[00007fbb0e8640f0] main input debug: Buffering 9%
[00007fbb0e8640f0] main input debug: Buffering 10%
[00007fbb0e8640f0] main input debug: Buffering 11%
[00007fbb0e8640f0] main input debug: Buffering 12%
[00007fbb0e8640f0] main input debug: Buffering 13%
[00007fbb0e8640f0] main input debug: Buffering 14%
[00007fbb0e8640f0] main input debug: Buffering 15%
[00007fbb0e8640f0] main input debug: Buffering 16%
[00007fbb0e8640f0] main input debug: Buffering 17%
[00007fbb0e8640f0] main input debug: Buffering 18%
[00007fbb0e8640f0] main input debug: Buffering 19%
[00007fbb0e8640f0] main input debug: Buffering 20%
[00007fbb0e8640f0] main input debug: Buffering 21%
[00007fbb0e8640f0] main input debug: Buffering 22%
[00007fbb0e8640f0] main input debug: Buffering 23%
[00007fbb0e8640f0] main input debug: Buffering 24%
[00007fbb0e8640f0] main input debug: Buffering 25%
[00007fbb0e8640f0] main input debug: Buffering 26%
[00007fbb0e8640f0] main input debug: Buffering 27%
[00007fbb0e8640f0] main input debug: Buffering 28%
[00007fbb0e8640f0] main input debug: Buffering 29%
[00007fbb0e8640f0] main input debug: Buffering 30%
[00007fbb0e8640f0] main input debug: Buffering 31%
[00007fbb0e8640f0] main input debug: Buffering 32%
[00007fbb0e8640f0] main input debug: Buffering 33%
[00007fbb0e8640f0] main input debug: Buffering 34%
[00007fbb0e8640f0] main input debug: Buffering 36%
[00007fbb0e8640f0] main input debug: Buffering 37%
[00007fbb0e8640f0] main input debug: Buffering 38%
[00007fbb0e8640f0] main input debug: Buffering 39%
[00007fbb0e8640f0] main input debug: Buffering 40%
[00007fbb0e8640f0] main input debug: Buffering 41%
[00007fbb0e8640f0] main input debug: Buffering 42%
[00007fbb0e8640f0] main input debug: Buffering 43%
[00007fbb0e8640f0] main input debug: Buffering 44%
[00007fbb0e8640f0] main input debug: Buffering 45%
[00007fbb0e8640f0] main input debug: Buffering 46%
[00007fbb0e8640f0] main input debug: Buffering 47%
[00007fbb0e8640f0] main input debug: Buffering 48%
[00007fbb0e8640f0] main input debug: Buffering 49%
[00007fbb0e8640f0] main input debug: Buffering 50%
[00007fbb0e8640f0] main input debug: Buffering 51%
[00007fbb0e8640f0] main input debug: Buffering 52%
[00007fbb0e8640f0] main input debug: Buffering 53%
[00007fbb0e8640f0] main input debug: Buffering 54%
[00007fbb0e8640f0] main input debug: Buffering 55%
[00007fbb0e8640f0] main input debug: Buffering 56%
[00007fbb0e8640f0] main input debug: Buffering 57%
[00007fbb0e8640f0] main input debug: Buffering 58%
[00007fbb0e8640f0] main input debug: Buffering 59%
[00007fbb0e8640f0] main input debug: Buffering 60%
[00007fbb0e8640f0] main input debug: Buffering 61%
[00007fbb0e8640f0] main input debug: Buffering 62%
[00007fbb0e8640f0] main input debug: Buffering 63%
[00007fbb0e8640f0] main input debug: Buffering 64%
[00007fbb0e8640f0] main input debug: Buffering 65%
[00007fbb0e8640f0] main input debug: Buffering 66%
[00007fbb0e8640f0] main input debug: Buffering 67%
[00007fbb0e8640f0] main input debug: Buffering 68%
[00007fbb0e8640f0] main input debug: Buffering 69%
[00007fbb0e8640f0] main input debug: Buffering 70%
[00007fbb0e8640f0] main input debug: Buffering 71%
[00007fbb0e8640f0] main input debug: Buffering 72%
[00007fbb0e8640f0] main input debug: Buffering 73%
[00007fbb0e8640f0] main input debug: Buffering 74%
[00007fbb0e8640f0] main input debug: Buffering 75%
[00007fbb0e8640f0] main input debug: Buffering 76%
[00007fbb0e8640f0] main input debug: Buffering 77%
[00007fbb0e8640f0] main input debug: Buffering 78%
[00007fbb0e8640f0] main input debug: Buffering 79%
[00007fbb0e8640f0] main input debug: Buffering 80%
[00007fbb0e8640f0] main input debug: Buffering 81%
[00007fbb0e8640f0] main input debug: Buffering 82%
[00007fbb0e8640f0] main input debug: Buffering 83%
[00007fbb0e8640f0] main input debug: Buffering 84%
[00007fbb0e8640f0] main input debug: Buffering 85%
[00007fbb0e8640f0] main input debug: Buffering 86%
[00007fbb0e8640f0] main input debug: Buffering 87%
[00007fbb0e8640f0] main input debug: Buffering 88%
[00007fbb0e8640f0] main input debug: Buffering 89%
[00007fbb0e8640f0] main input debug: Buffering 90%
[00007fbb0e8640f0] main input debug: Buffering 91%
[00007fbb0e8640f0] main input debug: Buffering 92%
[00007fbb0e8640f0] main input debug: Buffering 93%
[00007fbb0e8640f0] main input debug: Buffering 94%
[00007fbb0e8640f0] main input debug: Buffering 95%
[00007fbb0e8640f0] main input debug: Buffering 96%
[00007fbb0e8640f0] main input debug: Buffering 97%
[00007fbb0e8640f0] main input debug: Buffering 98%
[00007fbb0e8640f0] main input debug: Buffering 99%
[00007fbb0e8640f0] main input debug: Stream buffering done (4087 ms in 3 ms)
[00007fbadc9179c0] main decoder debug: end of audio preroll
[00007fbb1bfa8290] main decoder debug: end of video preroll
[00007fbb1bfa8290] main decoder debug: Received first picture
[00007fbb0e8640f0] main input debug: Decoder wait done in 92 ms
[00007fbb1d15d750] lua generic debug: Clicking '/Users/apple/Library/Application Support/org.videolan.vlc/lua/extensions/advanced_ab_looper.lua': 'LOOP ON'
[00007fbadc8340a0] mkv demux debug: SET_TIME to 40485000
[00007fbadc8340a0] mkv demux debug: seek request to i_pos = 40485000
[00007fbadc8340a0] mkv demux debug: seek: preroll{ track: 1, pts: 35035000, fpos: 3087834 skip: 3087834} 
[00007fbadc8340a0] mkv demux debug: seek: preroll{ track: 2, pts: 40481000, fpos: 3671904 skip: 3671904} 
[00007fbadc8340a0] mkv demux debug: seek: preroll{ req: 40485001, start-pts: 35035001, start-fpos: 3087834} 
[00007fbadc8340a0] mkv demux debug: SET_TIME to 17085000
[00007fbadc8340a0] mkv demux debug: seek request to i_pos = 17085000
[00007fbadc8340a0] mkv demux debug: seek: preroll{ track: 1, pts: 14014000, fpos: 1243392 skip: 1243392} 
[00007fbadc8340a0] mkv demux debug: seek: preroll{ track: 2, pts: 17081000, fpos: 1783456 skip: 1783456} 
[00007fbadc8340a0] mkv demux debug: seek: preroll{ req: 17085001, start-pts: 14014001, start-fpos: 1243392} 
[00007fbb0e8640f0] main input debug: Buffering 0%
[00007fbb0e8640f0] main input debug: Buffering 1%
[00007fbb0e8640f0] main input debug: Buffering 2%
[00007fbb0e8640f0] main input debug: Buffering 3%
[00007fbb0e8640f0] main input debug: Buffering 4%
[00007fbb0e8640f0] main input debug: Buffering 5%
[00007fbb0e8640f0] main input debug: Buffering 6%
[00007fbb0e8640f0] main input debug: Buffering 7%
[00007fbb0e8640f0] main input debug: Buffering 8%
[00007fbb0e8640f0] main input debug: Buffering 9%
[00007fbb0e8640f0] main input debug: Buffering 10%
[00007fbb0e8640f0] main input debug: Buffering 11%
[00007fbb0e8640f0] main input debug: Buffering 12%
[00007fbb0e8640f0] main input debug: Buffering 13%
[00007fbb0e8640f0] main input debug: Buffering 14%
[00007fbb0e8640f0] main input debug: Buffering 15%
[00007fbb0e8640f0] main input debug: Buffering 16%
[00007fbb0e8640f0] main input debug: Buffering 17%
[00007fbb0e8640f0] main input debug: Buffering 18%
[00007fbb0e8640f0] main input debug: Buffering 19%
[00007fbb0e8640f0] main input debug: Buffering 20%
[00007fbb0e8640f0] main input debug: Buffering 21%
[00007fbb0e8640f0] main input debug: Buffering 22%
[00007fbb0e8640f0] main input debug: Buffering 23%
[00007fbb0e8640f0] main input debug: Buffering 24%
[00007fbb0e8640f0] main input debug: Buffering 25%
[00007fbb0e8640f0] main input debug: Buffering 26%
[00007fbb0e8640f0] main input debug: Buffering 27%
[00007fbb0e8640f0] main input debug: Buffering 28%
[00007fbb0e8640f0] main input debug: Buffering 29%
[00007fbb0e8640f0] main input debug: Buffering 30%
[00007fbb0e8640f0] main input debug: Buffering 31%
[00007fbb0e8640f0] main input debug: Buffering 32%
[00007fbb0e8640f0] main input debug: Buffering 33%
[00007fbb0e8640f0] main input debug: Buffering 34%
[00007fbb0e8640f0] main input debug: Buffering 36%
[00007fbb0e8640f0] main input debug: Buffering 37%
[00007fbb0e8640f0] main input debug: Buffering 38%
[00007fbb0e8640f0] main input debug: Buffering 39%
[00007fbb0e8640f0] main input debug: Buffering 40%
[00007fbb0e8640f0] main input debug: Buffering 41%
[00007fbb0e8640f0] main input debug: Buffering 42%
[00007fbb0e8640f0] main input debug: Buffering 43%
[00007fbb0e8640f0] main input debug: Buffering 44%
[00007fbb0e8640f0] main input debug: Buffering 45%
[00007fbb0e8640f0] main input debug: Buffering 46%
[00007fbb0e8640f0] main input debug: Buffering 47%
[00007fbb0e8640f0] main input debug: Buffering 48%
[00007fbb0e8640f0] main input debug: Buffering 49%
[00007fbb0e8640f0] main input debug: Buffering 50%
[00007fbb0e8640f0] main input debug: Buffering 51%
[00007fbb0e8640f0] main input debug: Buffering 52%
[00007fbb0e8640f0] main input debug: Buffering 53%
[00007fbb0e8640f0] main input debug: Buffering 54%
[00007fbb0e8640f0] main input debug: Buffering 55%
[00007fbb0e8640f0] main input debug: Buffering 56%
[00007fbb0e8640f0] main input debug: Buffering 57%
[00007fbb0e8640f0] main input debug: Buffering 58%
[00007fbb0e8640f0] main input debug: Buffering 59%
[00007fbb0e8640f0] main input debug: Buffering 60%
[00007fbb0e8640f0] main input debug: Buffering 61%
[00007fbb0e8640f0] main input debug: Buffering 62%
[00007fbb0e8640f0] main input debug: Buffering 63%
[00007fbb0e8640f0] main input debug: Buffering 64%
[00007fbb0e8640f0] main input debug: Buffering 65%
[00007fbb0e8640f0] main input debug: Buffering 66%
[00007fbb0e8640f0] main input debug: Buffering 67%
[00007fbb0e8640f0] main input debug: Buffering 68%
[00007fbb0e8640f0] main input debug: Buffering 69%
[00007fbb0e8640f0] main input debug: Buffering 70%
[00007fbb0e8640f0] main input debug: Buffering 71%
[00007fbb0e8640f0] main input debug: Buffering 72%
[00007fbb0e8640f0] main input debug: Buffering 73%
[00007fbb0e8640f0] main input debug: Buffering 74%
[00007fbb0e8640f0] main input debug: Buffering 75%
[00007fbb0e8640f0] main input debug: Buffering 76%
[00007fbb0e8640f0] main input debug: Buffering 77%
[00007fbb0e8640f0] main input debug: Buffering 78%
[00007fbb0e8640f0] main input debug: Buffering 79%
[00007fbb0e8640f0] main input debug: Buffering 80%
[00007fbb0e8640f0] main input debug: Buffering 81%
[00007fbb0e8640f0] main input debug: Buffering 82%
[00007fbb0e8640f0] main input debug: Buffering 83%
[00007fbb0e8640f0] main input debug: Buffering 84%
[00007fbb0e8640f0] main input debug: Buffering 85%
[00007fbb0e8640f0] main input debug: Buffering 86%
[00007fbb0e8640f0] main input debug: Buffering 87%
[00007fbb0e8640f0] main input debug: Buffering 88%
[00007fbb0e8640f0] main input debug: Buffering 89%
[00007fbadc9179c0] main decoder debug: end of audio preroll
[00007fbb0e8640f0] main input debug: Buffering 90%
[00007fbb0e8640f0] main input debug: Buffering 91%
[00007fbb0e8640f0] main input debug: Buffering 92%
[00007fbb0e8640f0] main input debug: Buffering 93%
[00007fbb0e8640f0] main input debug: Buffering 94%
[00007fbb0e8640f0] main input debug: Buffering 95%
[00007fbb0e8640f0] main input debug: Buffering 96%
[00007fbb0e8640f0] main input debug: Buffering 97%
[00007fbb0e8640f0] main input debug: Buffering 98%
[00007fbb0e8640f0] main input debug: Buffering 99%
[00007fbb0e8640f0] main input debug: Stream buffering done (4087 ms in 3 ms)
[00007fbb1bfa8290] main decoder debug: Received first picture
[00007fbb0e8640f0] main input debug: Decoder wait done in 7 ms
[00007fbb1bfa8290] main decoder debug: end of video preroll
[00007fbb1c17baf0] main video output warning: picture is too late to be displayed (missing 36 ms)
[00007fbb1d15d750] lua generic debug: Clicking '/Users/apple/Library/Application Support/org.videolan.vlc/lua/extensions/advanced_ab_looper.lua': 'Current -> A'
[00007fbadc843950] main vout display debug: auto hiding mouse cursor
[00007fbb1d15d750] lua generic debug: Clicking '/Users/apple/Library/Application Support/org.videolan.vlc/lua/extensions/advanced_ab_looper.lua': 'Current -> B'
[00007fbb1d15d750] lua generic debug: Clicking '/Users/apple/Library/Application Support/org.videolan.vlc/lua/extensions/advanced_ab_looper.lua': 'LOOP ON'
[00007fbb1d15d750] lua generic debug: Clicking '/Users/apple/Library/Application Support/org.videolan.vlc/lua/extensions/advanced_ab_looper.lua': 'LOOP ON'
[00007fbb1d15d750] lua generic debug: Clicking '/Users/apple/Library/Application Support/org.videolan.vlc/lua/extensions/advanced_ab_looper.lua': 'LOOP ON'
[00007fbb1d15d750] lua generic debug: Clicking '/Users/apple/Library/Application Support/org.videolan.vlc/lua/extensions/advanced_ab_looper.lua': 'LOOP ON'
[00007fbb1d15d750] lua generic debug: Clicking '/Users/apple/Library/Application Support/org.videolan.vlc/lua/extensions/advanced_ab_looper.lua': 'LOOP ON'
[00007fbb1d15d750] lua generic debug: Clicking '/Users/apple/Library/Application Support/org.videolan.vlc/lua/extensions/advanced_ab_looper.lua': 'Add'
[00007fbb1d15d750] lua generic debug: Clicking '/Users/apple/Library/Application Support/org.videolan.vlc/lua/extensions/advanced_ab_looper.lua': 'LOOP ON'
[00007fbadc8340a0] mkv demux debug: SET_TIME to 25016000
[00007fbadc8340a0] mkv demux debug: seek request to i_pos = 25016000
[00007fbadc8340a0] mkv demux debug: seek: preroll{ track: 1, pts: 21021000, fpos: 1853339 skip: 1853339} 
[00007fbadc8340a0] mkv demux debug: seek: preroll{ track: 2, pts: 25001000, fpos: 2412516 skip: 2412516} 
[00007fbadc8340a0] mkv demux debug: seek: preroll{ req: 25016001, start-pts: 21021001, start-fpos: 1853339} 
[00007fbb0e8640f0] main input debug: Buffering 0%
[00007fbb0e8640f0] main input debug: Buffering 1%
[00007fbb0e8640f0] main input debug: Buffering 2%
[00007fbb0e8640f0] main input debug: Buffering 3%
[00007fbb0e8640f0] main input debug: Buffering 4%
[00007fbb0e8640f0] main input debug: Buffering 5%
[00007fbb0e8640f0] main input debug: Buffering 6%
[00007fbb0e8640f0] main input debug: Buffering 7%
[00007fbb0e8640f0] main input debug: Buffering 8%
[00007fbb0e8640f0] main input debug: Buffering 9%
[00007fbb0e8640f0] main input debug: Buffering 10%
[00007fbb0e8640f0] main input debug: Buffering 11%
[00007fbb0e8640f0] main input debug: Buffering 12%
[00007fbb0e8640f0] main input debug: Buffering 13%
[00007fbb0e8640f0] main input debug: Buffering 14%
[00007fbb0e8640f0] main input debug: Buffering 15%
[00007fbb0e8640f0] main input debug: Buffering 16%
[00007fbb0e8640f0] main input debug: Buffering 17%
[00007fbb0e8640f0] main input debug: Buffering 18%
[00007fbb0e8640f0] main input debug: Buffering 19%
[00007fbb0e8640f0] main input debug: Buffering 20%
[00007fbb0e8640f0] main input debug: Buffering 21%
[00007fbb0e8640f0] main input debug: Buffering 22%
[00007fbb0e8640f0] main input debug: Buffering 23%
[00007fbb0e8640f0] main input debug: Buffering 24%
[00007fbb0e8640f0] main input debug: Buffering 25%
[00007fbb0e8640f0] main input debug: Buffering 26%
[00007fbb0e8640f0] main input debug: Buffering 27%
[00007fbb0e8640f0] main input debug: Buffering 28%
[00007fbb0e8640f0] main input debug: Buffering 29%
[00007fbb0e8640f0] main input debug: Buffering 30%
[00007fbb0e8640f0] main input debug: Buffering 31%
[00007fbb0e8640f0] main input debug: Buffering 32%
[00007fbb0e8640f0] main input debug: Buffering 33%
[00007fbb0e8640f0] main input debug: Buffering 34%
[00007fbb0e8640f0] main input debug: Buffering 35%
[00007fbb0e8640f0] main input debug: Buffering 36%
[00007fbb0e8640f0] main input debug: Buffering 37%
[00007fbb0e8640f0] main input debug: Buffering 38%
[00007fbb0e8640f0] main input debug: Buffering 39%
[00007fbb0e8640f0] main input debug: Buffering 40%
[00007fbb0e8640f0] main input debug: Buffering 41%
[00007fbb0e8640f0] main input debug: Buffering 42%
[00007fbb0e8640f0] main input debug: Buffering 43%
[00007fbb0e8640f0] main input debug: Buffering 44%
[00007fbb0e8640f0] main input debug: Buffering 45%
[00007fbb0e8640f0] main input debug: Buffering 46%
[00007fbb0e8640f0] main input debug: Buffering 47%
[00007fbb0e8640f0] main input debug: Buffering 48%
[00007fbb0e8640f0] main input debug: Buffering 49%
[00007fbb0e8640f0] main input debug: Buffering 50%
[00007fbb0e8640f0] main input debug: Buffering 51%
[00007fbb0e8640f0] main input debug: Buffering 52%
[00007fbb0e8640f0] main input debug: Buffering 53%
[00007fbb0e8640f0] main input debug: Buffering 54%
[00007fbb0e8640f0] main input debug: Buffering 55%
[00007fbb0e8640f0] main input debug: Buffering 56%
[00007fbb0e8640f0] main input debug: Buffering 57%
[00007fbb0e8640f0] main input debug: Buffering 58%
[00007fbb0e8640f0] main input debug: Buffering 59%
[00007fbb0e8640f0] main input debug: Buffering 60%
[00007fbb0e8640f0] main input debug: Buffering 61%
[00007fbb0e8640f0] main input debug: Buffering 62%
[00007fbb0e8640f0] main input debug: Buffering 63%
[00007fbb0e8640f0] main input debug: Buffering 64%
[00007fbb0e8640f0] main input debug: Buffering 65%
[00007fbb0e8640f0] main input debug: Buffering 66%
[00007fbb0e8640f0] main input debug: Buffering 67%
[00007fbb0e8640f0] main input debug: Buffering 68%
[00007fbb0e8640f0] main input debug: Buffering 69%
[00007fbb0e8640f0] main input debug: Buffering 70%
[00007fbb0e8640f0] main input debug: Buffering 71%
[00007fbb0e8640f0] main input debug: Buffering 72%
[00007fbb0e8640f0] main input debug: Buffering 73%
[00007fbb0e8640f0] main input debug: Buffering 74%
[00007fbb0e8640f0] main input debug: Buffering 75%
[00007fbb0e8640f0] main input debug: Buffering 76%
[00007fbb0e8640f0] main input debug: Buffering 77%
[00007fbb0e8640f0] main input debug: Buffering 78%
[00007fbb0e8640f0] main input debug: Buffering 79%
[00007fbb0e8640f0] main input debug: Buffering 80%
[00007fbb0e8640f0] main input debug: Buffering 81%
[00007fbb0e8640f0] main input debug: Buffering 82%
[00007fbb0e8640f0] main input debug: Buffering 83%
[00007fbb0e8640f0] main input debug: Buffering 84%
[00007fbb0e8640f0] main input debug: Buffering 85%
[00007fbb0e8640f0] main input debug: Buffering 86%
[00007fbb0e8640f0] main input debug: Buffering 87%
[00007fbb0e8640f0] main input debug: Buffering 88%
[00007fbb0e8640f0] main input debug: Buffering 89%
[00007fbb0e8640f0] main input debug: Buffering 90%
[00007fbb0e8640f0] main input debug: Buffering 91%
[00007fbb0e8640f0] main input debug: Buffering 92%
[00007fbb0e8640f0] main input debug: Buffering 93%
[00007fbb0e8640f0] main input debug: Buffering 94%
[00007fbb0e8640f0] main input debug: Buffering 95%
[00007fbb0e8640f0] main input debug: Buffering 96%
[00007fbb0e8640f0] main input debug: Buffering 97%
[00007fbb0e8640f0] main input debug: Buffering 98%
[00007fbb0e8640f0] main input debug: Buffering 99%
[00007fbb0e8640f0] main input debug: Stream buffering done (5000 ms in 2 ms)
[00007fbadc9179c0] main decoder debug: end of audio preroll
[00007fbb1bfa8290] main decoder debug: end of video preroll
[00007fbb1bfa8290] main decoder debug: Received first picture
[00007fbb0e8640f0] main input debug: Decoder wait done in 128 ms
[00007fbb1d15d750] lua generic debug: Clicking '/Users/apple/Library/Application Support/org.videolan.vlc/lua/extensions/advanced_ab_looper.lua': 'LOOP OFF'
[00007fbb1d15d750] lua generic debug: Clicking '/Users/apple/Library/Application Support/org.videolan.vlc/lua/extensions/advanced_ab_looper.lua': 'LOOP ON'
[00007fbadc9179c0] main decoder debug: toggling resume
[00007fbb1d21d850] macosx interface debug: Releasing IOKit monitor sleep blocker (39498)
[00007fbb1bfa8290] main decoder debug: toggling resume
[00007fbadc843950] main vout display debug: auto hiding mouse cursor
[00007fbadc843950] main vout display debug: auto hiding mouse cursor
[00007fbb1d15d750] lua generic debug: Clicking '/Users/apple/Library/Application Support/org.videolan.vlc/lua/extensions/advanced_ab_looper.lua': 'Update'
[00007fbadc843950] main vout display debug: auto hiding mouse cursor
[00007fbadc843950] main vout display debug: auto hiding mouse cursor
[00007fbadc843950] main vout display debug: auto hiding mouse cursor
[00007fbadc843950] main vout display debug: auto hiding mouse cursor
[00007fbadc843950] main vout display debug: auto hiding mouse cursor
[00007fbadc843950] main vout display debug: auto hiding mouse cursor
[00007fbadc843950] main vout display debug: auto hiding mouse cursor
[00007fbb1d008340] auhal audio output debug: audio device configuration changed, resetting cache
[00007fbb1d008340] auhal audio output debug: Rebuild device list
[00007fbb1d008340] auhal audio output debug: found 10 audio device(s)
[00007fbb1d008340] auhal audio output debug: DevID: 137 DevName: DELL S2721D
[00007fbb1d008340] auhal audio output error: AudioObjectAddPropertyListener failed, device id 138, prop: [atfp], OSStatus: 1852797029
[00007fbb1d008340] auhal audio output debug: DevID: 161 DevName: Plantronics Blackwire 5220 Series
[00007fbb1d008340] auhal audio output debug: this 'Plantronics Blackwire 5220 Series' is INPUT only. skipping...
[00007fbb1d008340] auhal audio output debug: DevID: 165 DevName: Plantronics Blackwire 5220 Series
[00007fbb1d008340] auhal audio output error: AudioObjectAddPropertyListener failed, device id 166, prop: [atfp], OSStatus: 1852797029
[00007fbb1d008340] auhal audio output debug: DevID: 110 DevName: BlackHole 2ch
[00007fbb1d008340] auhal audio output error: AudioObjectAddPropertyListener failed, device id 111, prop: [atfp], OSStatus: 1852797029
[00007fbb1d008340] auhal audio output debug: DevID: 103 DevName: 外部ヘッドフォン
[00007fbb1d008340] auhal audio output error: AudioObjectAddPropertyListener failed, device id 104, prop: [atfp], OSStatus: 1852797029
[00007fbb1d008340] auhal audio output debug: DevID: 98 DevName: MacBook Airのマイク
[00007fbb1d008340] auhal audio output debug: this 'MacBook Airのマイク' is INPUT only. skipping...
[00007fbb1d008340] auhal audio output debug: DevID: 91 DevName: MacBook Airのスピーカー
[00007fbb1d008340] auhal audio output error: AudioObjectAddPropertyListener failed, device id 92, prop: [atfp], OSStatus: 1852797029
[00007fbb1d008340] auhal audio output debug: DevID: 127 DevName: Microsoft Teams Audio
[00007fbb1d008340] auhal audio output error: AudioObjectAddPropertyListener failed, device id 128, prop: [atfp], OSStatus: 1852797029
[00007fbb1d008340] auhal audio output debug: DevID: 53 DevName: 複数入力装置
[00007fbb1d008340] auhal audio output error: AudioObjectAddPropertyListener failed, device id 54, prop: [atfp], OSStatus: 1852797029
[00007fbb1d008340] auhal audio output error: AudioObjectAddPropertyListener failed, device id 55, prop: [atfp], OSStatus: 1852797029
[00007fbb1d008340] auhal audio output error: AudioObjectAddPropertyListener failed, device id 56, prop: [atfp], OSStatus: 1852797029
[00007fbb1d008340] auhal audio output debug: DevID: 64 DevName: 複数出力装置
[00007fbb1d008340] auhal audio output error: AudioObjectAddPropertyListener failed, device id 65, prop: [atfp], OSStatus: 1852797029
[00007fbb1d008340] auhal audio output debug: Looking for removed devices
[00007fbadc843950] main vout display debug: auto hiding mouse cursor

===== environment =====
2026年 9月26日 土曜日 12時32分16秒 JST
ProductName:		macOS
ProductVersion:		14.4.1
BuildVersion:		23E224
VLCバージョン 3.0.20 Vetinari (3.0.20-0-g6f0d0ab126)
d-fuによってDavids-MBP.fritz.box (Nov  1 2023 13:50:16)上でコンパイルされました
コンパイラー: clang: warning: argument unused during compilation: '-mmacosx-version-min=10.7' [-Wunused-command-line-argument]
法律によって認められる範囲で、このプログラムにはいかなる保証もありません。
exit_status=0
