[00007fa3acf06270] main libvlc debug: VLC media player - 3.0.20 Vetinari
[00007fa3acf06270] main libvlc debug: Copyright © 1996-2023 the VideoLAN team
[00007fa3acf06270] main libvlc debug: revision 3.0.20-0-g6f0d0ab126
[00007fa3acf06270] main libvlc debug: configured with /Users/d-fu/vlc-3.0/extras/package/macosx/../../../configure  '--prefix=/Users/d-fu/vlc-3.0/build-intel64/vlc_install_dir' '--enable-macosx' '--enable-merge-ffmpeg' '--enable-osx-notifications' '--enable-faad' '--enable-flac' '--enable-theora' '--enable-shout' '--enable-ncurses' '--enable-twolame' '--enable-realrtsp' '--enable-libass' '--enable-macosx-avfoundation' '--disable-skins2' '--disable-xcb' '--disable-caca' '--disable-pulse' '--disable-sdl-image' '--disable-vnc' '--build=x86_64-apple-darwin19' '--host=x86_64-apple-darwin19' '--with-macosx-version-min=10.7' '--with-macosx-sdk=/Applications/Xcode.app/Contents/Developer/Platforms/MacOSX.platform/Developer/SDKs/MacOSX.sdk' '--with-breakpad=https://mac.crashes.videolan.org' 'build_alias=x86_64-apple-darwin19' 'host_alias=x86_64-apple-darwin19' 'CC=/Applications/Xcode.app/Contents/Developer/Toolchains/XcodeDefault.xctoolchain/usr/bin/clang' 'CFLAGS=-g -arch x86_64' 'LDFLAGS=-arch x86_64' 'CXX=/Applications/Xcode.app/Contents/Developer/Toolchains/XcodeDefault.xctoolchain/usr/bin/clang++' 'CXXFLAGS=-g -arch x86_64' 'OBJC=/Applications/Xcode.app/Contents/Developer/Toolchains/XcodeDefault.xctoolchain/usr/bin/clang' 'OBJCFLAGS=-g -arch x86_64'
[00007fa3acf06270] main libvlc debug: searching plug-in modules
[00007fa3acf06270] main libvlc debug: loading plugins cache file /Applications/VLC.app/Contents/MacOS/plugins/plugins.dat
[00007fa3acf06270] main libvlc debug: recursively browsing `/Applications/VLC.app/Contents/MacOS/plugins'
[00007fa3acf06270] main libvlc debug: plug-ins loaded: 472 modules
[00007fa3acf06270] main libvlc debug: opening config file (/Users/apple/Library/Preferences/org.videolan.vlc/vlcrc)
[00007fa3acf06420] main logger debug: looking for logger module matching "any": 3 candidates
[00007fa3acf06420] main logger debug: using logger module "console"
[00007fa3acf06270] main libvlc debug: translation test: code is "C"
[00007fa3ad9062a0] main keystore debug: looking for keystore module matching "memory": 3 candidates
[00007fa3ad9062a0] main keystore debug: using keystore module "memory"
[00007fa3acf06270] main libvlc debug: CPU has capabilities MMX MMXEXT SSE SSE2 SSE3 SSSE3 SSE4.1 SSE4.2 FPU 
[00007fa3acf06270] main libvlc warning: Key "Command+0" bound to multiple actions
[00007fa3ae8114f0] main input debug: Creating an input for 'メディアライブラリ'
[00007fa3ae8114f0] main input debug: Input is a meta file: disabling unneeded options
[00007fa3ae8114f0] main input debug: using timeshift granularity of 50 MiB
[00007fa3ae8114f0] main input debug: using default timeshift path
[00007fa3ae8114f0] main input debug: `file/directory:///Users/apple/Library/Application%20Support/org.videolan.vlc/ml.xspf' gives access `file' demux `directory' path `/Users/apple/Library/Application%20Support/org.videolan.vlc/ml.xspf'
[00007fa3acf17710] main input source debug: creating demux: access='file' demux='directory' location='/Users/apple/Library/Application%20Support/org.videolan.vlc/ml.xspf' file='/Users/apple/Library/Application Support/org.videolan.vlc/ml.xspf'
[00007fa3acf17880] main demux debug: looking for access_demux module matching "file": 14 candidates
[00007fa3acf17880] main demux debug: no access_demux modules matched
[00007fa39cf04330] main stream debug: creating access: file:///Users/apple/Library/Application%20Support/org.videolan.vlc/ml.xspf
[00007fa39cf04330] main stream debug:  (path: /Users/apple/Library/Application Support/org.videolan.vlc/ml.xspf)
[00007fa39cf04330] main stream debug: looking for access module matching "file": 24 candidates
[00007fa39cf04330] main stream debug: using access module "filesystem"
[00007fa3acf17880] main stream debug: looking for stream_filter module matching "prefetch,cache_read": 26 candidates
[00007fa3acf17880] cache_read stream debug: Using stream method for AStream*
[00007fa3acf17880] cache_read stream debug: starting pre-buffering
[00007fa3acf17880] cache_read stream debug: received first data after 0 ms
[00007fa3acf17880] cache_read stream debug: pre-buffering done 1024 bytes in 0s - 22727 KiB/s
[00007fa3acf17880] main stream debug: using stream_filter module "cache_read"
[00007fa3ad9073e0] main stream debug: looking for stream_filter module matching "any": 26 candidates
[00007fa3ad9073e0] playlist stream debug: using XSPF playlist reader
[00007fa3ad9073e0] main stream debug: using stream_filter module "playlist"
[00007fa3ad9073e0] main stream debug: stream filter added to 0x7fa3acf17880
[00007fa3acf17a40] main stream debug: looking for stream_filter module matching "any": 26 candidates
[00007fa3acf17a40] main stream debug: no stream_filter modules matched
[00007fa3ada04df0] main stream_directory debug: looking for stream_directory module matching "any": 1 candidates
[00007fa3ada04df0] main stream_directory debug: no stream_directory modules matched
[00007fa3acf17710] main input source debug: attachment of directory-extractor failed for file:///Users/apple/Library/Application%20Support/org.videolan.vlc/ml.xspf
[00007fa3ad809ad0] main stream debug: looking for stream_filter module matching "record": 26 candidates
[00007fa3ad809ad0] main stream debug: using stream_filter module "record"
[00007fa3acf17710] main input source debug: creating demux: access='file' demux='directory' location='/Users/apple/Library/Application%20Support/org.videolan.vlc/ml.xspf' file='/Users/apple/Library/Application Support/org.videolan.vlc/ml.xspf'
[00007fa3ad907720] main demux debug: looking for demux module matching "directory": 55 candidates
[00007fa3ad907720] main demux debug: using demux module "directory"
[00007fa3ad809c90] main demux meta debug: looking for meta reader module matching "any": 2 candidates
[00007fa3ad809c90] lua demux meta debug: Trying Lua scripts in /Users/apple/Library/Application Support/org.videolan.vlc/lua/meta/reader
[00007fa3ad809c90] lua demux meta debug: Trying Lua scripts in /Applications/VLC.app/Contents/MacOS/lua/meta/reader
[00007fa3ad809c90] lua demux meta debug: Trying Lua scripts in /Applications/VLC.app/Contents/MacOS/share/lua/meta/reader
[00007fa3ad809c90] lua demux meta debug: Trying Lua playlist script /Applications/VLC.app/Contents/MacOS/share/lua/meta/reader/filename.luac
[00007fa3ad809c90] main demux meta debug: no meta reader modules matched
[00007fa3ae8114f0] main input debug: `file/directory:///Users/apple/Library/Application%20Support/org.videolan.vlc/ml.xspf' successfully opened
[00007fa3acf17a40] main xml reader debug: looking for xml reader module matching "any": 1 candidates
[00007fa3acf17a40] main xml reader debug: using xml reader module "xml"
[00007fa3ad9073e0] playlist stream warning: skipping unexpected element <vlc:item>
[00007fa3ad9073e0] playlist stream warning: skipping unexpected element <vlc:item>
[00007fa3ad9073e0] playlist stream warning: skipping unexpected element <vlc:item>
[00007fa3ad9073e0] playlist stream warning: skipping unexpected element <vlc:item>
[00007fa3ad9073e0] playlist stream warning: skipping unexpected element <vlc:item>
[00007fa3ad9073e0] playlist stream warning: skipping unexpected element <vlc:item>
[00007fa3ad9073e0] playlist stream warning: skipping unexpected element <vlc:item>
[00007fa3ad9073e0] playlist stream warning: skipping unexpected element <vlc:item>
[00007fa3ad9073e0] playlist stream warning: skipping unexpected element <vlc:item>
[00007fa3ae8114f0] main input debug: EOF reached
[00007fa3ad00f2f0] main input debug: Creating an input for preparsing 'input.mp3'
[00007fa3ad907720] main demux debug: removing module "directory"
[00007fa3ad809ad0] main stream debug: removing module "record"
[00007fa3ad9073e0] main stream debug: removing module "playlist"
[00007fa3acf17880] main stream debug: removing module "cache_read"
[00007fa39cf04330] main stream debug: removing module "filesystem"
[00007fa3ad906b00] main playlist debug: creating audio output
[00007fa39e5054a0] main audio output debug: looking for audio output module matching "any": 4 candidates
[00007fa3ae01a2f0] main input debug: Creating an input for preparsing '【幽☆遊☆白書】 もしも「さよならbyebye」がAcid Jazzだったら？ [xc7yzjCwH5g].webm'
[00007fa3ad906130] main meta fetcher debug: looking for meta fetcher module matching "any": 1 candidates
[00007fa3ad906130] lua meta fetcher debug: Trying Lua scripts in /Users/apple/Library/Application Support/org.videolan.vlc/lua/meta/fetcher
[00007fa3ad906130] lua meta fetcher debug: Trying Lua scripts in /Applications/VLC.app/Contents/MacOS/lua/meta/fetcher
[00007fa3ad906130] lua meta fetcher debug: Trying Lua scripts in /Applications/VLC.app/Contents/MacOS/share/lua/meta/fetcher
[00007fa3ad906130] main meta fetcher debug: no meta fetcher modules matched
[00007fa3ad906130] main art finder debug: looking for art finder module matching "any": 2 candidates
[00007fa3ad906130] lua art finder debug: Trying Lua scripts in /Users/apple/Library/Application Support/org.videolan.vlc/lua/meta/art
[00007fa3ad906130] lua art finder debug: Trying Lua scripts in /Applications/VLC.app/Contents/MacOS/lua/meta/art
[00007fa3ad906130] lua art finder debug: Trying Lua scripts in /Applications/VLC.app/Contents/MacOS/share/lua/meta/art
[00007fa3ad906130] lua art finder debug: Trying Lua playlist script /Applications/VLC.app/Contents/MacOS/share/lua/meta/art/00_musicbrainz.luac
[00007fa3ad906130] lua art finder debug: skipping script (unmatched scope) /Applications/VLC.app/Contents/MacOS/share/lua/meta/art/00_musicbrainz.luac
[00007fa3ad906130] lua art finder debug: Trying Lua playlist script /Applications/VLC.app/Contents/MacOS/share/lua/meta/art/01_googleimage.luac
[00007fa3ad906130] lua art finder debug: skipping script (unmatched scope) /Applications/VLC.app/Contents/MacOS/share/lua/meta/art/01_googleimage.luac
[00007fa3ad906130] lua art finder debug: Trying Lua playlist script /Applications/VLC.app/Contents/MacOS/share/lua/meta/art/02_frenchtv.luac
[00007fa3ad906130] lua art finder debug: skipping script (unmatched scope) /Applications/VLC.app/Contents/MacOS/share/lua/meta/art/02_frenchtv.luac
[00007fa3ad906130] lua art finder debug: Trying Lua playlist script /Applications/VLC.app/Contents/MacOS/share/lua/meta/art/03_lastfm.luac
[00007fa3ad906130] lua art finder debug: skipping script (unmatched scope) /Applications/VLC.app/Contents/MacOS/share/lua/meta/art/03_lastfm.luac
[00007fa3ad906130] main art finder debug: no art finder modules matched
[00007fa3ada066e0] main meta fetcher debug: looking for meta fetcher module matching "any": 1 candidates
[00007fa3ada066e0] lua meta fetcher debug: Trying Lua scripts in /Users/apple/Library/Application Support/org.videolan.vlc/lua/meta/fetcher
[00007fa3ada066e0] lua meta fetcher debug: Trying Lua scripts in /Applications/VLC.app/Contents/MacOS/lua/meta/fetcher
[00007fa3ada066e0] lua meta fetcher debug: Trying Lua scripts in /Applications/VLC.app/Contents/MacOS/share/lua/meta/fetcher
[00007fa3ada066e0] main meta fetcher debug: no meta fetcher modules matched
[00007fa3ada066e0] main art finder debug: looking for art finder module matching "any": 2 candidates
[00007fa3ada066e0] lua art finder debug: Trying Lua scripts in /Users/apple/Library/Application Support/org.videolan.vlc/lua/meta/art
[00007fa3ada066e0] lua art finder debug: Trying Lua scripts in /Applications/VLC.app/Contents/MacOS/lua/meta/art
[00007fa3ada066e0] lua art finder debug: Trying Lua scripts in /Applications/VLC.app/Contents/MacOS/share/lua/meta/art
[00007fa3ada066e0] lua art finder debug: Trying Lua playlist script /Applications/VLC.app/Contents/MacOS/share/lua/meta/art/00_musicbrainz.luac
[00007fa3ada066e0] lua art finder debug: Trying Lua playlist script /Applications/VLC.app/Contents/MacOS/share/lua/meta/art/01_googleimage.luac
[00007fa3ada066e0] lua art finder debug: Trying Lua playlist script /Applications/VLC.app/Contents/MacOS/share/lua/meta/art/02_frenchtv.luac
[00007fa3ada066e0] lua art finder debug: Trying Lua playlist script /Applications/VLC.app/Contents/MacOS/share/lua/meta/art/03_lastfm.luac
[00007fa3ada066e0] main art finder debug: no art finder modules matched
[00007fa3a800a6f0] main input debug: Creating an input for preparsing '【幽☆遊☆白書】もしも「さよならbye bye」がドラムンベースだったら？疾走感と切なさが溶け合うLiquid Funk💫 [pMcO0IWMfk4].webm'
[00007fa3ad90a9b0] main meta fetcher debug: looking for meta fetcher module matching "any": 1 candidates
[00007fa3ad90a9b0] lua meta fetcher debug: Trying Lua scripts in /Users/apple/Library/Application Support/org.videolan.vlc/lua/meta/fetcher
[00007fa3ad90a9b0] lua meta fetcher debug: Trying Lua scripts in /Applications/VLC.app/Contents/MacOS/lua/meta/fetcher
[00007fa3ad90a9b0] lua meta fetcher debug: Trying Lua scripts in /Applications/VLC.app/Contents/MacOS/share/lua/meta/fetcher
[00007fa3ad90a9b0] main meta fetcher debug: no meta fetcher modules matched
[00007fa39cf04a00] main art finder debug: looking for art finder module matching "any": 2 candidates
[00007fa39cf04a00] lua art finder debug: Trying Lua scripts in /Users/apple/Library/Application Support/org.videolan.vlc/lua/meta/art
[00007fa39cf04a00] lua art finder debug: Trying Lua scripts in /Applications/VLC.app/Contents/MacOS/lua/meta/art
[00007fa39cf04a00] lua art finder debug: Trying Lua scripts in /Applications/VLC.app/Contents/MacOS/share/lua/meta/art
[00007fa39cf04a00] lua art finder debug: Trying Lua playlist script /Applications/VLC.app/Contents/MacOS/share/lua/meta/art/00_musicbrainz.luac
[00007fa39cf04a00] lua art finder debug: skipping script (unmatched scope) /Applications/VLC.app/Contents/MacOS/share/lua/meta/art/00_musicbrainz.luac
[00007fa39cf04a00] lua art finder debug: Trying Lua playlist script /Applications/VLC.app/Contents/MacOS/share/lua/meta/art/01_googleimage.luac
[00007fa39cf04a00] lua art finder debug: skipping script (unmatched scope) /Applications/VLC.app/Contents/MacOS/share/lua/meta/art/01_googleimage.luac
[00007fa39cf04a00] lua art finder debug: Trying Lua playlist script /Applications/VLC.app/Contents/MacOS/share/lua/meta/art/02_frenchtv.luac
[00007fa39cf04a00] lua art finder debug: skipping script (unmatched scope) /Applications/VLC.app/Contents/MacOS/share/lua/meta/art/02_frenchtv.luac
[00007fa39cf04a00] lua art finder debug: Trying Lua playlist script /Applications/VLC.app/Contents/MacOS/share/lua/meta/art/03_lastfm.luac
[00007fa39cf04a00] lua art finder debug: skipping script (unmatched scope) /Applications/VLC.app/Contents/MacOS/share/lua/meta/art/03_lastfm.luac
[00007fa39cf04a00] main art finder debug: no art finder modules matched
[00007fa3ada09090] main meta fetcher debug: looking for meta fetcher module matching "any": 1 candidates
[00007fa3ada09090] lua meta fetcher debug: Trying Lua scripts in /Users/apple/Library/Application Support/org.videolan.vlc/lua/meta/fetcher
[00007fa3ada09090] lua meta fetcher debug: Trying Lua scripts in /Applications/VLC.app/Contents/MacOS/lua/meta/fetcher
[00007fa3ada09090] lua meta fetcher debug: Trying Lua scripts in /Applications/VLC.app/Contents/MacOS/share/lua/meta/fetcher
[00007fa3ada09090] main meta fetcher debug: no meta fetcher modules matched
[00007fa3ad80a520] main art finder debug: looking for art finder module matching "any": 2 candidates
[00007fa3ad80a520] lua art finder debug: Trying Lua scripts in /Users/apple/Library/Application Support/org.videolan.vlc/lua/meta/art
[00007fa3ad80a520] lua art finder debug: Trying Lua scripts in /Applications/VLC.app/Contents/MacOS/lua/meta/art
[00007fa3ad80a520] lua art finder debug: Trying Lua scripts in /Applications/VLC.app/Contents/MacOS/share/lua/meta/art
[00007fa3ad80a520] lua art finder debug: Trying Lua playlist script /Applications/VLC.app/Contents/MacOS/share/lua/meta/art/00_musicbrainz.luac
[00007fa3ad80a520] lua art finder debug: Trying Lua playlist script /Applications/VLC.app/Contents/MacOS/share/lua/meta/art/01_googleimage.luac
[00007fa3ad80a520] lua art finder debug: Trying Lua playlist script /Applications/VLC.app/Contents/MacOS/share/lua/meta/art/02_frenchtv.luac
[00007fa3ad80a520] lua art finder debug: Trying Lua playlist script /Applications/VLC.app/Contents/MacOS/share/lua/meta/art/03_lastfm.luac
[00007fa3ad80a520] main art finder debug: no art finder modules matched
[00007fa3ad0326f0] main input debug: Creating an input for preparsing '【東京事変】もしも「群青日和」がドラムンベースだったら？ [tog8kYHMh-8].webm'
[00007fa39cf04870] main meta fetcher debug: looking for meta fetcher module matching "any": 1 candidates
[00007fa39cf04870] lua meta fetcher debug: Trying Lua scripts in /Users/apple/Library/Application Support/org.videolan.vlc/lua/meta/fetcher
[00007fa39cf04870] lua meta fetcher debug: Trying Lua scripts in /Applications/VLC.app/Contents/MacOS/lua/meta/fetcher
[00007fa39cf04870] lua meta fetcher debug: Trying Lua scripts in /Applications/VLC.app/Contents/MacOS/share/lua/meta/fetcher
[00007fa39cf04870] main meta fetcher debug: no meta fetcher modules matched
[00007fa39cf04870] main art finder debug: looking for art finder module matching "any": 2 candidates
[00007fa39cf04870] lua art finder debug: Trying Lua scripts in /Users/apple/Library/Application Support/org.videolan.vlc/lua/meta/art
[00007fa39cf04870] lua art finder debug: Trying Lua scripts in /Applications/VLC.app/Contents/MacOS/lua/meta/art
[00007fa39cf04870] lua art finder debug: Trying Lua scripts in /Applications/VLC.app/Contents/MacOS/share/lua/meta/art
[00007fa39cf04870] lua art finder debug: Trying Lua playlist script /Applications/VLC.app/Contents/MacOS/share/lua/meta/art/00_musicbrainz.luac
[00007fa39cf04870] lua art finder debug: skipping script (unmatched scope) /Applications/VLC.app/Contents/MacOS/share/lua/meta/art/00_musicbrainz.luac
[00007fa39cf04870] lua art finder debug: Trying Lua playlist script /Applications/VLC.app/Contents/MacOS/share/lua/meta/art/01_googleimage.luac
[00007fa39cf04870] lua art finder debug: skipping script (unmatched scope) /Applications/VLC.app/Contents/MacOS/share/lua/meta/art/01_googleimage.luac
[00007fa39cf04870] lua art finder debug: Trying Lua playlist script /Applications/VLC.app/Contents/MacOS/share/lua/meta/art/02_frenchtv.luac
[00007fa39cf04870] lua art finder debug: skipping script (unmatched scope) /Applications/VLC.app/Contents/MacOS/share/lua/meta/art/02_frenchtv.luac
[00007fa39cf04870] lua art finder debug: Trying Lua playlist script /Applications/VLC.app/Contents/MacOS/share/lua/meta/art/03_lastfm.luac
[00007fa39cf04870] lua art finder debug: skipping script (unmatched scope) /Applications/VLC.app/Contents/MacOS/share/lua/meta/art/03_lastfm.luac
[00007fa39cf04870] main art finder debug: no art finder modules matched
[00007fa3ada08cf0] main meta fetcher debug: looking for meta fetcher module matching "any": 1 candidates
[00007fa3ada08cf0] lua meta fetcher debug: Trying Lua scripts in /Users/apple/Library/Application Support/org.videolan.vlc/lua/meta/fetcher
[00007fa3ada08cf0] lua meta fetcher debug: Trying Lua scripts in /Applications/VLC.app/Contents/MacOS/lua/meta/fetcher
[00007fa3ada08cf0] lua meta fetcher debug: Trying Lua scripts in /Applications/VLC.app/Contents/MacOS/share/lua/meta/fetcher
[00007fa3ada08cf0] main meta fetcher debug: no meta fetcher modules matched
[00007fa3ad90e3b0] main art finder debug: looking for art finder module matching "any": 2 candidates
[00007fa3ad90e3b0] lua art finder debug: Trying Lua scripts in /Users/apple/Library/Application Support/org.videolan.vlc/lua/meta/art
[00007fa3ad90e3b0] lua art finder debug: Trying Lua scripts in /Applications/VLC.app/Contents/MacOS/lua/meta/art
[00007fa3ad90e3b0] lua art finder debug: Trying Lua scripts in /Applications/VLC.app/Contents/MacOS/share/lua/meta/art
[00007fa3ad90e3b0] lua art finder debug: Trying Lua playlist script /Applications/VLC.app/Contents/MacOS/share/lua/meta/art/00_musicbrainz.luac
[00007fa3ad90e3b0] lua art finder debug: Trying Lua playlist script /Applications/VLC.app/Contents/MacOS/share/lua/meta/art/01_googleimage.luac
[00007fa3ad90e3b0] lua art finder debug: Trying Lua playlist script /Applications/VLC.app/Contents/MacOS/share/lua/meta/art/02_frenchtv.luac
[00007fa3ad90e3b0] lua art finder debug: Trying Lua playlist script /Applications/VLC.app/Contents/MacOS/share/lua/meta/art/03_lastfm.luac
[00007fa3ad90e3b0] main art finder debug: no art finder modules matched
[00007fa3ae808ef0] main input debug: Creating an input for preparsing 'ハナミズキ - 一青窈【ノリノリREMIX】 [_NHK4_86xj0].webm'
[00007fa3ad80a520] main meta fetcher debug: looking for meta fetcher module matching "any": 1 candidates
[00007fa3ad80a520] lua meta fetcher debug: Trying Lua scripts in /Users/apple/Library/Application Support/org.videolan.vlc/lua/meta/fetcher
[00007fa3ad80a520] lua meta fetcher debug: Trying Lua scripts in /Applications/VLC.app/Contents/MacOS/lua/meta/fetcher
[00007fa3ad80a520] lua meta fetcher debug: Trying Lua scripts in /Applications/VLC.app/Contents/MacOS/share/lua/meta/fetcher
[00007fa3ad80a520] main meta fetcher debug: no meta fetcher modules matched
[00007fa3ad80a520] main art finder debug: looking for art finder module matching "any": 2 candidates
[00007fa3ad80a520] lua art finder debug: Trying Lua scripts in /Users/apple/Library/Application Support/org.videolan.vlc/lua/meta/art
[00007fa3ad80a520] lua art finder debug: Trying Lua scripts in /Applications/VLC.app/Contents/MacOS/lua/meta/art
[00007fa3ad80a520] lua art finder debug: Trying Lua scripts in /Applications/VLC.app/Contents/MacOS/share/lua/meta/art
[00007fa3ad80a520] lua art finder debug: Trying Lua playlist script /Applications/VLC.app/Contents/MacOS/share/lua/meta/art/00_musicbrainz.luac
[00007fa3ad80a520] lua art finder debug: skipping script (unmatched scope) /Applications/VLC.app/Contents/MacOS/share/lua/meta/art/00_musicbrainz.luac
[00007fa3ad80a520] lua art finder debug: Trying Lua playlist script /Applications/VLC.app/Contents/MacOS/share/lua/meta/art/01_googleimage.luac
[00007fa3ad80a520] lua art finder debug: skipping script (unmatched scope) /Applications/VLC.app/Contents/MacOS/share/lua/meta/art/01_googleimage.luac
[00007fa3ad80a520] lua art finder debug: Trying Lua playlist script /Applications/VLC.app/Contents/MacOS/share/lua/meta/art/02_frenchtv.luac
[00007fa3ad80a520] lua art finder debug: skipping script (unmatched scope) /Applications/VLC.app/Contents/MacOS/share/lua/meta/art/02_frenchtv.luac
[00007fa3ad80a520] lua art finder debug: Trying Lua playlist script /Applications/VLC.app/Contents/MacOS/share/lua/meta/art/03_lastfm.luac
[00007fa3ad80a520] lua art finder debug: skipping script (unmatched scope) /Applications/VLC.app/Contents/MacOS/share/lua/meta/art/03_lastfm.luac
[00007fa3ad80a520] main art finder debug: no art finder modules matched
[00007fa39cf049e0] main meta fetcher debug: looking for meta fetcher module matching "any": 1 candidates
[00007fa39cf049e0] lua meta fetcher debug: Trying Lua scripts in /Users/apple/Library/Application Support/org.videolan.vlc/lua/meta/fetcher
[00007fa39cf049e0] lua meta fetcher debug: Trying Lua scripts in /Applications/VLC.app/Contents/MacOS/lua/meta/fetcher
[00007fa39cf049e0] lua meta fetcher debug: Trying Lua scripts in /Applications/VLC.app/Contents/MacOS/share/lua/meta/fetcher
[00007fa39cf049e0] main meta fetcher debug: no meta fetcher modules matched
[00007fa39cf049e0] main art finder debug: looking for art finder module matching "any": 2 candidates
[00007fa39cf049e0] lua art finder debug: Trying Lua scripts in /Users/apple/Library/Application Support/org.videolan.vlc/lua/meta/art
[00007fa39cf049e0] lua art finder debug: Trying Lua scripts in /Applications/VLC.app/Contents/MacOS/lua/meta/art
[00007fa39cf049e0] lua art finder debug: Trying Lua scripts in /Applications/VLC.app/Contents/MacOS/share/lua/meta/art
[00007fa39cf049e0] lua art finder debug: Trying Lua playlist script /Applications/VLC.app/Contents/MacOS/share/lua/meta/art/00_musicbrainz.luac
[00007fa39cf049e0] lua art finder debug: Trying Lua playlist script /Applications/VLC.app/Contents/MacOS/share/lua/meta/art/01_googleimage.luac
[00007fa39cf049e0] lua art finder debug: Trying Lua playlist script /Applications/VLC.app/Contents/MacOS/share/lua/meta/art/02_frenchtv.luac
[00007fa39cf049e0] lua art finder debug: Trying Lua playlist script /Applications/VLC.app/Contents/MacOS/share/lua/meta/art/03_lastfm.luac
[00007fa39cf049e0] main art finder debug: no art finder modules matched
[00007fa3ad00f2f0] main input debug: Creating an input for preparsing '粉雪 - レミオロメン【ノリノリREMIX ⧸ ドパガキREMIX】 [jgt9BGvZ8Vg].webm'
[00007fa39e505f50] main meta fetcher debug: looking for meta fetcher module matching "any": 1 candidates
[00007fa39e505f50] lua meta fetcher debug: Trying Lua scripts in /Users/apple/Library/Application Support/org.videolan.vlc/lua/meta/fetcher
[00007fa39e505f50] lua meta fetcher debug: Trying Lua scripts in /Applications/VLC.app/Contents/MacOS/lua/meta/fetcher
[00007fa39e505f50] lua meta fetcher debug: Trying Lua scripts in /Applications/VLC.app/Contents/MacOS/share/lua/meta/fetcher
[00007fa39e505f50] main meta fetcher debug: no meta fetcher modules matched
[00007fa39e505f50] main art finder debug: looking for art finder module matching "any": 2 candidates
[00007fa39e505f50] lua art finder debug: Trying Lua scripts in /Users/apple/Library/Application Support/org.videolan.vlc/lua/meta/art
[00007fa39e505f50] lua art finder debug: Trying Lua scripts in /Applications/VLC.app/Contents/MacOS/lua/meta/art
[00007fa39e505f50] lua art finder debug: Trying Lua scripts in /Applications/VLC.app/Contents/MacOS/share/lua/meta/art
[00007fa39e505f50] lua art finder debug: Trying Lua playlist script /Applications/VLC.app/Contents/MacOS/share/lua/meta/art/00_musicbrainz.luac
[00007fa39e505f50] lua art finder debug: skipping script (unmatched scope) /Applications/VLC.app/Contents/MacOS/share/lua/meta/art/00_musicbrainz.luac
[00007fa39e505f50] lua art finder debug: Trying Lua playlist script /Applications/VLC.app/Contents/MacOS/share/lua/meta/art/01_googleimage.luac
[00007fa39e505f50] lua art finder debug: skipping script (unmatched scope) /Applications/VLC.app/Contents/MacOS/share/lua/meta/art/01_googleimage.luac
[00007fa39e505f50] lua art finder debug: Trying Lua playlist script /Applications/VLC.app/Contents/MacOS/share/lua/meta/art/02_frenchtv.luac
[00007fa39e505f50] lua art finder debug: skipping script (unmatched scope) /Applications/VLC.app/Contents/MacOS/share/lua/meta/art/02_frenchtv.luac
[00007fa39e505f50] lua art finder debug: Trying Lua playlist script /Applications/VLC.app/Contents/MacOS/share/lua/meta/art/03_lastfm.luac
[00007fa39e505f50] lua art finder debug: skipping script (unmatched scope) /Applications/VLC.app/Contents/MacOS/share/lua/meta/art/03_lastfm.luac
[00007fa39e505f50] main art finder debug: no art finder modules matched
[00007fa39e705640] main meta fetcher debug: looking for meta fetcher module matching "any": 1 candidates
[00007fa39e705640] lua meta fetcher debug: Trying Lua scripts in /Users/apple/Library/Application Support/org.videolan.vlc/lua/meta/fetcher
[00007fa39e705640] lua meta fetcher debug: Trying Lua scripts in /Applications/VLC.app/Contents/MacOS/lua/meta/fetcher
[00007fa39e705640] lua meta fetcher debug: Trying Lua scripts in /Applications/VLC.app/Contents/MacOS/share/lua/meta/fetcher
[00007fa39e705640] main meta fetcher debug: no meta fetcher modules matched
[00007fa3ad80a520] main art finder debug: looking for art finder module matching "any": 2 candidates
[00007fa3ad80a520] lua art finder debug: Trying Lua scripts in /Users/apple/Library/Application Support/org.videolan.vlc/lua/meta/art
[00007fa3ad80a520] lua art finder debug: Trying Lua scripts in /Applications/VLC.app/Contents/MacOS/lua/meta/art
[00007fa3ad80a520] lua art finder debug: Trying Lua scripts in /Applications/VLC.app/Contents/MacOS/share/lua/meta/art
[00007fa3ad80a520] lua art finder debug: Trying Lua playlist script /Applications/VLC.app/Contents/MacOS/share/lua/meta/art/00_musicbrainz.luac
[00007fa3ad80a520] lua art finder debug: Trying Lua playlist script /Applications/VLC.app/Contents/MacOS/share/lua/meta/art/01_googleimage.luac
[00007fa3ad80a520] lua art finder debug: Trying Lua playlist script /Applications/VLC.app/Contents/MacOS/share/lua/meta/art/02_frenchtv.luac
[00007fa3ad80a520] lua art finder debug: Trying Lua playlist script /Applications/VLC.app/Contents/MacOS/share/lua/meta/art/03_lastfm.luac
[00007fa3ad80a520] main art finder debug: no art finder modules matched
[00007fa39e8096f0] main input debug: Creating an input for preparsing '粉雪 - レミオロメン【ノリノリREMIX】 [sjRYYBZHGWA].webm'
[00007fa3ad90d370] main meta fetcher debug: looking for meta fetcher module matching "any": 1 candidates
[00007fa3ad90d370] lua meta fetcher debug: Trying Lua scripts in /Users/apple/Library/Application Support/org.videolan.vlc/lua/meta/fetcher
[00007fa3ad90d370] lua meta fetcher debug: Trying Lua scripts in /Applications/VLC.app/Contents/MacOS/lua/meta/fetcher
[00007fa3ad90d370] lua meta fetcher debug: Trying Lua scripts in /Applications/VLC.app/Contents/MacOS/share/lua/meta/fetcher
[00007fa3ad90d370] main meta fetcher debug: no meta fetcher modules matched
[00007fa39e704170] main art finder debug: looking for art finder module matching "any": 2 candidates
[00007fa39e704170] lua art finder debug: Trying Lua scripts in /Users/apple/Library/Application Support/org.videolan.vlc/lua/meta/art
[00007fa39e704170] lua art finder debug: Trying Lua scripts in /Applications/VLC.app/Contents/MacOS/lua/meta/art
[00007fa39e704170] lua art finder debug: Trying Lua scripts in /Applications/VLC.app/Contents/MacOS/share/lua/meta/art
[00007fa39e704170] lua art finder debug: Trying Lua playlist script /Applications/VLC.app/Contents/MacOS/share/lua/meta/art/00_musicbrainz.luac
[00007fa39e704170] lua art finder debug: skipping script (unmatched scope) /Applications/VLC.app/Contents/MacOS/share/lua/meta/art/00_musicbrainz.luac
[00007fa39e704170] lua art finder debug: Trying Lua playlist script /Applications/VLC.app/Contents/MacOS/share/lua/meta/art/01_googleimage.luac
[00007fa39e704170] lua art finder debug: skipping script (unmatched scope) /Applications/VLC.app/Contents/MacOS/share/lua/meta/art/01_googleimage.luac
[00007fa39e704170] lua art finder debug: Trying Lua playlist script /Applications/VLC.app/Contents/MacOS/share/lua/meta/art/02_frenchtv.luac
[00007fa39e704170] lua art finder debug: skipping script (unmatched scope) /Applications/VLC.app/Contents/MacOS/share/lua/meta/art/02_frenchtv.luac
[00007fa39e704170] lua art finder debug: Trying Lua playlist script /Applications/VLC.app/Contents/MacOS/share/lua/meta/art/03_lastfm.luac
[00007fa39e704170] lua art finder debug: skipping script (unmatched scope) /Applications/VLC.app/Contents/MacOS/share/lua/meta/art/03_lastfm.luac
[00007fa39e704170] main art finder debug: no art finder modules matched
[00007fa3acf06dc0] main meta fetcher debug: looking for meta fetcher module matching "any": 1 candidates
[00007fa3acf06dc0] lua meta fetcher debug: Trying Lua scripts in /Users/apple/Library/Application Support/org.videolan.vlc/lua/meta/fetcher
[00007fa3acf06dc0] lua meta fetcher debug: Trying Lua scripts in /Applications/VLC.app/Contents/MacOS/lua/meta/fetcher
[00007fa3acf06dc0] lua meta fetcher debug: Trying Lua scripts in /Applications/VLC.app/Contents/MacOS/share/lua/meta/fetcher
[00007fa3acf06dc0] main meta fetcher debug: no meta fetcher modules matched
[00007fa3ad90d370] main art finder debug: looking for art finder module matching "any": 2 candidates
[00007fa3ad90d370] lua art finder debug: Trying Lua scripts in /Users/apple/Library/Application Support/org.videolan.vlc/lua/meta/art
[00007fa3ad90d370] lua art finder debug: Trying Lua scripts in /Applications/VLC.app/Contents/MacOS/lua/meta/art
[00007fa3ad90d370] lua art finder debug: Trying Lua scripts in /Applications/VLC.app/Contents/MacOS/share/lua/meta/art
[00007fa3ad90d370] lua art finder debug: Trying Lua playlist script /Applications/VLC.app/Contents/MacOS/share/lua/meta/art/00_musicbrainz.luac
[00007fa3ad90d370] lua art finder debug: Trying Lua playlist script /Applications/VLC.app/Contents/MacOS/share/lua/meta/art/01_googleimage.luac
[00007fa3ad90d370] lua art finder debug: Trying Lua playlist script /Applications/VLC.app/Contents/MacOS/share/lua/meta/art/02_frenchtv.luac
[00007fa3ad90d370] lua art finder debug: Trying Lua playlist script /Applications/VLC.app/Contents/MacOS/share/lua/meta/art/03_lastfm.luac
[00007fa3ad90d370] main art finder debug: no art finder modules matched
[00007fa39e5054a0] auhal audio output debug: Trying to use stored audio device 0 (analog)
[00007fa39e5054a0] auhal audio output debug: Rebuild device list
[00007fa39e5054a0] auhal audio output debug: found 10 audio device(s)
[00007fa39e5054a0] auhal audio output debug: DevID: 137 DevName: DELL S2721D
[00007fa3ae01a2f0] main input debug: Creating an input for preparsing 'GMT20260914-010058_Recording_1724x812.mp4'
[00007fa3acf06dc0] main meta fetcher debug: looking for meta fetcher module matching "any": 1 candidates
[00007fa3acf06dc0] lua meta fetcher debug: Trying Lua scripts in /Users/apple/Library/Application Support/org.videolan.vlc/lua/meta/fetcher
[00007fa3acf06dc0] lua meta fetcher debug: Trying Lua scripts in /Applications/VLC.app/Contents/MacOS/lua/meta/fetcher
[00007fa3acf06dc0] lua meta fetcher debug: Trying Lua scripts in /Applications/VLC.app/Contents/MacOS/share/lua/meta/fetcher
[00007fa3acf06dc0] main meta fetcher debug: no meta fetcher modules matched
[00007fa3ad80a520] main art finder debug: looking for art finder module matching "any": 2 candidates
[00007fa3ad80a520] lua art finder debug: Trying Lua scripts in /Users/apple/Library/Application Support/org.videolan.vlc/lua/meta/art
[00007fa3ad80a520] lua art finder debug: Trying Lua scripts in /Applications/VLC.app/Contents/MacOS/lua/meta/art
[00007fa3ad80a520] lua art finder debug: Trying Lua scripts in /Applications/VLC.app/Contents/MacOS/share/lua/meta/art
[00007fa3ad80a520] lua art finder debug: Trying Lua playlist script /Applications/VLC.app/Contents/MacOS/share/lua/meta/art/00_musicbrainz.luac
[00007fa3ad80a520] lua art finder debug: skipping script (unmatched scope) /Applications/VLC.app/Contents/MacOS/share/lua/meta/art/00_musicbrainz.luac
[00007fa3ad80a520] lua art finder debug: Trying Lua playlist script /Applications/VLC.app/Contents/MacOS/share/lua/meta/art/01_googleimage.luac
[00007fa3ad80a520] lua art finder debug: skipping script (unmatched scope) /Applications/VLC.app/Contents/MacOS/share/lua/meta/art/01_googleimage.luac
[00007fa3ad80a520] lua art finder debug: Trying Lua playlist script /Applications/VLC.app/Contents/MacOS/share/lua/meta/art/02_frenchtv.luac
[00007fa3ad80a520] lua art finder debug: skipping script (unmatched scope) /Applications/VLC.app/Contents/MacOS/share/lua/meta/art/02_frenchtv.luac
[00007fa3ad80a520] lua art finder debug: Trying Lua playlist script /Applications/VLC.app/Contents/MacOS/share/lua/meta/art/03_lastfm.luac
[00007fa3ad80a520] lua art finder debug: skipping script (unmatched scope) /Applications/VLC.app/Contents/MacOS/share/lua/meta/art/03_lastfm.luac
[00007fa3ad80a520] main art finder debug: no art finder modules matched
[00007fa39e505f50] main meta fetcher debug: looking for meta fetcher module matching "any": 1 candidates
[00007fa39e505f50] lua meta fetcher debug: Trying Lua scripts in /Users/apple/Library/Application Support/org.videolan.vlc/lua/meta/fetcher
[00007fa39e505f50] lua meta fetcher debug: Trying Lua scripts in /Applications/VLC.app/Contents/MacOS/lua/meta/fetcher
[00007fa39e505f50] lua meta fetcher debug: Trying Lua scripts in /Applications/VLC.app/Contents/MacOS/share/lua/meta/fetcher
[00007fa39e505f50] main meta fetcher debug: no meta fetcher modules matched
[00007fa3acf06dc0] main art finder debug: looking for art finder module matching "any": 2 candidates
[00007fa3acf06dc0] lua art finder debug: Trying Lua scripts in /Users/apple/Library/Application Support/org.videolan.vlc/lua/meta/art
[00007fa3acf06dc0] lua art finder debug: Trying Lua scripts in /Applications/VLC.app/Contents/MacOS/lua/meta/art
[00007fa3acf06dc0] lua art finder debug: Trying Lua scripts in /Applications/VLC.app/Contents/MacOS/share/lua/meta/art
[00007fa3acf06dc0] lua art finder debug: Trying Lua playlist script /Applications/VLC.app/Contents/MacOS/share/lua/meta/art/00_musicbrainz.luac
[00007fa3acf06dc0] lua art finder debug: Trying Lua playlist script /Applications/VLC.app/Contents/MacOS/share/lua/meta/art/01_googleimage.luac
[00007fa3acf06dc0] lua art finder debug: Trying Lua playlist script /Applications/VLC.app/Contents/MacOS/share/lua/meta/art/02_frenchtv.luac
[00007fa3acf06dc0] lua art finder debug: Trying Lua playlist script /Applications/VLC.app/Contents/MacOS/share/lua/meta/art/03_lastfm.luac
[00007fa3acf06dc0] main art finder debug: no art finder modules matched
[00007fa39e5054a0] auhal audio output debug: DevID: 152 DevName: Plantronics Blackwire 5220 Series
[00007fa39e5054a0] auhal audio output debug: this 'Plantronics Blackwire 5220 Series' is INPUT only. skipping...
[00007fa39e5054a0] auhal audio output debug: DevID: 156 DevName: Plantronics Blackwire 5220 Series
[00007fa39e5054a0] auhal audio output debug: DevID: 110 DevName: BlackHole 2ch
[00007fa39e5054a0] auhal audio output debug: DevID: 103 DevName: 外部ヘッドフォン
[00007fa39e5054a0] auhal audio output debug: DevID: 98 DevName: MacBook Airのマイク
[00007fa39e5054a0] auhal audio output debug: this 'MacBook Airのマイク' is INPUT only. skipping...
[00007fa39e5054a0] auhal audio output debug: DevID: 91 DevName: MacBook Airのスピーカー
[00007fa39e5054a0] auhal audio output debug: DevID: 127 DevName: Microsoft Teams Audio
[00007fa39e5054a0] auhal audio output debug: DevID: 53 DevName: 複数入力装置
[00007fa39e5054a0] auhal audio output debug: DevID: 64 DevName: 複数出力装置
[00007fa39e5054a0] main audio output debug: using audio output module "auhal"
[00007fa3ad906b00] main playlist debug: keeping audio output
[00007fa3ad80a520] main interface debug: looking for interface module matching "luaintf,none": 15 candidates
[00007fa3ad80a520] [advanced_ab_looper_intf] lua interface debug: Found lua interface script: /Users/apple/Library/Application Support/org.videolan.vlc/lua/intf/advanced_ab_looper_intf.lua
[00007fa3ad80a520] [advanced_ab_looper_intf] main interface debug: using interface module "lua"
[00007fa3ad80efc0] main interface debug: looking for interface module matching "hotkeys,none": 15 candidates
[00007fa3ad80a520] [advanced_ab_looper_intf] lua interface: [Advanced A-B Looper] v2.3 helper started
[00007fa3ad80efc0] main interface debug: using interface module "hotkeys"
[00007fa3acf06270] main libvlc: vlcはデフォルトのインターフェースで実行しています。インターフェースのない vlc を使用するには'cvlc'を使用してください。
[00007fa3ad90f480] main interface debug: looking for interface module matching "any": 15 candidates
[00007fa3ad90f480] macosx interface debug: Starting macosx interface
[00007fa3ada05320] main meta fetcher debug: looking for meta fetcher module matching "any": 1 candidates
[00007fa3ada05320] lua meta fetcher debug: Trying Lua scripts in /Users/apple/Library/Application Support/org.videolan.vlc/lua/meta/fetcher
[00007fa3ada05320] lua meta fetcher debug: Trying Lua scripts in /Applications/VLC.app/Contents/MacOS/lua/meta/fetcher
[00007fa3ada05320] lua meta fetcher debug: Trying Lua scripts in /Applications/VLC.app/Contents/MacOS/share/lua/meta/fetcher
[00007fa3ada05320] main meta fetcher debug: no meta fetcher modules matched
[00007fa3ada05320] main art finder debug: looking for art finder module matching "any": 2 candidates
[00007fa3ada05320] lua art finder debug: Trying Lua scripts in /Users/apple/Library/Application Support/org.videolan.vlc/lua/meta/art
[00007fa3ada05320] lua art finder debug: Trying Lua scripts in /Applications/VLC.app/Contents/MacOS/lua/meta/art
[00007fa3ada05320] lua art finder debug: Trying Lua scripts in /Applications/VLC.app/Contents/MacOS/share/lua/meta/art
[00007fa3ada05320] lua art finder debug: Trying Lua playlist script /Applications/VLC.app/Contents/MacOS/share/lua/meta/art/00_musicbrainz.luac
[00007fa3ada05320] lua art finder debug: skipping script (unmatched scope) /Applications/VLC.app/Contents/MacOS/share/lua/meta/art/00_musicbrainz.luac
[00007fa3ada05320] lua art finder debug: Trying Lua playlist script /Applications/VLC.app/Contents/MacOS/share/lua/meta/art/01_googleimage.luac
[00007fa3ada05320] lua art finder debug: skipping script (unmatched scope) /Applications/VLC.app/Contents/MacOS/share/lua/meta/art/01_googleimage.luac
[00007fa3ada05320] lua art finder debug: Trying Lua playlist script /Applications/VLC.app/Contents/MacOS/share/lua/meta/art/02_frenchtv.luac
[00007fa3ada05320] lua art finder debug: skipping script (unmatched scope) /Applications/VLC.app/Contents/MacOS/share/lua/meta/art/02_frenchtv.luac
[00007fa3ada05320] lua art finder debug: Trying Lua playlist script /Applications/VLC.app/Contents/MacOS/share/lua/meta/art/03_lastfm.luac
[00007fa3ada05320] lua art finder debug: skipping script (unmatched scope) /Applications/VLC.app/Contents/MacOS/share/lua/meta/art/03_lastfm.luac
[00007fa3ada05320] main art finder debug: no art finder modules matched
[00007fa3ada05320] main meta fetcher debug: looking for meta fetcher module matching "any": 1 candidates
[00007fa3ada05320] lua meta fetcher debug: Trying Lua scripts in /Users/apple/Library/Application Support/org.videolan.vlc/lua/meta/fetcher
[00007fa3ada05320] lua meta fetcher debug: Trying Lua scripts in /Applications/VLC.app/Contents/MacOS/lua/meta/fetcher
[00007fa3ada05320] lua meta fetcher debug: Trying Lua scripts in /Applications/VLC.app/Contents/MacOS/share/lua/meta/fetcher
[00007fa3ada05320] main meta fetcher debug: no meta fetcher modules matched
[00007fa3ada05320] main art finder debug: looking for art finder module matching "any": 2 candidates
[00007fa3ada05320] lua art finder debug: Trying Lua scripts in /Users/apple/Library/Application Support/org.videolan.vlc/lua/meta/art
[00007fa3ada05320] lua art finder debug: Trying Lua scripts in /Applications/VLC.app/Contents/MacOS/lua/meta/art
[00007fa3ada05320] lua art finder debug: Trying Lua scripts in /Applications/VLC.app/Contents/MacOS/share/lua/meta/art
[00007fa3ada05320] lua art finder debug: Trying Lua playlist script /Applications/VLC.app/Contents/MacOS/share/lua/meta/art/00_musicbrainz.luac
[00007fa3ada05320] lua art finder debug: Trying Lua playlist script /Applications/VLC.app/Contents/MacOS/share/lua/meta/art/01_googleimage.luac
[00007fa3ada05320] lua art finder debug: Trying Lua playlist script /Applications/VLC.app/Contents/MacOS/share/lua/meta/art/02_frenchtv.luac
[00007fa3ada05320] lua art finder debug: Trying Lua playlist script /Applications/VLC.app/Contents/MacOS/share/lua/meta/art/03_lastfm.luac
[00007fa3ada05320] main art finder debug: no art finder modules matched
[00007fa3ad90f480] macosx interface debug: Initializing input manager
[00007fa3ad90f480] macosx interface debug: Register dialog provider
[00007fa3ad90f480] macosx interface debug: Loading VLCStatusBarIcon
[00007fa3acf77360] main probe debug: looking for renderer probe module matching "any": 1 candidates
[00007fa3acf77360] main probe debug: no renderer probe modules matched
[00007fa3ad8425b0] main generic debug: looking for extension module matching "any": 1 candidates
[00007fa3ad8425b0] lua generic debug: Opening Lua Extension module
[00007fa3ad8425b0] lua generic debug: Trying Lua scripts in /Users/apple/Library/Application Support/org.videolan.vlc/lua/extensions
[00007fa3ad8425b0] lua generic debug: Trying Lua playlist script /Users/apple/Library/Application Support/org.videolan.vlc/lua/extensions/advanced_ab_looper.lua
[00007fa3ad8425b0] lua generic debug: Scanning Lua script /Users/apple/Library/Application Support/org.videolan.vlc/lua/extensions/advanced_ab_looper.lua
[00007fa3ad8425b0] lua generic debug: Script /Users/apple/Library/Application Support/org.videolan.vlc/lua/extensions/advanced_ab_looper.lua has the following capability flags: 0x0
[00007fa3ad8425b0] lua generic debug: Trying Lua scripts in /Applications/VLC.app/Contents/MacOS/lua/extensions
[00007fa3ad8425b0] lua generic debug: Trying Lua scripts in /Applications/VLC.app/Contents/MacOS/share/lua/extensions
[00007fa3ad8425b0] lua generic debug: Trying Lua playlist script /Applications/VLC.app/Contents/MacOS/share/lua/extensions/VLSub.luac
[00007fa3ad8425b0] lua generic debug: Scanning Lua script /Applications/VLC.app/Contents/MacOS/share/lua/extensions/VLSub.luac
[00007fa3ad8425b0] lua generic debug: Script /Applications/VLC.app/Contents/MacOS/share/lua/extensions/VLSub.luac has the following capability flags: 0x5
[00007fa3ad8425b0] main generic debug: using extension module "lua"
[00007fa3ad90f480] macosx interface debug: Initializing playlist model
[00007fa3ad87a330] main probe debug: looking for services probe module matching "any": 6 candidates
[00007fa3ad87a330] main probe debug: no services probe modules matched
[00007fa3ad90f480] macosx interface debug: Finished loading macosx interface
[00007fa3ad90f480] main interface debug: using interface module "macosx"
[00007fa3ad906b00] main playlist debug: processing request item: null, node: プレイリスト, skip: 0
[00007fa3ad906b00] main playlist debug: rebuilding array of current - root プレイリスト
[00007fa3ad906b00] main playlist debug: rebuild done - 0 items, index -1
[00007fa3ad906b00] main playlist debug: nothing to play
[00007fa3ad90f480] macosx interface warning: Process is translated!
[00007fa3ad906b00] main playlist debug: processing request item: よるしか.flac, node: メディアライブラリ, skip: 0
[00007fa3ad906b00] main playlist debug: rebuilding array of current - root メディアライブラリ
[00007fa3ad906b00] main playlist debug: rebuild done - 9 items, index 5
[00007fa3ad906b00] main playlist debug: starting playback of new item
[00007fa3ad906b00] main playlist debug: resyncing on よるしか.flac
[00007fa3ad906b00] main playlist debug: よるしか.flac is at 5
[00007fa3ad906b00] main playlist debug: creating new input thread
[00007fa3a88202f0] main input debug: Creating an input for 'よるしか.flac'
[00007fa3ad906b00] main playlist debug: requesting art for new input thread
[00007fa3a88202f0] main input debug: using timeshift granularity of 50 MiB
[00007fa3a88202f0] main input debug: using default timeshift path
[00007fa3a88202f0] main input debug: `file:///Volumes/BUF_2T_02/%E3%82%88%E3%82%8B%E3%81%97%E3%81%8B.flac' gives access `file' demux `any' path `/Volumes/BUF_2T_02/%E3%82%88%E3%82%8B%E3%81%97%E3%81%8B.flac'
[00007fa39e7073b0] main input source debug: creating demux: access='file' demux='any' location='/Volumes/BUF_2T_02/%E3%82%88%E3%82%8B%E3%81%97%E3%81%8B.flac' file='/Volumes/BUF_2T_02/よるしか.flac'
[00007fa39e7094a0] main demux debug: looking for access_demux module matching "file": 14 candidates
[00007fa39e7094a0] main demux debug: no access_demux modules matched
[00007fa39e70add0] main stream debug: creating access: file:///Volumes/BUF_2T_02/%E3%82%88%E3%82%8B%E3%81%97%E3%81%8B.flac
[00007fa39e70add0] main stream debug:  (path: /Volumes/BUF_2T_02/よるしか.flac)
[00007fa39e70add0] main stream debug: looking for access module matching "file": 24 candidates
[00007fa39e70add0] filesystem stream error: cannot open file /Volumes/BUF_2T_02/よるしか.flac (No such file or directory)
[00007fa39e70add0] main stream debug: no access modules matched
[00007fa3ad906b00] main playlist debug: dead input
[00007fa3ad906b00] main playlist debug: changing item without a request (current 5/9)
[00007fa3ad906b00] main playlist debug: using item 6
[00007fa3ad906b00] main playlist debug: starting playback of new item
[00007fa3ad906b00] main playlist debug: resyncing on 粉雪 - レミオロメン【ノリノリREMIX ⧸ ドパガキREMIX】 [jgt9BGvZ8Vg].webm
[00007fa3ad906b00] main playlist debug: 粉雪 - レミオロメン【ノリノリREMIX ⧸ ドパガキREMIX】 [jgt9BGvZ8Vg].webm is at 6
[00007fa3ad906b00] main playlist debug: creating new input thread
[00007fa3a801aaf0] main input debug: Creating an input for '粉雪 - レミオロメン【ノリノリREMIX ⧸ ドパガキREMIX】 [jgt9BGvZ8Vg].webm'
[00007fa3ad906b00] main playlist debug: requesting art for new input thread
[00007fa3a801aaf0] main input debug: using timeshift granularity of 50 MiB
[00007fa3a801aaf0] main input debug: using default timeshift path
[00007fa3a801aaf0] main input debug: `file:///Users/apple/Downloads/%E7%B2%89%E9%9B%AA%20-%20%E3%83%AC%E3%83%9F%E3%82%AA%E3%83%AD%E3%83%A1%E3%83%B3%E3%80%90%E3%83%8E%E3%83%AA%E3%83%8E%E3%83%AAREMIX%20%E2%A7%B8%20%E3%83%88%E3%82%99%E3%83%8F%E3%82%9A%E3%82%AB%E3%82%99%E3%82%ADREMIX%E3%80%91%20%5Bjgt9BGvZ8Vg%5D.webm' gives access `file' demux `any' path `/Users/apple/Downloads/%E7%B2%89%E9%9B%AA%20-%20%E3%83%AC%E3%83%9F%E3%82%AA%E3%83%AD%E3%83%A1%E3%83%B3%E3%80%90%E3%83%8E%E3%83%AA%E3%83%8E%E3%83%AAREMIX%20%E2%A7%B8%20%E3%83%88%E3%82%99%E3%83%8F%E3%82%9A%E3%82%AB%E3%82%99%E3%82%ADREMIX%E3%80%91%20%5Bjgt9BGvZ8Vg%5D.webm'
[00007fa39cf08010] main input source debug: creating demux: access='file' demux='any' location='/Users/apple/Downloads/%E7%B2%89%E9%9B%AA%20-%20%E3%83%AC%E3%83%9F%E3%82%AA%E3%83%AD%E3%83%A1%E3%83%B3%E3%80%90%E3%83%8E%E3%83%AA%E3%83%8E%E3%83%AAREMIX%20%E2%A7%B8%20%E3%83%88%E3%82%99%E3%83%8F%E3%82%9A%E3%82%AB%E3%82%99%E3%82%ADREMIX%E3%80%91%20%5Bjgt9BGvZ8Vg%5D.webm' file='/Users/apple/Downloads/粉雪 - レミオロメン【ノリノリREMIX ⧸ ドパガキREMIX】 [jgt9BGvZ8Vg].webm'
[00007fa39cf08180] main demux debug: looking for access_demux module matching "file": 14 candidates
[00007fa39e7073b0] main meta fetcher debug: looking for meta fetcher module matching "any": 1 candidates
[00007fa39e7073b0] lua meta fetcher debug: Trying Lua scripts in /Users/apple/Library/Application Support/org.videolan.vlc/lua/meta/fetcher
[00007fa39e7073b0] lua meta fetcher debug: Trying Lua scripts in /Applications/VLC.app/Contents/MacOS/lua/meta/fetcher
[00007fa39e7073b0] lua meta fetcher debug: Trying Lua scripts in /Applications/VLC.app/Contents/MacOS/share/lua/meta/fetcher
[00007fa39e7073b0] main meta fetcher debug: no meta fetcher modules matched
[00007fa39cf08180] main demux debug: no access_demux modules matched
[00007fa39e7073b0] main art finder debug: looking for art finder module matching "any": 2 candidates
[00007fa39f817ee0] main stream debug: creating access: file:///Users/apple/Downloads/%E7%B2%89%E9%9B%AA%20-%20%E3%83%AC%E3%83%9F%E3%82%AA%E3%83%AD%E3%83%A1%E3%83%B3%E3%80%90%E3%83%8E%E3%83%AA%E3%83%8E%E3%83%AAREMIX%20%E2%A7%B8%20%E3%83%88%E3%82%99%E3%83%8F%E3%82%9A%E3%82%AB%E3%82%99%E3%82%ADREMIX%E3%80%91%20%5Bjgt9BGvZ8Vg%5D.webm
[00007fa39f817ee0] main stream debug:  (path: /Users/apple/Downloads/粉雪 - レミオロメン【ノリノリREMIX ⧸ ドパガキREMIX】 [jgt9BGvZ8Vg].webm)
[00007fa39f817ee0] main stream debug: looking for access module matching "file": 24 candidates
[00007fa39e7073b0] lua art finder debug: Trying Lua scripts in /Users/apple/Library/Application Support/org.videolan.vlc/lua/meta/art
[00007fa39e7073b0] lua art finder debug: Trying Lua scripts in /Applications/VLC.app/Contents/MacOS/lua/meta/art
[00007fa39e7073b0] lua art finder debug: Trying Lua scripts in /Applications/VLC.app/Contents/MacOS/share/lua/meta/art
[00007fa39f817ee0] main stream debug: using access module "filesystem"
[00007fa39e50a0c0] main stream debug: looking for stream_filter module matching "prefetch,cache_read": 26 candidates
[00007fa39e50a0c0] cache_read stream debug: Using stream method for AStream*
[00007fa39e50a0c0] cache_read stream debug: starting pre-buffering
[00007fa39e7073b0] lua art finder debug: Trying Lua playlist script /Applications/VLC.app/Contents/MacOS/share/lua/meta/art/00_musicbrainz.luac
[00007fa39e50a0c0] cache_read stream debug: received first data after 0 ms
[00007fa39e50a0c0] cache_read stream debug: pre-buffering done 1024 bytes in 0s - 15625 KiB/s
[00007fa39e50a0c0] main stream debug: using stream_filter module "cache_read"
[00007fa39e50c990] main stream debug: looking for stream_filter module matching "any": 26 candidates
[00007fa39e50c990] lua stream debug: Trying Lua scripts in /Users/apple/Library/Application Support/org.videolan.vlc/lua/playlist
[00007fa39e50c990] lua stream debug: Trying Lua scripts in /Applications/VLC.app/Contents/MacOS/lua/playlist
[00007fa39e50c990] lua stream debug: Trying Lua scripts in /Applications/VLC.app/Contents/MacOS/share/lua/playlist
[00007fa39e50c990] lua stream debug: Trying Lua playlist script /Applications/VLC.app/Contents/MacOS/share/lua/playlist/anevia_streams.luac
[00007fa39e7073b0] lua art finder debug: skipping script (unmatched scope) /Applications/VLC.app/Contents/MacOS/share/lua/meta/art/00_musicbrainz.luac
[00007fa39e7073b0] lua art finder debug: Trying Lua playlist script /Applications/VLC.app/Contents/MacOS/share/lua/meta/art/01_googleimage.luac
[00007fa39e50c990] lua stream debug: Trying Lua playlist script /Applications/VLC.app/Contents/MacOS/share/lua/playlist/anevia_xml.luac
[00007fa39e7073b0] lua art finder debug: skipping script (unmatched scope) /Applications/VLC.app/Contents/MacOS/share/lua/meta/art/01_googleimage.luac
[00007fa39e50c990] lua stream debug: Trying Lua playlist script /Applications/VLC.app/Contents/MacOS/share/lua/playlist/appletrailers.luac
[00007fa39e7073b0] lua art finder debug: Trying Lua playlist script /Applications/VLC.app/Contents/MacOS/share/lua/meta/art/02_frenchtv.luac
[00007fa39e7073b0] lua art finder debug: skipping script (unmatched scope) /Applications/VLC.app/Contents/MacOS/share/lua/meta/art/02_frenchtv.luac
[00007fa39e50c990] lua stream debug: Trying Lua playlist script /Applications/VLC.app/Contents/MacOS/share/lua/playlist/bbc_co_uk.luac
[00007fa39e7073b0] lua art finder debug: Trying Lua playlist script /Applications/VLC.app/Contents/MacOS/share/lua/meta/art/03_lastfm.luac
[00007fa39e7073b0] lua art finder debug: skipping script (unmatched scope) /Applications/VLC.app/Contents/MacOS/share/lua/meta/art/03_lastfm.luac
[00007fa39e7073b0] main art finder debug: no art finder modules matched
[00007fa39e50c990] lua stream debug: Trying Lua playlist script /Applications/VLC.app/Contents/MacOS/share/lua/playlist/cue.luac
[00007fa39f818890] main meta fetcher debug: looking for meta fetcher module matching "any": 1 candidates
[00007fa39f818890] lua meta fetcher debug: Trying Lua scripts in /Users/apple/Library/Application Support/org.videolan.vlc/lua/meta/fetcher
[00007fa39f818890] lua meta fetcher debug: Trying Lua scripts in /Applications/VLC.app/Contents/MacOS/lua/meta/fetcher
[00007fa39f818890] lua meta fetcher debug: Trying Lua scripts in /Applications/VLC.app/Contents/MacOS/share/lua/meta/fetcher
[00007fa39f818890] main meta fetcher debug: no meta fetcher modules matched
[00007fa39e7073b0] main art finder debug: looking for art finder module matching "any": 2 candidates
[00007fa39e7073b0] lua art finder debug: Trying Lua scripts in /Users/apple/Library/Application Support/org.videolan.vlc/lua/meta/art
[00007fa39e7073b0] lua art finder debug: Trying Lua scripts in /Applications/VLC.app/Contents/MacOS/lua/meta/art
[00007fa39e7073b0] lua art finder debug: Trying Lua scripts in /Applications/VLC.app/Contents/MacOS/share/lua/meta/art
[00007fa39e7073b0] lua art finder debug: Trying Lua playlist script /Applications/VLC.app/Contents/MacOS/share/lua/meta/art/00_musicbrainz.luac
[00007fa39e50c990] lua stream debug: Trying Lua playlist script /Applications/VLC.app/Contents/MacOS/share/lua/playlist/dailymotion.luac
[00007fa39e50c990] lua stream debug: Trying Lua playlist script /Applications/VLC.app/Contents/MacOS/share/lua/playlist/jamendo.luac
[00007fa39e7073b0] lua art finder debug: Trying Lua playlist script /Applications/VLC.app/Contents/MacOS/share/lua/meta/art/01_googleimage.luac
[00007fa39e7073b0] lua art finder debug: Trying Lua playlist script /Applications/VLC.app/Contents/MacOS/share/lua/meta/art/02_frenchtv.luac
[00007fa39e50c990] lua stream debug: Trying Lua playlist script /Applications/VLC.app/Contents/MacOS/share/lua/playlist/koreus.luac
[00007fa39e50c990] lua stream debug: Trying Lua playlist script /Applications/VLC.app/Contents/MacOS/share/lua/playlist/liveleak.luac
[00007fa39e7073b0] lua art finder debug: Trying Lua playlist script /Applications/VLC.app/Contents/MacOS/share/lua/meta/art/03_lastfm.luac
[00007fa39e50c990] lua stream debug: Trying Lua playlist script /Applications/VLC.app/Contents/MacOS/share/lua/playlist/newgrounds.luac
[00007fa39e7073b0] main art finder debug: no art finder modules matched
[00007fa39e50c990] lua stream debug: Trying Lua playlist script /Applications/VLC.app/Contents/MacOS/share/lua/playlist/rockbox_fm_presets.luac
[00007fa39e50c990] lua stream debug: Trying Lua playlist script /Applications/VLC.app/Contents/MacOS/share/lua/playlist/soundcloud.luac
[00007fa39e50c990] lua stream debug: Trying Lua playlist script /Applications/VLC.app/Contents/MacOS/share/lua/playlist/twitch.luac
[00007fa39e50c990] lua stream debug: Trying Lua playlist script /Applications/VLC.app/Contents/MacOS/share/lua/playlist/vimeo.luac
[00007fa39e50c990] lua stream debug: Trying Lua playlist script /Applications/VLC.app/Contents/MacOS/share/lua/playlist/vocaroo.luac
[00007fa39e50c990] lua stream debug: Trying Lua playlist script /Applications/VLC.app/Contents/MacOS/share/lua/playlist/youtube.luac
[00007fa39e50c990] main stream debug: no stream_filter modules matched
[00007fa35db04900] main stream_directory debug: looking for stream_directory module matching "any": 1 candidates
[00007fa35db04900] main stream_directory debug: no stream_directory modules matched
[00007fa39cf08010] main input source debug: attachment of directory-extractor failed for file:///Users/apple/Downloads/%E7%B2%89%E9%9B%AA%20-%20%E3%83%AC%E3%83%9F%E3%82%AA%E3%83%AD%E3%83%A1%E3%83%B3%E3%80%90%E3%83%8E%E3%83%AA%E3%83%8E%E3%83%AAREMIX%20%E2%A7%B8%20%E3%83%88%E3%82%99%E3%83%8F%E3%82%9A%E3%82%AB%E3%82%99%E3%82%ADREMIX%E3%80%91%20%5Bjgt9BGvZ8Vg%5D.webm
[00007fa35db097a0] main stream debug: looking for stream_filter module matching "record": 26 candidates
[00007fa35db097a0] main stream debug: using stream_filter module "record"
[00007fa39cf08010] main input source debug: creating demux: access='file' demux='any' location='/Users/apple/Downloads/%E7%B2%89%E9%9B%AA%20-%20%E3%83%AC%E3%83%9F%E3%82%AA%E3%83%AD%E3%83%A1%E3%83%B3%E3%80%90%E3%83%8E%E3%83%AA%E3%83%8E%E3%83%AAREMIX%20%E2%A7%B8%20%E3%83%88%E3%82%99%E3%83%8F%E3%82%9A%E3%82%AB%E3%82%99%E3%82%ADREMIX%E3%80%91%20%5Bjgt9BGvZ8Vg%5D.webm' file='/Users/apple/Downloads/粉雪 - レミオロメン【ノリノリREMIX ⧸ ドパガキREMIX】 [jgt9BGvZ8Vg].webm'
[00007fa35db09b10] main demux debug: looking for demux module matching "any": 55 candidates
[00007fa35db09b10] mkv demux debug: |   + Seek head
[00007fa35db09b10] mkv demux debug: |   - info at 209
[00007fa35db09b10] mkv demux debug: |   + Information
[00007fa35db09b10] mkv demux debug: |   |   + TimecodeScale=1000000
[00007fa35db09b10] mkv demux debug: |   |   + Muxing Application=Lavf62.12.100
[00007fa35db09b10] mkv demux debug: |   |   + Writing Application=Lavf62.12.100
[00007fa35db09b10] mkv demux debug: |   |   + Duration=298561
[00007fa35db09b10] mkv demux debug: |   - tracks at 264
[00007fa35db09b10] mkv demux debug: |   + Tracks
[00007fa35db09b10] mkv demux debug: |   |   + Track Entry
[00007fa35db09b10] mkv demux debug: |   |   |   + Track Number=1
[00007fa35db09b10] mkv demux debug: |   |   |   + Track UID=7cff64ef
[00007fa35db09b10] mkv demux debug: |   |   |   + Track Lacing=0
[00007fa35db09b10] mkv demux debug: |   |   |   + Track Language=`und'
[00007fa35db09b10] mkv demux debug: |   |   |   + Track CodecId=V_AV1
[00007fa35db09b10] mkv demux debug: |   |   |   + Track Type=video
[00007fa35db09b10] mkv demux debug: |   |   |   + Track Default Duration=33333333
[00007fa35db09b10] mkv demux debug: |   |   |   + Track Video
[00007fa35db09b10] mkv demux debug: |   |   |   |   + width=1920
[00007fa35db09b10] mkv demux debug: |   |   |   |   + height=1080
[00007fa35db09b10] mkv demux debug: |   |   |   |   + Video Colors
[00007fa35db09b10] mkv demux debug: |   |   |   |   |   + Unknown (N11libmatroska20KaxVideoColourMatrixE)
[00007fa35db09b10] mkv demux debug: |   |   |   + Track CodecPrivate size=20
[00007fa35db09b10] mkv demux debug: |   |   + Track Entry
[00007fa35db09b10] mkv demux debug: |   |   |   + Track Number=2
[00007fa35db09b10] mkv demux debug: |   |   |   + Track UID=ac289521
[00007fa35db09b10] mkv demux debug: |   |   |   + Track Lacing=0
[00007fa35db09b10] mkv demux debug: |   |   |   + Track Language=`eng'
[00007fa35db09b10] mkv demux debug: |   |   |   + Track CodecId=A_OPUS
[00007fa35db09b10] mkv demux debug: |   |   |   + Track Codec Delay =6500
[00007fa35db09b10] mkv demux debug: |   |   |   + Track Seek Preroll =80000
[00007fa35db09b10] mkv demux debug: |   |   |   + Track Type=audio
[00007fa35db09b10] mkv demux debug: |   |   |   + Track Audio
[00007fa35db09b10] mkv demux debug: |   |   |   |   + achan=2
[00007fa35db09b10] mkv demux debug: |   |   |   |   + afreq=48000
[00007fa35db09b10] mkv demux debug: |   |   |   |   + abits=32
[00007fa35db09b10] mkv demux debug: |   |   |   + Track CodecPrivate size=19
[00007fa35db09b10] mkv demux debug: |   - tags at 471
[00007fa35db09b10] mkv demux debug: |   + Tags
[00007fa35db09b10] mkv demux debug: + Tag
[00007fa35db09b10] mkv demux debug: |   + Targets
[00007fa35db09b10] mkv demux debug: |   + Simple Tag 
[00007fa35db09b10] mkv demux debug: |   |   + Meta MAJOR_BRAND: dash
[00007fa35db09b10] mkv demux debug: |   + Simple Tag 
[00007fa35db09b10] mkv demux debug: |   |   + Meta MINOR_VERSION: 0
[00007fa35db09b10] mkv demux debug: |   + Simple Tag 
[00007fa35db09b10] mkv demux debug: |   |   + Meta COMPATIBLE_BRANDS: iso6av01mp41
[00007fa35db09b10] mkv demux debug: |   + Simple Tag 
[00007fa35db09b10] mkv demux debug: |   |   + Meta ENCODER: Lavf62.12.100
[00007fa35db09b10] mkv demux debug: + Tag
[00007fa35db09b10] mkv demux debug: |   + Targets
[00007fa35db09b10] mkv demux debug: |   |   + TrackUID: 1523341644047279343
[00007fa35db09b10] mkv demux debug: |   |   + LoadTag Unknown (N11libmatroska14KaxTagTrackUIDE)
[00007fa35db09b10] mkv demux debug: |   + Simple Tag 
[00007fa35db09b10] mkv demux debug: |   |   + Meta HANDLER_NAME: ISO Media file produced by Google Inc.
[00007fa35db09b10] mkv demux debug: |   + Simple Tag 
[00007fa35db09b10] mkv demux debug: |   |   + Meta DURATION: 00:04:58.500000000
[00007fa35db09b10] mkv demux debug: + Tag
[00007fa35db09b10] mkv demux debug: |   + Targets
[00007fa35db09b10] mkv demux debug: |   |   + TrackUID: 4830094110568781089
[00007fa35db09b10] mkv demux debug: |   |   + LoadTag Unknown (N11libmatroska14KaxTagTrackUIDE)
[00007fa35db09b10] mkv demux debug: |   + Simple Tag 
[00007fa35db09b10] mkv demux debug: |   |   + Meta DURATION: 00:04:58.561000000
[00007fa35db09b10] mkv demux debug: loading tags done.
[00007fa35db09b10] mkv demux debug: |   - cues at 18469655
[00007fa35db09b10] mkv demux debug: |   + Cues
[00007fa35db09b10] mkv demux debug: MKV/Ebml Parser: m_el[mi_level] == NULL
[00007fa35db09b10] mkv demux debug: |   - loading cues done.
[00007fa35db09b10] mkv demux debug: |   + Void
[00007fa35db09b10] mkv demux debug: |   + Information
[00007fa35db09b10] mkv demux debug: |   + Tracks
[00007fa35db09b10] mkv demux debug: |   + Tags
[00007fa35db09b10] mkv demux debug: |   + Cluster
[00007fa35db09b10] mkv demux debug: NEW START CHAPTER uid=0
[00007fa35db09b10] mkv demux debug: found 2 es
[00007fa3a801aaf0] main input debug: selecting program id=0
[00007fa35db09b10] mkv demux debug: seek: preroll{ track: 1, pts: 0, fpos: 762 skip: 762} 
[00007fa35db09b10] mkv demux debug: seek: preroll{ req: 1, start-pts: 1, start-fpos: 762} 
[00007fa35db09b10] mkv demux debug: Starting the UI Hook
[00007fa35db09b10] main demux debug: using demux module "mkv"
[00007fa3a801aaf0] main input debug: looking for a subtitle file in /Users/apple/Downloads/
[00007fa3ad8fe170] main decoder debug: looking for video decoder module matching "any": 17 candidates
[00007fa3ad8fe170] avcodec decoder debug: using ffmpeg Lavc58.134.100
[00007fa3ad8fe170] avcodec decoder debug: CPU flags: 0x000813db
[00007fa3ad8fe170] avcodec decoder debug: allowing 1 thread(s) for decoding
[00007fa3ad8fe170] avcodec decoder debug: codec (av1) started
[00007fa3ad8fe170] avcodec decoder debug: trying format vaapi_vld
[00007fa3ad9d42f0] main spu text debug: looking for text renderer module matching "any": 3 candidates
[00007fa3ad9d42f0] main spu text debug: using text renderer module "freetype"
[00007fa3ad9c6b10] main scale debug: looking for video converter module matching "any": 22 candidates
[00007fa3ad9c6b10] swscale scale debug: 32x32 (32x32) chroma: YUVA -> 16x16 (16x16) chroma: RGBA with scaling using Bicubic (good quality)
[00007fa3ad9c6b10] main scale debug: using video converter module "swscale"
[00007fa35dc18710] main scale debug: looking for video converter module matching "any": 22 candidates
[00007fa3ad90f480] macosx interface debug: continuing playback at 109000000
[00007fa35dc18710] yuvp scale debug: YUVP to YUVA converter
[00007fa35dc18710] main scale debug: using video converter module "yuvp"
[00007fa3ae20fef0] main video output debug: Deinterlacing available
[00007fa3ae20fef0] main video output debug: deinterlace -1, mode auto, is_needed 0
[00007fa35db1b8a0] main window debug: looking for vout window module matching "any": 1 candidates
[00007fa35db1b8a0] macosx window debug: Opening video window
[00007fa3ad90f480] macosx interface debug: continuing playback at 109000000
[00007fa3ad90f480] macosx interface debug: continuing playback at 109000000
[00007fa3ad90f480] macosx interface debug: toggle playlist from state: removed splitview 0, minimized view 0. Event 2
[00007fa3ad90f480] macosx interface debug: toggle playlist to state: removed splitview 0, minimized view 0
[00007fa3ad90f480] macosx interface debug: returning videoview with proposed position x=0, y=0, width=1920, height=1080
[00007fa35db1b8a0] main window debug: using vout window module "macosx"
[00007fa3ae20fef0] main video output debug: Opening vout display wrapper
[00007fa3ad976030] main vout display debug: looking for vout display module matching "any": 7 candidates
[00007fa3ad976030] main vout display debug: VoutDisplayEvent 'resize' 1920x1080
[00007fa3ad976030] main vout display debug: VoutDisplayEvent 'resize' 0x0
[00007fa3ad976030] main vout display debug: VoutDisplayEvent 'resize' 3360x1866
[00007fa3ad976030] main vout display debug: VoutDisplayEvent 'resize' 3360x1866
[00007fa3adaa37d0] main generic debug: looking for glconv module matching "any": 1 candidates
[00007fa3adaa37d0] main generic debug: no glconv modules matched
[00007fa3ad976030] main vout display debug: using vout display module "caopengllayer"
[00007fa3ad976030] main vout display debug: A filter to adapt decoder VAOP to display I420 is needed
[00007fa3adab8a80] main filter debug: looking for video converter module matching "any": 22 candidates
[00007fa3adab8a80] chain filter debug: Trying to use chroma I422 as middle man
[00007fa3ad9eaec0] main filter debug: looking for video converter module matching "any": 22 candidates
[00007fa3ad9eaec0] chain filter debug: Trying to use chroma I420 as middle man
[00007fa3ad9d34f0] main filter debug: looking for video converter module matching "any": 22 candidates
[00007fa3ad9d34f0] chain filter error: Too high level of recursion (3)
[00007fa3ad9d34f0] main filter debug: no video converter modules matched
[00007fa3ad9eaec0] main filter error: Failed to create video converter
[00007fa3ad9eaec0] chain filter debug: Trying to use chroma I0AL as middle man
[00007fa35db27e00] main filter debug: looking for video converter module matching "any": 22 candidates
[00007fa35db27e00] chain filter error: Too high level of recursion (3)
[00007fa35db27e00] main filter debug: no video converter modules matched
[00007fa3ad9eaec0] main filter error: Failed to create video converter
[00007fa3ad9eaec0] chain filter debug: Trying to use chroma I0AB as middle man
[00007fa35db27e00] main filter debug: looking for video converter module matching "any": 22 candidates
[00007fa35db27e00] chain filter error: Too high level of recursion (3)
[00007fa35db27e00] main filter debug: no video converter modules matched
[00007fa3ad9eaec0] main filter error: Failed to create video converter
[00007fa3ad9eaec0] chain filter debug: Trying to use chroma I0FL as middle man
[00007fa35db27e00] main filter debug: looking for video converter module matching "any": 22 candidates
[00007fa35db27e00] chain filter error: Too high level of recursion (3)
[00007fa35db27e00] main filter debug: no video converter modules matched
[00007fa3ad9eaec0] main filter error: Failed to create video converter
[00007fa3ad9eaec0] chain filter debug: Trying to use chroma RV32 as middle man
[00007fa39f818f50] main filter debug: looking for video converter module matching "any": 22 candidates
[00007fa39f818f50] chain filter error: Too high level of recursion (3)
[00007fa39f818f50] main filter debug: no video converter modules matched
[00007fa3ad9eaec0] main filter error: Failed to create video converter
[00007fa3ad9eaec0] chain filter debug: Trying to use chroma RV24 as middle man
[00007fa35db27e00] main filter debug: looking for video converter module matching "any": 22 candidates
[00007fa35db27e00] chain filter error: Too high level of recursion (3)
[00007fa35db27e00] main filter debug: no video converter modules matched
[00007fa3ad9eaec0] main filter error: Failed to create video converter
[00007fa3ad9eaec0] chain filter debug: Trying to use chroma BGRA as middle man
[00007fa35db27e00] main filter debug: looking for video converter module matching "any": 22 candidates
[00007fa35db27e00] chain filter error: Too high level of recursion (3)
[00007fa35db27e00] main filter debug: no video converter modules matched
[00007fa3ad9eaec0] main filter error: Failed to create video converter
[00007fa3ad9eaec0] main filter debug: no video converter modules matched
[00007fa3adab8a80] main filter error: Failed to create video converter
[00007fa3adab8a80] chain filter debug: Trying to use chroma I0AL as middle man
[00007fa39cf06720] main filter debug: looking for video converter module matching "any": 22 candidates
[00007fa39cf06720] chain filter debug: Trying to use chroma I0AB as middle man
[00007fa35dc10b80] main filter debug: looking for video converter module matching "any": 22 candidates
[00007fa35dc10b80] chain filter error: Too high level of recursion (3)
[00007fa35dc10b80] main filter debug: no video converter modules matched
[00007fa39cf06720] main filter error: Failed to create video converter
[00007fa39cf06720] chain filter debug: Trying to use chroma I0FL as middle man
[00007fa3adab90b0] main filter debug: looking for video converter module matching "any": 22 candidates
[00007fa3adab90b0] chain filter error: Too high level of recursion (3)
[00007fa3adab90b0] main filter debug: no video converter modules matched
[00007fa39cf06720] main filter error: Failed to create video converter
[00007fa39cf06720] chain filter debug: Trying to use chroma I420 as middle man
[00007fa3adab90b0] main filter debug: looking for video converter module matching "any": 22 candidates
[00007fa3adab90b0] chain filter error: Too high level of recursion (3)
[00007fa3adab90b0] main filter debug: no video converter modules matched
[00007fa39cf06720] main filter error: Failed to create video converter
[00007fa39cf06720] chain filter debug: Trying to use chroma I422 as middle man
[00007fa3adab90b0] main filter debug: looking for video converter module matching "any": 22 candidates
[00007fa3adab90b0] chain filter error: Too high level of recursion (3)
[00007fa3adab90b0] main filter debug: no video converter modules matched
[00007fa39cf06720] main filter error: Failed to create video converter
[00007fa39cf06720] chain filter debug: Trying to use chroma RV32 as middle man
[00007fa35db27e00] main filter debug: looking for video converter module matching "any": 22 candidates
[00007fa35db27e00] chain filter error: Too high level of recursion (3)
[00007fa35db27e00] main filter debug: no video converter modules matched
[00007fa39cf06720] main filter error: Failed to create video converter
[00007fa39cf06720] chain filter debug: Trying to use chroma RV24 as middle man
[00007fa35db27e00] main filter debug: looking for video converter module matching "any": 22 candidates
[00007fa35db27e00] chain filter error: Too high level of recursion (3)
[00007fa35db27e00] main filter debug: no video converter modules matched
[00007fa39cf06720] main filter error: Failed to create video converter
[00007fa39cf06720] chain filter debug: Trying to use chroma BGRA as middle man
[00007fa3adab90b0] main filter debug: looking for video converter module matching "any": 22 candidates
[00007fa3adab90b0] chain filter error: Too high level of recursion (3)
[00007fa3adab90b0] main filter debug: no video converter modules matched
[00007fa39cf06720] main filter error: Failed to create video converter
[00007fa39cf06720] main filter debug: no video converter modules matched
[00007fa3adab8a80] main filter error: Failed to create video converter
[00007fa3adab8a80] chain filter debug: Trying to use chroma I0AB as middle man
[00007fa3adab90b0] main filter debug: looking for video converter module matching "any": 22 candidates
[00007fa3adab90b0] chain filter debug: Trying to use chroma I0AL as middle man
[00007fa35db28060] main filter debug: looking for video converter module matching "any": 22 candidates
[00007fa35db28060] chain filter error: Too high level of recursion (3)
[00007fa35db28060] main filter debug: no video converter modules matched
[00007fa3adab90b0] main filter error: Failed to create video converter
[00007fa3adab90b0] chain filter debug: Trying to use chroma I0FL as middle man
[00007fa35db28060] main filter debug: looking for video converter module matching "any": 22 candidates
[00007fa35db28060] chain filter error: Too high level of recursion (3)
[00007fa35db28060] main filter debug: no video converter modules matched
[00007fa3adab90b0] main filter error: Failed to create video converter
[00007fa3adab90b0] chain filter debug: Trying to use chroma I420 as middle man
[00007fa35db28060] main filter debug: looking for video converter module matching "any": 22 candidates
[00007fa35db28060] chain filter error: Too high level of recursion (3)
[00007fa35db28060] main filter debug: no video converter modules matched
[00007fa3adab90b0] main filter error: Failed to create video converter
[00007fa3adab90b0] chain filter debug: Trying to use chroma I422 as middle man
[00007fa35db28060] main filter debug: looking for video converter module matching "any": 22 candidates
[00007fa35db28060] chain filter error: Too high level of recursion (3)
[00007fa35db28060] main filter debug: no video converter modules matched
[00007fa3adab90b0] main filter error: Failed to create video converter
[00007fa3adab90b0] chain filter debug: Trying to use chroma RV32 as middle man
[00007fa35db28060] main filter debug: looking for video converter module matching "any": 22 candidates
[00007fa35db28060] chain filter error: Too high level of recursion (3)
[00007fa35db28060] main filter debug: no video converter modules matched
[00007fa3adab90b0] main filter error: Failed to create video converter
[00007fa3adab90b0] chain filter debug: Trying to use chroma RV24 as middle man
[00007fa35db28060] main filter debug: looking for video converter module matching "any": 22 candidates
[00007fa35db28060] chain filter error: Too high level of recursion (3)
[00007fa35db28060] main filter debug: no video converter modules matched
[00007fa3adab90b0] main filter error: Failed to create video converter
[00007fa3adab90b0] chain filter debug: Trying to use chroma BGRA as middle man
[00007fa35db28060] main filter debug: looking for video converter module matching "any": 22 candidates
[00007fa35db28060] chain filter error: Too high level of recursion (3)
[00007fa35db28060] main filter debug: no video converter modules matched
[00007fa3adab90b0] main filter error: Failed to create video converter
[00007fa3adab90b0] main filter debug: no video converter modules matched
[00007fa3adab8a80] main filter error: Failed to create video converter
[00007fa3adab8a80] chain filter debug: Trying to use chroma I0FL as middle man
[00007fa39cf06720] main filter debug: looking for video converter module matching "any": 22 candidates
[00007fa39cf06720] chain filter debug: Trying to use chroma I0AL as middle man
[00007fa39cf06ad0] main filter debug: looking for video converter module matching "any": 22 candidates
[00007fa39cf06ad0] chain filter error: Too high level of recursion (3)
[00007fa39cf06ad0] main filter debug: no video converter modules matched
[00007fa39cf06720] main filter error: Failed to create video converter
[00007fa39cf06720] chain filter debug: Trying to use chroma I0AB as middle man
[00007fa3adab90b0] main filter debug: looking for video converter module matching "any": 22 candidates
[00007fa3adab90b0] chain filter error: Too high level of recursion (3)
[00007fa3adab90b0] main filter debug: no video converter modules matched
[00007fa39cf06720] main filter error: Failed to create video converter
[00007fa39cf06720] chain filter debug: Trying to use chroma I420 as middle man
[00007fa35db27e00] main filter debug: looking for video converter module matching "any": 22 candidates
[00007fa35db27e00] chain filter error: Too high level of recursion (3)
[00007fa35db27e00] main filter debug: no video converter modules matched
[00007fa39cf06720] main filter error: Failed to create video converter
[00007fa39cf06720] chain filter debug: Trying to use chroma I422 as middle man
[00007fa35db27e00] main filter debug: looking for video converter module matching "any": 22 candidates
[00007fa35db27e00] chain filter error: Too high level of recursion (3)
[00007fa35db27e00] main filter debug: no video converter modules matched
[00007fa39cf06720] main filter error: Failed to create video converter
[00007fa39cf06720] chain filter debug: Trying to use chroma RV32 as middle man
[00007fa35db27e00] main filter debug: looking for video converter module matching "any": 22 candidates
[00007fa35db27e00] chain filter error: Too high level of recursion (3)
[00007fa35db27e00] main filter debug: no video converter modules matched
[00007fa39cf06720] main filter error: Failed to create video converter
[00007fa39cf06720] chain filter debug: Trying to use chroma RV24 as middle man
[00007fa35db27e00] main filter debug: looking for video converter module matching "any": 22 candidates
[00007fa35db27e00] chain filter error: Too high level of recursion (3)
[00007fa35db27e00] main filter debug: no video converter modules matched
[00007fa39cf06720] main filter error: Failed to create video converter
[00007fa39cf06720] chain filter debug: Trying to use chroma BGRA as middle man
[00007fa35db27e00] main filter debug: looking for video converter module matching "any": 22 candidates
[00007fa35db27e00] chain filter error: Too high level of recursion (3)
[00007fa35db27e00] main filter debug: no video converter modules matched
[00007fa39cf06720] main filter error: Failed to create video converter
[00007fa39cf06720] main filter debug: no video converter modules matched
[00007fa3adab8a80] main filter error: Failed to create video converter
[00007fa3adab8a80] chain filter debug: Trying to use chroma RV32 as middle man
[00007fa35dc10b80] main filter debug: looking for video converter module matching "any": 22 candidates
[00007fa35dc10b80] chain filter debug: Trying to use chroma I420 as middle man
[00007fa3ad8f85e0] main filter debug: looking for video converter module matching "any": 22 candidates
[00007fa3ad8f85e0] chain filter error: Too high level of recursion (3)
[00007fa3ad8f85e0] main filter debug: no video converter modules matched
[00007fa35dc10b80] main filter error: Failed to create video converter
[00007fa35dc10b80] chain filter debug: Trying to use chroma I422 as middle man
[00007fa3ad8f85e0] main filter debug: looking for video converter module matching "any": 22 candidates
[00007fa3ad8f85e0] chain filter error: Too high level of recursion (3)
[00007fa3ad8f85e0] main filter debug: no video converter modules matched
[00007fa35dc10b80] main filter error: Failed to create video converter
[00007fa35dc10b80] chain filter debug: Trying to use chroma I0AL as middle man
[00007fa3ad8f85e0] main filter debug: looking for video converter module matching "any": 22 candidates
[00007fa3ad8f85e0] chain filter error: Too high level of recursion (3)
[00007fa3ad8f85e0] main filter debug: no video converter modules matched
[00007fa35dc10b80] main filter error: Failed to create video converter
[00007fa35dc10b80] chain filter debug: Trying to use chroma I0AB as middle man
[00007fa35db27e00] main filter debug: looking for video converter module matching "any": 22 candidates
[00007fa35db27e00] chain filter error: Too high level of recursion (3)
[00007fa35db27e00] main filter debug: no video converter modules matched
[00007fa35dc10b80] main filter error: Failed to create video converter
[00007fa35dc10b80] chain filter debug: Trying to use chroma I0FL as middle man
[00007fa39cf06720] main filter debug: looking for video converter module matching "any": 22 candidates
[00007fa39cf06720] chain filter error: Too high level of recursion (3)
[00007fa39cf06720] main filter debug: no video converter modules matched
[00007fa35dc10b80] main filter error: Failed to create video converter
[00007fa35dc10b80] chain filter debug: Trying to use chroma RV24 as middle man
[00007fa39e70b000] main filter debug: looking for video converter module matching "any": 22 candidates
[00007fa39e70b000] chain filter error: Too high level of recursion (3)
[00007fa39e70b000] main filter debug: no video converter modules matched
[00007fa35dc10b80] main filter error: Failed to create video converter
[00007fa35dc10b80] chain filter debug: Trying to use chroma BGRA as middle man
[00007fa39e70b000] main filter debug: looking for video converter module matching "any": 22 candidates
[00007fa39e70b000] chain filter error: Too high level of recursion (3)
[00007fa39e70b000] main filter debug: no video converter modules matched
[00007fa35dc10b80] main filter error: Failed to create video converter
[00007fa35dc10b80] main filter debug: no video converter modules matched
[00007fa3adab8a80] main filter error: Failed to create video converter
[00007fa3adab8a80] chain filter debug: Trying to use chroma RV24 as middle man
[00007fa3adab90b0] main filter debug: looking for video converter module matching "any": 22 candidates
[00007fa3adab90b0] chain filter debug: Trying to use chroma I420 as middle man
[00007fa3adab96c0] main filter debug: looking for video converter module matching "any": 22 candidates
[00007fa3adab96c0] chain filter error: Too high level of recursion (3)
[00007fa3adab96c0] main filter debug: no video converter modules matched
[00007fa3adab90b0] main filter error: Failed to create video converter
[00007fa3adab90b0] chain filter debug: Trying to use chroma I422 as middle man
[00007fa3adab96c0] main filter debug: looking for video converter module matching "any": 22 candidates
[00007fa3adab96c0] chain filter error: Too high level of recursion (3)
[00007fa3adab96c0] main filter debug: no video converter modules matched
[00007fa3adab90b0] main filter error: Failed to create video converter
[00007fa3adab90b0] chain filter debug: Trying to use chroma I0AL as middle man
[00007fa3adab96c0] main filter debug: looking for video converter module matching "any": 22 candidates
[00007fa3adab96c0] chain filter error: Too high level of recursion (3)
[00007fa3adab96c0] main filter debug: no video converter modules matched
[00007fa3adab90b0] main filter error: Failed to create video converter
[00007fa3adab90b0] chain filter debug: Trying to use chroma I0AB as middle man
[00007fa39cf06720] main filter debug: looking for video converter module matching "any": 22 candidates
[00007fa39cf06720] chain filter error: Too high level of recursion (3)
[00007fa39cf06720] main filter debug: no video converter modules matched
[00007fa3adab90b0] main filter error: Failed to create video converter
[00007fa3adab90b0] chain filter debug: Trying to use chroma I0FL as middle man
[00007fa35dc10b80] main filter debug: looking for video converter module matching "any": 22 candidates
[00007fa35dc10b80] chain filter error: Too high level of recursion (3)
[00007fa35dc10b80] main filter debug: no video converter modules matched
[00007fa3adab90b0] main filter error: Failed to create video converter
[00007fa3adab90b0] chain filter debug: Trying to use chroma RV32 as middle man
[00007fa35dc10b80] main filter debug: looking for video converter module matching "any": 22 candidates
[00007fa35dc10b80] chain filter error: Too high level of recursion (3)
[00007fa35dc10b80] main filter debug: no video converter modules matched
[00007fa3adab90b0] main filter error: Failed to create video converter
[00007fa3adab90b0] chain filter debug: Trying to use chroma BGRA as middle man
[00007fa35dc10b80] main filter debug: looking for video converter module matching "any": 22 candidates
[00007fa35dc10b80] chain filter error: Too high level of recursion (3)
[00007fa35dc10b80] main filter debug: no video converter modules matched
[00007fa3adab90b0] main filter error: Failed to create video converter
[00007fa3adab90b0] main filter debug: no video converter modules matched
[00007fa3adab8a80] main filter error: Failed to create video converter
[00007fa3adab8a80] chain filter debug: Trying to use chroma BGRA as middle man
[00007fa39e70b000] main filter debug: looking for video converter module matching "any": 22 candidates
[00007fa39e70b000] chain filter debug: Trying to use chroma I420 as middle man
[00007fa39e70b610] main filter debug: looking for video converter module matching "any": 22 candidates
[00007fa39e70b610] chain filter error: Too high level of recursion (3)
[00007fa39e70b610] main filter debug: no video converter modules matched
[00007fa39e70b000] main filter error: Failed to create video converter
[00007fa39e70b000] chain filter debug: Trying to use chroma I422 as middle man
[00007fa39e70b610] main filter debug: looking for video converter module matching "any": 22 candidates
[00007fa39e70b610] chain filter error: Too high level of recursion (3)
[00007fa39e70b610] main filter debug: no video converter modules matched
[00007fa39e70b000] main filter error: Failed to create video converter
[00007fa39e70b000] chain filter debug: Trying to use chroma I0AL as middle man
[00007fa39e50a280] main filter debug: looking for video converter module matching "any": 22 candidates
[00007fa39e50a280] chain filter error: Too high level of recursion (3)
[00007fa39e50a280] main filter debug: no video converter modules matched
[00007fa39e70b000] main filter error: Failed to create video converter
[00007fa39e70b000] chain filter debug: Trying to use chroma I0AB as middle man
[00007fa39e50a280] main filter debug: looking for video converter module matching "any": 22 candidates
[00007fa39e50a280] chain filter error: Too high level of recursion (3)
[00007fa39e50a280] main filter debug: no video converter modules matched
[00007fa39e70b000] main filter error: Failed to create video converter
[00007fa39e70b000] chain filter debug: Trying to use chroma I0FL as middle man
[00007fa39e50a280] main filter debug: looking for video converter module matching "any": 22 candidates
[00007fa39e50a280] chain filter error: Too high level of recursion (3)
[00007fa39e50a280] main filter debug: no video converter modules matched
[00007fa39e70b000] main filter error: Failed to create video converter
[00007fa39e70b000] chain filter debug: Trying to use chroma RV32 as middle man
[00007fa35db27e00] main filter debug: looking for video converter module matching "any": 22 candidates
[00007fa35db27e00] chain filter error: Too high level of recursion (3)
[00007fa35db27e00] main filter debug: no video converter modules matched
[00007fa39e70b000] main filter error: Failed to create video converter
[00007fa39e70b000] chain filter debug: Trying to use chroma RV24 as middle man
[00007fa39e50a280] main filter debug: looking for video converter module matching "any": 22 candidates
[00007fa39e50a280] chain filter error: Too high level of recursion (3)
[00007fa39e50a280] main filter debug: no video converter modules matched
[00007fa39e70b000] main filter error: Failed to create video converter
[00007fa39e70b000] main filter debug: no video converter modules matched
[00007fa3adab8a80] main filter error: Failed to create video converter
[00007fa3adab8a80] main filter debug: no video converter modules matched
[00007fa3ad976030] main vout display error: Failed to create video converter
[00007fa3ad976030] main vout display error: Failed to adapt decoder format to display
[00007fa3ad976030] main vout display debug: removing module "caopengllayer"
[00007fa3ae20fef0] main video output error: video output creation failed
[00007fa3ad9d42f0] main spu text debug: removing module "freetype"
[00007fa35dc18710] main scale debug: removing module "yuvp"
[00007fa3ad9c6b10] main scale debug: removing module "swscale"
[00007fa3ad8fe170] main decoder error: failed to create video output
[00007fa3ad8fe170] avcodec decoder debug: trying format vdpau
[00007fa3adaa37d0] main spu text debug: looking for text renderer module matching "any": 3 candidates
[00007fa3adaa37d0] main spu text debug: using text renderer module "freetype"
[00007fa39e70b000] main scale debug: looking for video converter module matching "any": 22 candidates
[00007fa39e70b000] swscale scale debug: 32x32 (32x32) chroma: YUVA -> 16x16 (16x16) chroma: RGBA with scaling using Bicubic (good quality)
[00007fa39e70b000] main scale debug: using video converter module "swscale"
[00007fa3adaba8b0] main scale debug: looking for video converter module matching "any": 22 candidates
[00007fa3adaba8b0] yuvp scale debug: YUVP to YUVA converter
[00007fa3adaba8b0] main scale debug: using video converter module "yuvp"
[00007fa3ae238af0] main video output debug: Deinterlacing available
[00007fa3ae238af0] main video output debug: deinterlace -1, mode auto, is_needed 0
[00007fa3ad974550] main window debug: looking for vout window module matching "any": 1 candidates
[00007fa3ad974550] macosx window debug: Opening video window
[00007fa3ad90f480] macosx interface debug: toggle playlist from state: removed splitview 0, minimized view 0. Event 2
[00007fa3ad90f480] macosx interface debug: toggle playlist to state: removed splitview 0, minimized view 0
[00007fa3ad90f480] macosx interface debug: toggle playlist from state: removed splitview 0, minimized view 0. Event 2
[00007fa3ad90f480] macosx interface debug: toggle playlist to state: removed splitview 0, minimized view 0
[00007fa3ad90f480] macosx interface debug: returning videoview with proposed position x=0, y=0, width=1920, height=1080
[00007fa3ad974550] main window debug: using vout window module "macosx"
[00007fa3ae238af0] main video output debug: Opening vout display wrapper
[00007fa3ad8dd1f0] main vout display debug: looking for vout display module matching "any": 7 candidates
[00007fa3ad8dd1f0] main vout display debug: VoutDisplayEvent 'resize' 1920x1080
[00007fa3ad8dd1f0] main vout display debug: VoutDisplayEvent 'resize' 0x0
[00007fa3ad8dd1f0] main vout display debug: VoutDisplayEvent 'resize' 3360x1866
[00007fa35dc0c500] main generic debug: looking for glconv module matching "any": 1 candidates
[00007fa35dc0c500] main generic debug: no glconv modules matched
[00007fa3ad8dd1f0] main vout display debug: using vout display module "caopengllayer"
[00007fa3ad8dd1f0] main vout display debug: A filter to adapt decoder VDV0 to display I420 is needed
[00007fa3adab1ea0] main filter debug: looking for video converter module matching "any": 22 candidates
[00007fa3adab1ea0] chain filter debug: Trying to use chroma I422 as middle man
[00007fa3adab24b0] main filter debug: looking for video converter module matching "any": 22 candidates
[00007fa3adab24b0] chain filter debug: Trying to use chroma I420 as middle man
[00007fa3adab31f0] main filter debug: looking for video converter module matching "any": 22 candidates
[00007fa3adab31f0] chain filter error: Too high level of recursion (3)
[00007fa3adab31f0] main filter debug: no video converter modules matched
[00007fa3adab24b0] main filter error: Failed to create video converter
[00007fa3adab24b0] chain filter debug: Trying to use chroma I0AL as middle man
[00007fa35dc12b50] main filter debug: looking for video converter module matching "any": 22 candidates
[00007fa35dc12b50] chain filter error: Too high level of recursion (3)
[00007fa35dc12b50] main filter debug: no video converter modules matched
[00007fa3adab24b0] main filter error: Failed to create video converter
[00007fa3adab24b0] chain filter debug: Trying to use chroma I0AB as middle man
[00007fa39e50ac70] main filter debug: looking for video converter module matching "any": 22 candidates
[00007fa39e50ac70] chain filter error: Too high level of recursion (3)
[00007fa39e50ac70] main filter debug: no video converter modules matched
[00007fa3adab24b0] main filter error: Failed to create video converter
[00007fa3adab24b0] chain filter debug: Trying to use chroma I0FL as middle man
[00007fa3adab31f0] main filter debug: looking for video converter module matching "any": 22 candidates
[00007fa3adab31f0] chain filter error: Too high level of recursion (3)
[00007fa3adab31f0] main filter debug: no video converter modules matched
[00007fa3adab24b0] main filter error: Failed to create video converter
[00007fa3adab24b0] chain filter debug: Trying to use chroma RV32 as middle man
[00007fa3adab31f0] main filter debug: looking for video converter module matching "any": 22 candidates
[00007fa3adab31f0] chain filter error: Too high level of recursion (3)
[00007fa3adab31f0] main filter debug: no video converter modules matched
[00007fa3adab24b0] main filter error: Failed to create video converter
[00007fa3adab24b0] chain filter debug: Trying to use chroma RV24 as middle man
[00007fa3adab31f0] main filter debug: looking for video converter module matching "any": 22 candidates
[00007fa3adab31f0] chain filter error: Too high level of recursion (3)
[00007fa3adab31f0] main filter debug: no video converter modules matched
[00007fa3adab24b0] main filter error: Failed to create video converter
[00007fa3adab24b0] chain filter debug: Trying to use chroma BGRA as middle man
[00007fa35db25b80] main filter debug: looking for video converter module matching "any": 22 candidates
[00007fa35db25b80] chain filter error: Too high level of recursion (3)
[00007fa35db25b80] main filter debug: no video converter modules matched
[00007fa3adab24b0] main filter error: Failed to create video converter
[00007fa3adab24b0] main filter debug: no video converter modules matched
[00007fa3adab1ea0] main filter error: Failed to create video converter
[00007fa3adab1ea0] chain filter debug: Trying to use chroma I0AL as middle man
[00007fa35dc12b50] main filter debug: looking for video converter module matching "any": 22 candidates
[00007fa35dc12b50] chain filter debug: Trying to use chroma I0AB as middle man
[00007fa3adab2710] main filter debug: looking for video converter module matching "any": 22 candidates
[00007fa3adab2710] chain filter error: Too high level of recursion (3)
[00007fa3adab2710] main filter debug: no video converter modules matched
[00007fa35dc12b50] main filter error: Failed to create video converter
[00007fa35dc12b50] chain filter debug: Trying to use chroma I0FL as middle man
[00007fa35dc12f00] main filter debug: looking for video converter module matching "any": 22 candidates
[00007fa35dc12f00] chain filter error: Too high level of recursion (3)
[00007fa35dc12f00] main filter debug: no video converter modules matched
[00007fa35dc12b50] main filter error: Failed to create video converter
[00007fa35dc12b50] chain filter debug: Trying to use chroma I420 as middle man
[00007fa35dc12f00] main filter debug: looking for video converter module matching "any": 22 candidates
[00007fa35dc12f00] chain filter error: Too high level of recursion (3)
[00007fa35dc12f00] main filter debug: no video converter modules matched
[00007fa35dc12b50] main filter error: Failed to create video converter
[00007fa35dc12b50] chain filter debug: Trying to use chroma I422 as middle man
[00007fa35dc12f00] main filter debug: looking for video converter module matching "any": 22 candidates
[00007fa35dc12f00] chain filter error: Too high level of recursion (3)
[00007fa35dc12f00] main filter debug: no video converter modules matched
[00007fa35dc12b50] main filter error: Failed to create video converter
[00007fa35dc12b50] chain filter debug: Trying to use chroma RV32 as middle man
[00007fa35dc12f00] main filter debug: looking for video converter module matching "any": 22 candidates
[00007fa35dc12f00] chain filter error: Too high level of recursion (3)
[00007fa35dc12f00] main filter debug: no video converter modules matched
[00007fa35dc12b50] main filter error: Failed to create video converter
[00007fa35dc12b50] chain filter debug: Trying to use chroma RV24 as middle man
[00007fa35db25b80] main filter debug: looking for video converter module matching "any": 22 candidates
[00007fa35db25b80] chain filter error: Too high level of recursion (3)
[00007fa35db25b80] main filter debug: no video converter modules matched
[00007fa35dc12b50] main filter error: Failed to create video converter
[00007fa35dc12b50] chain filter debug: Trying to use chroma BGRA as middle man
[00007fa35db25b80] main filter debug: looking for video converter module matching "any": 22 candidates
[00007fa35db25b80] chain filter error: Too high level of recursion (3)
[00007fa35db25b80] main filter debug: no video converter modules matched
[00007fa35dc12b50] main filter error: Failed to create video converter
[00007fa35dc12b50] main filter debug: no video converter modules matched
[00007fa3adab1ea0] main filter error: Failed to create video converter
[00007fa3adab1ea0] chain filter debug: Trying to use chroma I0AB as middle man
[00007fa35dc12b50] main filter debug: looking for video converter module matching "any": 22 candidates
[00007fa35dc12b50] chain filter debug: Trying to use chroma I0AL as middle man
[00007fa35dc13160] main filter debug: looking for video converter module matching "any": 22 candidates
[00007fa35dc13160] chain filter error: Too high level of recursion (3)
[00007fa35dc13160] main filter debug: no video converter modules matched
[00007fa35dc12b50] main filter error: Failed to create video converter
[00007fa35dc12b50] chain filter debug: Trying to use chroma I0FL as middle man
[00007fa35dc13160] main filter debug: looking for video converter module matching "any": 22 candidates
[00007fa35dc13160] chain filter error: Too high level of recursion (3)
[00007fa35dc13160] main filter debug: no video converter modules matched
[00007fa35dc12b50] main filter error: Failed to create video converter
[00007fa35dc12b50] chain filter debug: Trying to use chroma I420 as middle man
[00007fa35db25b80] main filter debug: looking for video converter module matching "any": 22 candidates
[00007fa35db25b80] chain filter error: Too high level of recursion (3)
[00007fa35db25b80] main filter debug: no video converter modules matched
[00007fa35dc12b50] main filter error: Failed to create video converter
[00007fa35dc12b50] chain filter debug: Trying to use chroma I422 as middle man
[00007fa35db25b80] main filter debug: looking for video converter module matching "any": 22 candidates
[00007fa35db25b80] chain filter error: Too high level of recursion (3)
[00007fa35db25b80] main filter debug: no video converter modules matched
[00007fa35dc12b50] main filter error: Failed to create video converter
[00007fa35dc12b50] chain filter debug: Trying to use chroma RV32 as middle man
[00007fa39cf06720] main filter debug: looking for video converter module matching "any": 22 candidates
[00007fa39cf06720] chain filter error: Too high level of recursion (3)
[00007fa39cf06720] main filter debug: no video converter modules matched
[00007fa35dc12b50] main filter error: Failed to create video converter
[00007fa35dc12b50] chain filter debug: Trying to use chroma RV24 as middle man
[00007fa35dc13160] main filter debug: looking for video converter module matching "any": 22 candidates
[00007fa35dc13160] chain filter error: Too high level of recursion (3)
[00007fa35dc13160] main filter debug: no video converter modules matched
[00007fa35dc12b50] main filter error: Failed to create video converter
[00007fa35dc12b50] chain filter debug: Trying to use chroma BGRA as middle man
[00007fa35dc13160] main filter debug: looking for video converter module matching "any": 22 candidates
[00007fa35dc13160] chain filter error: Too high level of recursion (3)
[00007fa35dc13160] main filter debug: no video converter modules matched
[00007fa35dc12b50] main filter error: Failed to create video converter
[00007fa35dc12b50] main filter debug: no video converter modules matched
[00007fa3adab1ea0] main filter error: Failed to create video converter
[00007fa3adab1ea0] chain filter debug: Trying to use chroma I0FL as middle man
[00007fa39e50ac70] main filter debug: looking for video converter module matching "any": 22 candidates
[00007fa39e50ac70] chain filter debug: Trying to use chroma I0AL as middle man
[00007fa35db25b80] main filter debug: looking for video converter module matching "any": 22 candidates
[00007fa35db25b80] chain filter error: Too high level of recursion (3)
[00007fa35db25b80] main filter debug: no video converter modules matched
[00007fa39e50ac70] main filter error: Failed to create video converter
[00007fa39e50ac70] chain filter debug: Trying to use chroma I0AB as middle man
[00007fa35db25b80] main filter debug: looking for video converter module matching "any": 22 candidates
[00007fa35db25b80] chain filter error: Too high level of recursion (3)
[00007fa35db25b80] main filter debug: no video converter modules matched
[00007fa39e50ac70] main filter error: Failed to create video converter
[00007fa39e50ac70] chain filter debug: Trying to use chroma I420 as middle man
[00007fa35db25b80] main filter debug: looking for video converter module matching "any": 22 candidates
[00007fa35db25b80] chain filter error: Too high level of recursion (3)
[00007fa35db25b80] main filter debug: no video converter modules matched
[00007fa39e50ac70] main filter error: Failed to create video converter
[00007fa39e50ac70] chain filter debug: Trying to use chroma I422 as middle man
[00007fa35db25b80] main filter debug: looking for video converter module matching "any": 22 candidates
[00007fa35db25b80] chain filter error: Too high level of recursion (3)
[00007fa35db25b80] main filter debug: no video converter modules matched
[00007fa39e50ac70] main filter error: Failed to create video converter
[00007fa39e50ac70] chain filter debug: Trying to use chroma RV32 as middle man
[00007fa35db25b80] main filter debug: looking for video converter module matching "any": 22 candidates
[00007fa35db25b80] chain filter error: Too high level of recursion (3)
[00007fa35db25b80] main filter debug: no video converter modules matched
[00007fa39e50ac70] main filter error: Failed to create video converter
[00007fa39e50ac70] chain filter debug: Trying to use chroma RV24 as middle man
[00007fa35dc12b50] main filter debug: looking for video converter module matching "any": 22 candidates
[00007fa35dc12b50] chain filter error: Too high level of recursion (3)
[00007fa35dc12b50] main filter debug: no video converter modules matched
[00007fa39e50ac70] main filter error: Failed to create video converter
[00007fa39e50ac70] chain filter debug: Trying to use chroma BGRA as middle man
[00007fa35dc12b50] main filter debug: looking for video converter module matching "any": 22 candidates
[00007fa35dc12b50] chain filter error: Too high level of recursion (3)
[00007fa35dc12b50] main filter debug: no video converter modules matched
[00007fa39e50ac70] main filter error: Failed to create video converter
[00007fa39e50ac70] main filter debug: no video converter modules matched
[00007fa3adab1ea0] main filter error: Failed to create video converter
[00007fa3adab1ea0] chain filter debug: Trying to use chroma RV32 as middle man
[00007fa35dc12b50] main filter debug: looking for video converter module matching "any": 22 candidates
[00007fa35dc12b50] chain filter debug: Trying to use chroma I420 as middle man
[00007fa35dc13160] main filter debug: looking for video converter module matching "any": 22 candidates
[00007fa35dc13160] chain filter error: Too high level of recursion (3)
[00007fa35dc13160] main filter debug: no video converter modules matched
[00007fa35dc12b50] main filter error: Failed to create video converter
[00007fa35dc12b50] chain filter debug: Trying to use chroma I422 as middle man
[00007fa35dc13160] main filter debug: looking for video converter module matching "any": 22 candidates
[00007fa35dc13160] chain filter error: Too high level of recursion (3)
[00007fa35dc13160] main filter debug: no video converter modules matched
[00007fa35dc12b50] main filter error: Failed to create video converter
[00007fa35dc12b50] chain filter debug: Trying to use chroma I0AL as middle man
[00007fa35dc13160] main filter debug: looking for video converter module matching "any": 22 candidates
[00007fa35dc13160] chain filter error: Too high level of recursion (3)
[00007fa35dc13160] main filter debug: no video converter modules matched
[00007fa35dc12b50] main filter error: Failed to create video converter
[00007fa35dc12b50] chain filter debug: Trying to use chroma I0AB as middle man
[00007fa35dc13160] main filter debug: looking for video converter module matching "any": 22 candidates
[00007fa35dc13160] chain filter error: Too high level of recursion (3)
[00007fa35dc13160] main filter debug: no video converter modules matched
[00007fa35dc12b50] main filter error: Failed to create video converter
[00007fa35dc12b50] chain filter debug: Trying to use chroma I0FL as middle man
[00007fa3ad9f1f60] main filter debug: looking for video converter module matching "any": 22 candidates
[00007fa3ad9f1f60] chain filter error: Too high level of recursion (3)
[00007fa3ad9f1f60] main filter debug: no video converter modules matched
[00007fa35dc12b50] main filter error: Failed to create video converter
[00007fa35dc12b50] chain filter debug: Trying to use chroma RV24 as middle man
[00007fa3ad9f1f60] main filter debug: looking for video converter module matching "any": 22 candidates
[00007fa3ad9f1f60] chain filter error: Too high level of recursion (3)
[00007fa3ad9f1f60] main filter debug: no video converter modules matched
[00007fa35dc12b50] main filter error: Failed to create video converter
[00007fa35dc12b50] chain filter debug: Trying to use chroma BGRA as middle man
[00007fa35dc13160] main filter debug: looking for video converter module matching "any": 22 candidates
[00007fa35dc13160] chain filter error: Too high level of recursion (3)
[00007fa35dc13160] main filter debug: no video converter modules matched
[00007fa35dc12b50] main filter error: Failed to create video converter
[00007fa35dc12b50] main filter debug: no video converter modules matched
[00007fa3adab1ea0] main filter error: Failed to create video converter
[00007fa3adab1ea0] chain filter debug: Trying to use chroma RV24 as middle man
[00007fa35dc12b50] main filter debug: looking for video converter module matching "any": 22 candidates
[00007fa35dc12b50] chain filter debug: Trying to use chroma I420 as middle man
[00007fa39f818f50] main filter debug: looking for video converter module matching "any": 22 candidates
[00007fa39f818f50] chain filter error: Too high level of recursion (3)
[00007fa39f818f50] main filter debug: no video converter modules matched
[00007fa35dc12b50] main filter error: Failed to create video converter
[00007fa35dc12b50] chain filter debug: Trying to use chroma I422 as middle man
[00007fa35dc13160] main filter debug: looking for video converter module matching "any": 22 candidates
[00007fa35dc13160] chain filter error: Too high level of recursion (3)
[00007fa35dc13160] main filter debug: no video converter modules matched
[00007fa35dc12b50] main filter error: Failed to create video converter
[00007fa35dc12b50] chain filter debug: Trying to use chroma I0AL as middle man
[00007fa35dc13160] main filter debug: looking for video converter module matching "any": 22 candidates
[00007fa35dc13160] chain filter error: Too high level of recursion (3)
[00007fa35dc13160] main filter debug: no video converter modules matched
[00007fa35dc12b50] main filter error: Failed to create video converter
[00007fa35dc12b50] chain filter debug: Trying to use chroma I0AB as middle man
[00007fa35dc13160] main filter debug: looking for video converter module matching "any": 22 candidates
[00007fa35dc13160] chain filter error: Too high level of recursion (3)
[00007fa35dc13160] main filter debug: no video converter modules matched
[00007fa35dc12b50] main filter error: Failed to create video converter
[00007fa35dc12b50] chain filter debug: Trying to use chroma I0FL as middle man
[00007fa3ad9f1f60] main filter debug: looking for video converter module matching "any": 22 candidates
[00007fa3ad9f1f60] chain filter error: Too high level of recursion (3)
[00007fa3ad9f1f60] main filter debug: no video converter modules matched
[00007fa35dc12b50] main filter error: Failed to create video converter
[00007fa35dc12b50] chain filter debug: Trying to use chroma RV32 as middle man
[00007fa3ad9f1f60] main filter debug: looking for video converter module matching "any": 22 candidates
[00007fa3ad9f1f60] chain filter error: Too high level of recursion (3)
[00007fa3ad9f1f60] main filter debug: no video converter modules matched
[00007fa35dc12b50] main filter error: Failed to create video converter
[00007fa35dc12b50] chain filter debug: Trying to use chroma BGRA as middle man
[00007fa3ad9f1f60] main filter debug: looking for video converter module matching "any": 22 candidates
[00007fa3ad9f1f60] chain filter error: Too high level of recursion (3)
[00007fa3ad9f1f60] main filter debug: no video converter modules matched
[00007fa35dc12b50] main filter error: Failed to create video converter
[00007fa35dc12b50] main filter debug: no video converter modules matched
[00007fa3adab1ea0] main filter error: Failed to create video converter
[00007fa3adab1ea0] chain filter debug: Trying to use chroma BGRA as middle man
[00007fa3ad9f1f60] main filter debug: looking for video converter module matching "any": 22 candidates
[00007fa3ad9f1f60] chain filter debug: Trying to use chroma I420 as middle man
[00007fa3ad9f2de0] main filter debug: looking for video converter module matching "any": 22 candidates
[00007fa3ad9f2de0] chain filter error: Too high level of recursion (3)
[00007fa3ad9f2de0] main filter debug: no video converter modules matched
[00007fa3ad9f1f60] main filter error: Failed to create video converter
[00007fa3ad9f1f60] chain filter debug: Trying to use chroma I422 as middle man
[00007fa3ad9f2de0] main filter debug: looking for video converter module matching "any": 22 candidates
[00007fa3ad9f2de0] chain filter error: Too high level of recursion (3)
[00007fa3ad9f2de0] main filter debug: no video converter modules matched
[00007fa3ad9f1f60] main filter error: Failed to create video converter
[00007fa3ad9f1f60] chain filter debug: Trying to use chroma I0AL as middle man
[00007fa3ad9f2de0] main filter debug: looking for video converter module matching "any": 22 candidates
[00007fa3ad9f2de0] chain filter error: Too high level of recursion (3)
[00007fa3ad9f2de0] main filter debug: no video converter modules matched
[00007fa3ad9f1f60] main filter error: Failed to create video converter
[00007fa3ad9f1f60] chain filter debug: Trying to use chroma I0AB as middle man
[00007fa3ad9f2de0] main filter debug: looking for video converter module matching "any": 22 candidates
[00007fa3ad9f2de0] chain filter error: Too high level of recursion (3)
[00007fa3ad9f2de0] main filter debug: no video converter modules matched
[00007fa3ad9f1f60] main filter error: Failed to create video converter
[00007fa3ad9f1f60] chain filter debug: Trying to use chroma I0FL as middle man
[00007fa3ad9f2de0] main filter debug: looking for video converter module matching "any": 22 candidates
[00007fa3ad9f2de0] chain filter error: Too high level of recursion (3)
[00007fa3ad9f2de0] main filter debug: no video converter modules matched
[00007fa3ad9f1f60] main filter error: Failed to create video converter
[00007fa3ad9f1f60] chain filter debug: Trying to use chroma RV32 as middle man
[00007fa3ad9f2de0] main filter debug: looking for video converter module matching "any": 22 candidates
[00007fa3ad9f2de0] chain filter error: Too high level of recursion (3)
[00007fa3ad9f2de0] main filter debug: no video converter modules matched
[00007fa3ad9f1f60] main filter error: Failed to create video converter
[00007fa3ad9f1f60] chain filter debug: Trying to use chroma RV24 as middle man
[00007fa3ad9f2de0] main filter debug: looking for video converter module matching "any": 22 candidates
[00007fa3ad9f2de0] chain filter error: Too high level of recursion (3)
[00007fa3ad9f2de0] main filter debug: no video converter modules matched
[00007fa3ad9f1f60] main filter error: Failed to create video converter
[00007fa3ad9f1f60] main filter debug: no video converter modules matched
[00007fa3adab1ea0] main filter error: Failed to create video converter
[00007fa3adab1ea0] main filter debug: no video converter modules matched
[00007fa3ad8dd1f0] main vout display error: Failed to create video converter
[00007fa3ad8dd1f0] main vout display error: Failed to adapt decoder format to display
[00007fa3ad8dd1f0] main vout display debug: removing module "caopengllayer"
[00007fa3ae238af0] main video output error: video output creation failed
[00007fa3adaa37d0] main spu text debug: removing module "freetype"
[00007fa3adaba8b0] main scale debug: removing module "yuvp"
[00007fa39e70b000] main scale debug: removing module "swscale"
[00007fa3ad8fe170] main decoder error: failed to create video output
[00007fa3ad90f480] macosx interface debug: toggle playlist from state: removed splitview 0, minimized view 0. Event 2
[00007fa3ad90f480] macosx interface debug: toggle playlist to state: removed splitview 0, minimized view 0
[00007fa3ad8fe170] dav1d decoder debug: Using dav1d version 1.3.0 with 8 threads
[00007fa3ad8fe170] main decoder debug: using video decoder module "dav1d"
[00007fa35db0ad80] main decoder debug: looking for audio decoder module matching "any": 21 candidates
[00007fa35db0ad80] main decoder debug: using audio decoder module "opus"
[00007fa3adaa5bc0] main demux meta debug: looking for meta reader module matching "any": 2 candidates
[00007fa3adaa5bc0] lua demux meta debug: Trying Lua scripts in /Users/apple/Library/Application Support/org.videolan.vlc/lua/meta/reader
[00007fa3adaa5bc0] lua demux meta debug: Trying Lua scripts in /Applications/VLC.app/Contents/MacOS/lua/meta/reader
[00007fa3adaa5bc0] lua demux meta debug: Trying Lua scripts in /Applications/VLC.app/Contents/MacOS/share/lua/meta/reader
[00007fa3adaa5bc0] lua demux meta debug: Trying Lua playlist script /Applications/VLC.app/Contents/MacOS/share/lua/meta/reader/filename.luac
[00007fa3adaa5bc0] main demux meta debug: no meta reader modules matched
[00007fa3a801aaf0] main input debug: `file:///Users/apple/Downloads/%E7%B2%89%E9%9B%AA%20-%20%E3%83%AC%E3%83%9F%E3%82%AA%E3%83%AD%E3%83%A1%E3%83%B3%E3%80%90%E3%83%8E%E3%83%AA%E3%83%8E%E3%83%AAREMIX%20%E2%A7%B8%20%E3%83%88%E3%82%99%E3%83%8F%E3%82%9A%E3%82%AB%E3%82%99%E3%82%ADREMIX%E3%80%91%20%5Bjgt9BGvZ8Vg%5D.webm' successfully opened
[00007fa3a801aaf0] main input debug: Buffering 0%
[00007fa35db0ad80] opus decoder debug: Opus audio with 2 channels
[00007fa35db09b10] mkv demux debug: SET_TIME to 109000000
[00007fa35db09b10] mkv demux debug: seek request to i_pos = 109000000
[00007fa3ad906b00] main playlist debug: reusing audio output
[00007fa39e5054a0] main audio output debug: VLC is looking for: 'f32l' 48000 Hz Stereo frame=1 samples/8 bytes
[00007fa39e5054a0] auhal audio output debug: attempting to use device 0
[00007fa39e5054a0] auhal audio output debug: using default audio device 103
[00007fa39e5054a0] auhal audio output debug: Current device has a latency of 1520 us
[00007fa35db09b10] mkv demux debug: seek: preroll{ track: 1, pts: 105000000, fpos: 6442344 skip: 6442344} 
[00007fa35db09b10] mkv demux debug: seek: preroll{ track: 2, pts: 108981000, fpos: 6746471 skip: 6746471} 
[00007fa35db09b10] mkv demux debug: seek: preroll{ req: 109000001, start-pts: 105000001, start-fpos: 6442344} 
[00007fa3a801aaf0] main input debug: Buffering 0%
[00007fa3a801aaf0] main input debug: Buffering 1%
[00007fa3a801aaf0] main input debug: Buffering 2%
[00007fa3a801aaf0] main input debug: Buffering 3%
[00007fa3a801aaf0] main input debug: Buffering 4%
[00007fa3a801aaf0] main input debug: Buffering 5%
[00007fa3a801aaf0] main input debug: Buffering 6%
[00007fa3a801aaf0] main input debug: Buffering 7%
[00007fa3a801aaf0] main input debug: Buffering 8%
[00007fa3a801aaf0] main input debug: Buffering 9%
[00007fa3a801aaf0] main input debug: Buffering 10%
[00007fa3a801aaf0] main input debug: Buffering 11%
[00007fa3a801aaf0] main input debug: Buffering 12%
[00007fa3a801aaf0] main input debug: Buffering 13%
[00007fa3a801aaf0] main input debug: Buffering 14%
[00007fa3a801aaf0] main input debug: Buffering 15%
[00007fa3a801aaf0] main input debug: Buffering 16%
[00007fa3a801aaf0] main input debug: Buffering 17%
[00007fa3a801aaf0] main input debug: Buffering 18%
[00007fa3a801aaf0] main input debug: Buffering 19%
[00007fa3a801aaf0] main input debug: Buffering 20%
[00007fa39cf05ed0] main spu text debug: looking for text renderer module matching "any": 3 candidates
[00007fa3a801aaf0] main input debug: Buffering 21%
[00007fa3a801aaf0] main input debug: Buffering 22%
[00007fa3a801aaf0] main input debug: Buffering 23%
[00007fa3a801aaf0] main input debug: Buffering 24%
[00007fa3a801aaf0] main input debug: Buffering 25%
[00007fa3a801aaf0] main input debug: Buffering 26%
[00007fa3a801aaf0] main input debug: Buffering 27%
[00007fa3a801aaf0] main input debug: Buffering 28%
[00007fa3a801aaf0] main input debug: Buffering 29%
[00007fa3a801aaf0] main input debug: Buffering 30%
[00007fa3a801aaf0] main input debug: Buffering 31%
[00007fa3a801aaf0] main input debug: Buffering 32%
[00007fa3a801aaf0] main input debug: Buffering 33%
[00007fa3a801aaf0] main input debug: Buffering 34%
[00007fa3a801aaf0] main input debug: Buffering 35%
[00007fa3a801aaf0] main input debug: Buffering 36%
[00007fa3a801aaf0] main input debug: Buffering 37%
[00007fa3a801aaf0] main input debug: Buffering 38%
[00007fa3a801aaf0] main input debug: Buffering 39%
[00007fa3a801aaf0] main input debug: Buffering 40%
[00007fa3a801aaf0] main input debug: Buffering 41%
[00007fa3a801aaf0] main input debug: Buffering 42%
[00007fa3a801aaf0] main input debug: Buffering 43%
[00007fa3a801aaf0] main input debug: Buffering 44%
[00007fa3a801aaf0] main input debug: Buffering 45%
[00007fa3a801aaf0] main input debug: Buffering 46%
[00007fa3a801aaf0] main input debug: Buffering 47%
[00007fa3a801aaf0] main input debug: Buffering 48%
[00007fa3a801aaf0] main input debug: Buffering 49%
[00007fa3a801aaf0] main input debug: Buffering 50%
[00007fa3a801aaf0] main input debug: Buffering 51%
[00007fa3a801aaf0] main input debug: Buffering 52%
[00007fa3a801aaf0] main input debug: Buffering 53%
[00007fa3a801aaf0] main input debug: Buffering 54%
[00007fa3a801aaf0] main input debug: Buffering 55%
[00007fa3a801aaf0] main input debug: Buffering 56%
[00007fa3a801aaf0] main input debug: Buffering 57%
[00007fa3a801aaf0] main input debug: Buffering 58%
[00007fa3a801aaf0] main input debug: Buffering 59%
[00007fa3a801aaf0] main input debug: Buffering 60%
[00007fa3a801aaf0] main input debug: Buffering 61%
[00007fa3a801aaf0] main input debug: Buffering 62%
[00007fa3a801aaf0] main input debug: Buffering 63%
[00007fa3a801aaf0] main input debug: Buffering 64%
[00007fa3a801aaf0] main input debug: Buffering 65%
[00007fa3a801aaf0] main input debug: Buffering 66%
[00007fa3a801aaf0] main input debug: Buffering 67%
[00007fa3a801aaf0] main input debug: Buffering 68%
[00007fa3a801aaf0] main input debug: Buffering 69%
[00007fa3a801aaf0] main input debug: Buffering 70%
[00007fa3a801aaf0] main input debug: Buffering 71%
[00007fa3a801aaf0] main input debug: Buffering 72%
[00007fa3a801aaf0] main input debug: Buffering 73%
[00007fa3a801aaf0] main input debug: Buffering 74%
[00007fa3a801aaf0] main input debug: Buffering 75%
[00007fa3a801aaf0] main input debug: Buffering 76%
[00007fa3a801aaf0] main input debug: Buffering 77%
[00007fa3a801aaf0] main input debug: Buffering 78%
[00007fa3a801aaf0] main input debug: Buffering 79%
[00007fa3a801aaf0] main input debug: Buffering 80%
[00007fa3a801aaf0] main input debug: Buffering 81%
[00007fa3a801aaf0] main input debug: Buffering 82%
[00007fa3a801aaf0] main input debug: Buffering 83%
[00007fa3a801aaf0] main input debug: Buffering 84%
[00007fa3a801aaf0] main input debug: Buffering 85%
[00007fa3a801aaf0] main input debug: Buffering 86%
[00007fa3a801aaf0] main input debug: Buffering 87%
[00007fa3a801aaf0] main input debug: Buffering 88%
[00007fa3a801aaf0] main input debug: Buffering 89%
[00007fa3a801aaf0] main input debug: Buffering 90%
[00007fa3a801aaf0] main input debug: Buffering 91%
[00007fa3a801aaf0] main input debug: Buffering 92%
[00007fa3a801aaf0] main input debug: Buffering 93%
[00007fa3a801aaf0] main input debug: Buffering 94%
[00007fa3a801aaf0] main input debug: Buffering 95%
[00007fa3a801aaf0] main input debug: Buffering 96%
[00007fa3a801aaf0] main input debug: Buffering 97%
[00007fa3a801aaf0] main input debug: Buffering 98%
[00007fa3a801aaf0] main input debug: Buffering 99%
[00007fa3a801aaf0] main input debug: Stream buffering done (5001 ms in 4 ms)
[00007fa39cf05ed0] main spu text debug: using text renderer module "freetype"
[00007fa3ad988430] main scale debug: looking for video converter module matching "any": 22 candidates
[00007fa3ad988430] swscale scale debug: 32x32 (32x32) chroma: YUVA -> 16x16 (16x16) chroma: RGBA with scaling using Bicubic (good quality)
[00007fa3ad988430] main scale debug: using video converter module "swscale"
[00007fa35dc1d500] main scale debug: looking for video converter module matching "any": 22 candidates
[00007fa35dc1d500] yuvp scale debug: YUVP to YUVA converter
[00007fa35dc1d500] main scale debug: using video converter module "yuvp"
[00007fa3a801c4f0] main video output debug: Deinterlacing available
[00007fa3a801c4f0] main video output debug: deinterlace -1, mode auto, is_needed 0
[00007fa35dc1da00] main window debug: looking for vout window module matching "any": 1 candidates
[00007fa35dc1da00] macosx window debug: Opening video window
2026-09-26 13:28:37.097 VLC[87834:10720976] Can't find app with identifier com.apple.iTunes
[00007fa39e5054a0] auhal audio output debug: output layout of AUHAL is Stereo
[00007fa39e5054a0] auhal audio output debug: VLC will output: Stereo
[00007fa39e5054a0] auhal audio output debug: Current AU format: [48000.000000][mcpl][9][8][1][8][2][32]
[00007fa39e5054a0] auhal audio output debug: analog output successfully opened
[00007fa39e5054a0] main audio output debug: output 'f32l' 48000 Hz Stereo frame=1 samples/8 bytes
[00007fa3ad9e43d0] main volume debug: looking for audio volume module matching "any": 2 candidates
[00007fa3ad9e43d0] main volume debug: using audio volume module "float_mixer"
[00007fa39e5054a0] main audio output debug: input 'f32l' 48000 Hz Stereo frame=1 samples/8 bytes
[00007fa3adab3f00] main audio filter debug: looking for audio filter module matching "scaletempo": 16 candidates
[00007fa3adab3f00] scaletempo audio filter debug: format: 48000 rate, 2 nch, 4 bps, fl32
[00007fa3adab3f00] scaletempo audio filter debug: params: 30 stride, 0.200 overlap, 14 search
[00007fa3adab3f00] scaletempo audio filter debug: 1.000 scale, 1440.000 stride_in, 1440 stride_out, 1152 standing, 288 overlap, 672 search, 2400 queue, fl32 mode
[00007fa3adab3f00] main audio filter debug: using audio filter module "scaletempo"
[00007fa39e5054a0] main audio output debug: conversion: 'f32l'->'f32l' 48000 Hz->48000 Hz Stereo->Stereo
[00007fa39e5054a0] main audio output debug: conversion pipeline complete
[00007fa39e5054a0] main audio output debug: conversion: 'f32l'->'f32l' 48000 Hz->48000 Hz Stereo->Stereo
[00007fa39e5054a0] main audio output debug: conversion pipeline complete
[00007fa35dc21860] main audio resampler debug: looking for audio resampler module matching "any": 3 candidates
[00007fa35dc21860] main audio resampler debug: using audio resampler module "samplerate"
[00007fa3ad90f480] macosx interface debug: Activated assertion NoIdleSleepAssertion through IOKit (40865)
2026-09-26 13:28:37.379 VLC[87834:10720976] Can't find app with identifier com.apple.iTunes
[00007fa3ad90f480] macosx interface debug: Releasing old IOKit other assertion (40865)
[00007fa3ad90f480] macosx interface debug: Activated assertion NoDisplaySleepAssertion through IOKit (40931)
[00007fa3ad90f480] macosx interface debug: toggle playlist from state: removed splitview 0, minimized view 0. Event 2
[00007fa3ad90f480] macosx interface debug: toggle playlist to state: removed splitview 0, minimized view 0
[00007fa3ad90f480] macosx interface debug: returning videoview with proposed position x=0, y=0, width=1920, height=1080
[00007fa35dc1da00] main window debug: using vout window module "macosx"
[00007fa3a801c4f0] main video output debug: Opening vout display wrapper
[00007fa35dc22990] main vout display debug: looking for vout display module matching "any": 7 candidates
[00007fa35dc22990] main vout display debug: VoutDisplayEvent 'resize' 1920x1080
[00007fa35dc22990] main vout display debug: VoutDisplayEvent 'resize' 0x0
[00007fa35dc22990] main vout display debug: VoutDisplayEvent 'resize' 3360x1866
[00007fa35dc22990] main vout display debug: VoutDisplayEvent 'resize' 3360x1866
[00007fa35dc22990] main vout display debug: using vout display module "caopengllayer"
[00007fa3a801c4f0] main video output debug: original format sz 1920x1152, of (0,0), vsz 1920x1080, 4cc I420, sar 1:1, msk r0x0 g0x0 b0x0
[00007fa39cf05ed0] main spu text debug: removing module "freetype"
[00007fa3ad9fb410] main spu text debug: looking for text renderer module matching "any": 3 candidates
[00007fa3ad9fb410] main spu text debug: using text renderer module "freetype"
[00007fa3ad8fe170] main decoder debug: end of video preroll
[00007fa3ad8fe170] main decoder debug: Received first picture
[00007fa3a801aaf0] main input debug: Decoder wait done in 603 ms
[00007fa39e5054a0] main audio output warning: buffer too late (-108990033 us): dropped
[00007fa35db0ad80] main decoder debug: end of audio preroll
[00007fa3a801c4f0] main video output warning: picture is too late to be displayed (missing 59 ms)
[00007fa3a801c4f0] main video output warning: picture is too late to be displayed (missing 29 ms)
[00007fa35dc22990] main vout display debug: VoutDisplayEvent 'resize' 1680x933
[00007fa35dc22990] main vout display debug: auto hiding mouse cursor
[00007fa35dc22990] main vout display debug: auto hiding mouse cursor
[00007fa35dc22990] main vout display debug: auto hiding mouse cursor
[00007fa3ad90f480] macosx interface debug: activating or triggering extension 'Advanced A-B Looper', id 0
[00007fa3ad8425b0] lua generic debug: Activating extension 'Advanced A-B Looper'
[00007fa3ad8425b0] lua generic debug: Creating dialog 'Advanced A-B Looper'
[00007fa35dc22990] main vout display debug: auto hiding mouse cursor
[00007fa3ad8425b0] lua generic debug: Clicking '/Users/apple/Library/Application Support/org.videolan.vlc/lua/extensions/advanced_ab_looper.lua': 'Current -> A'
[00007fa3ad8425b0] lua generic debug: Clicking '/Users/apple/Library/Application Support/org.videolan.vlc/lua/extensions/advanced_ab_looper.lua': 'Current -> B'
[00007fa3ad8425b0] lua generic debug: Clicking '/Users/apple/Library/Application Support/org.videolan.vlc/lua/extensions/advanced_ab_looper.lua': 'LOOP ON'
[00007fa35db09b10] mkv demux debug: SET_TIME to 124876000
[00007fa35db09b10] mkv demux debug: seek request to i_pos = 124876000
[00007fa35db09b10] mkv demux debug: seek: preroll{ track: 1, pts: 120000000, fpos: 7371434 skip: 7371434} 
[00007fa35db09b10] mkv demux debug: seek: preroll{ track: 2, pts: 124861000, fpos: 7674458 skip: 7674458} 
[00007fa35db09b10] mkv demux debug: seek: preroll{ req: 124876001, start-pts: 120000001, start-fpos: 7371434} 
[00007fa3a801aaf0] main input debug: Buffering 0%
[00007fa3a801aaf0] main input debug: Buffering 1%
[00007fa3a801aaf0] main input debug: Buffering 2%
[00007fa3a801aaf0] main input debug: Buffering 3%
[00007fa3a801aaf0] main input debug: Buffering 4%
[00007fa3a801aaf0] main input debug: Buffering 5%
[00007fa3a801aaf0] main input debug: Buffering 6%
[00007fa3a801aaf0] main input debug: Buffering 7%
[00007fa3a801aaf0] main input debug: Buffering 8%
[00007fa3a801aaf0] main input debug: Buffering 9%
[00007fa3a801aaf0] main input debug: Buffering 10%
[00007fa3a801aaf0] main input debug: Buffering 11%
[00007fa3a801aaf0] main input debug: Buffering 12%
[00007fa3a801aaf0] main input debug: Buffering 13%
[00007fa3a801aaf0] main input debug: Buffering 14%
[00007fa3a801aaf0] main input debug: Buffering 15%
[00007fa3a801aaf0] main input debug: Buffering 16%
[00007fa3a801aaf0] main input debug: Buffering 17%
[00007fa3a801aaf0] main input debug: Buffering 18%
[00007fa3a801aaf0] main input debug: Buffering 19%
[00007fa3a801aaf0] main input debug: Buffering 20%
[00007fa3a801aaf0] main input debug: Buffering 21%
[00007fa3a801aaf0] main input debug: Buffering 22%
[00007fa3a801aaf0] main input debug: Buffering 23%
[00007fa3a801aaf0] main input debug: Buffering 24%
[00007fa3a801aaf0] main input debug: Buffering 25%
[00007fa3a801aaf0] main input debug: Buffering 26%
[00007fa3a801aaf0] main input debug: Buffering 27%
[00007fa3a801aaf0] main input debug: Buffering 28%
[00007fa3a801aaf0] main input debug: Buffering 29%
[00007fa3a801aaf0] main input debug: Buffering 30%
[00007fa3a801aaf0] main input debug: Buffering 31%
[00007fa3a801aaf0] main input debug: Buffering 32%
[00007fa3a801aaf0] main input debug: Buffering 33%
[00007fa3a801aaf0] main input debug: Buffering 34%
[00007fa3a801aaf0] main input debug: Buffering 35%
[00007fa3a801aaf0] main input debug: Buffering 36%
[00007fa3a801aaf0] main input debug: Buffering 37%
[00007fa3a801aaf0] main input debug: Buffering 38%
[00007fa3a801aaf0] main input debug: Buffering 39%
[00007fa3a801aaf0] main input debug: Buffering 40%
[00007fa3a801aaf0] main input debug: Buffering 41%
[00007fa3a801aaf0] main input debug: Buffering 42%
[00007fa3a801aaf0] main input debug: Buffering 43%
[00007fa3a801aaf0] main input debug: Buffering 44%
[00007fa3a801aaf0] main input debug: Buffering 45%
[00007fa3a801aaf0] main input debug: Buffering 46%
[00007fa3a801aaf0] main input debug: Buffering 47%
[00007fa3a801aaf0] main input debug: Buffering 48%
[00007fa3a801aaf0] main input debug: Buffering 49%
[00007fa3a801aaf0] main input debug: Buffering 50%
[00007fa3a801aaf0] main input debug: Buffering 51%
[00007fa3a801aaf0] main input debug: Buffering 52%
[00007fa3a801aaf0] main input debug: Buffering 53%
[00007fa3a801aaf0] main input debug: Buffering 54%
[00007fa3a801aaf0] main input debug: Buffering 55%
[00007fa3a801aaf0] main input debug: Buffering 56%
[00007fa3a801aaf0] main input debug: Buffering 57%
[00007fa3a801aaf0] main input debug: Buffering 58%
[00007fa3a801aaf0] main input debug: Buffering 59%
[00007fa3a801aaf0] main input debug: Buffering 60%
[00007fa3a801aaf0] main input debug: Buffering 61%
[00007fa3a801aaf0] main input debug: Buffering 62%
[00007fa3a801aaf0] main input debug: Buffering 63%
[00007fa3a801aaf0] main input debug: Buffering 64%
[00007fa3a801aaf0] main input debug: Buffering 65%
[00007fa3a801aaf0] main input debug: Buffering 66%
[00007fa3a801aaf0] main input debug: Buffering 67%
[00007fa3a801aaf0] main input debug: Buffering 68%
[00007fa3a801aaf0] main input debug: Buffering 69%
[00007fa3a801aaf0] main input debug: Buffering 70%
[00007fa3a801aaf0] main input debug: Buffering 71%
[00007fa3a801aaf0] main input debug: Buffering 72%
[00007fa3a801aaf0] main input debug: Buffering 73%
[00007fa3a801aaf0] main input debug: Buffering 74%
[00007fa3a801aaf0] main input debug: Buffering 75%
[00007fa3a801aaf0] main input debug: Buffering 76%
[00007fa3a801aaf0] main input debug: Buffering 77%
[00007fa3a801aaf0] main input debug: Buffering 78%
[00007fa3a801aaf0] main input debug: Buffering 79%
[00007fa3a801aaf0] main input debug: Buffering 80%
[00007fa3a801aaf0] main input debug: Buffering 81%
[00007fa3a801aaf0] main input debug: Buffering 82%
[00007fa3a801aaf0] main input debug: Buffering 83%
[00007fa3a801aaf0] main input debug: Buffering 84%
[00007fa3a801aaf0] main input debug: Buffering 85%
[00007fa35db0ad80] main decoder debug: end of audio preroll
[00007fa3a801aaf0] main input debug: Buffering 86%
[00007fa3a801aaf0] main input debug: Buffering 87%
[00007fa3a801aaf0] main input debug: Buffering 88%
[00007fa3a801aaf0] main input debug: Buffering 89%
[00007fa3a801aaf0] main input debug: Buffering 90%
[00007fa3a801aaf0] main input debug: Buffering 91%
[00007fa3a801aaf0] main input debug: Buffering 92%
[00007fa3a801aaf0] main input debug: Buffering 93%
[00007fa3a801aaf0] main input debug: Buffering 94%
[00007fa3a801aaf0] main input debug: Buffering 95%
[00007fa3a801aaf0] main input debug: Buffering 96%
[00007fa3a801aaf0] main input debug: Buffering 97%
[00007fa3a801aaf0] main input debug: Buffering 98%
[00007fa3a801aaf0] main input debug: Buffering 99%
[00007fa3a801aaf0] main input debug: Stream buffering done (5901 ms in 5 ms)
[00007fa3ad8fe170] main decoder debug: Received first picture
[00007fa3a801aaf0] main input debug: Decoder wait done in 31 ms
[00007fa3ad8fe170] main decoder debug: end of video preroll
[00007fa3a801c4f0] main video output warning: picture is too late to be displayed (missing 130 ms)
[00007fa3a801c4f0] main video output warning: picture is too late to be displayed (missing 97 ms)
[00007fa3a801c4f0] main video output warning: picture is too late to be displayed (missing 63 ms)
[00007fa3a801c4f0] main video output warning: picture is too late to be displayed (missing 53 ms)
[00007fa3a801c4f0] main video output warning: picture is too late to be displayed (missing 24 ms)
[00007fa35db09b10] mkv demux debug: SET_TIME to 124876000
[00007fa35db09b10] mkv demux debug: seek request to i_pos = 124876000
[00007fa35db09b10] mkv demux debug: seek: preroll{ track: 1, pts: 120000000, fpos: 7371434 skip: 7371434} 
[00007fa35db09b10] mkv demux debug: seek: preroll{ track: 2, pts: 124861000, fpos: 7674458 skip: 7674458} 
[00007fa35db09b10] mkv demux debug: seek: preroll{ req: 124876001, start-pts: 120000001, start-fpos: 7371434} 
[00007fa3a801aaf0] main input debug: Buffering 0%
[00007fa3a801aaf0] main input debug: Buffering 1%
[00007fa3a801aaf0] main input debug: Buffering 2%
[00007fa3a801aaf0] main input debug: Buffering 3%
[00007fa3a801aaf0] main input debug: Buffering 4%
[00007fa3a801aaf0] main input debug: Buffering 5%
[00007fa3a801aaf0] main input debug: Buffering 6%
[00007fa3a801aaf0] main input debug: Buffering 7%
[00007fa3a801aaf0] main input debug: Buffering 8%
[00007fa3a801aaf0] main input debug: Buffering 9%
[00007fa3a801aaf0] main input debug: Buffering 10%
[00007fa3a801aaf0] main input debug: Buffering 11%
[00007fa3a801aaf0] main input debug: Buffering 12%
[00007fa3a801aaf0] main input debug: Buffering 13%
[00007fa3a801aaf0] main input debug: Buffering 14%
[00007fa3a801aaf0] main input debug: Buffering 15%
[00007fa3a801aaf0] main input debug: Buffering 16%
[00007fa3a801aaf0] main input debug: Buffering 17%
[00007fa3a801aaf0] main input debug: Buffering 18%
[00007fa3a801aaf0] main input debug: Buffering 19%
[00007fa3a801aaf0] main input debug: Buffering 20%
[00007fa3a801aaf0] main input debug: Buffering 21%
[00007fa3a801aaf0] main input debug: Buffering 22%
[00007fa3a801aaf0] main input debug: Buffering 23%
[00007fa3a801aaf0] main input debug: Buffering 24%
[00007fa3a801aaf0] main input debug: Buffering 25%
[00007fa3a801aaf0] main input debug: Buffering 26%
[00007fa3a801aaf0] main input debug: Buffering 27%
[00007fa3a801aaf0] main input debug: Buffering 28%
[00007fa3a801aaf0] main input debug: Buffering 29%
[00007fa3a801aaf0] main input debug: Buffering 30%
[00007fa3a801aaf0] main input debug: Buffering 31%
[00007fa3a801aaf0] main input debug: Buffering 32%
[00007fa3a801aaf0] main input debug: Buffering 33%
[00007fa3a801aaf0] main input debug: Buffering 34%
[00007fa3a801aaf0] main input debug: Buffering 35%
[00007fa3a801aaf0] main input debug: Buffering 36%
[00007fa3a801aaf0] main input debug: Buffering 37%
[00007fa3a801aaf0] main input debug: Buffering 38%
[00007fa3a801aaf0] main input debug: Buffering 39%
[00007fa3a801aaf0] main input debug: Buffering 40%
[00007fa3a801aaf0] main input debug: Buffering 41%
[00007fa3a801aaf0] main input debug: Buffering 42%
[00007fa3a801aaf0] main input debug: Buffering 43%
[00007fa3a801aaf0] main input debug: Buffering 44%
[00007fa3a801aaf0] main input debug: Buffering 45%
[00007fa3a801aaf0] main input debug: Buffering 46%
[00007fa3a801aaf0] main input debug: Buffering 47%
[00007fa3a801aaf0] main input debug: Buffering 48%
[00007fa3a801aaf0] main input debug: Buffering 49%
[00007fa3a801aaf0] main input debug: Buffering 50%
[00007fa3a801aaf0] main input debug: Buffering 51%
[00007fa3a801aaf0] main input debug: Buffering 52%
[00007fa3a801aaf0] main input debug: Buffering 53%
[00007fa3a801aaf0] main input debug: Buffering 54%
[00007fa3a801aaf0] main input debug: Buffering 55%
[00007fa3a801aaf0] main input debug: Buffering 56%
[00007fa3a801aaf0] main input debug: Buffering 57%
[00007fa3a801aaf0] main input debug: Buffering 58%
[00007fa3a801aaf0] main input debug: Buffering 59%
[00007fa3a801aaf0] main input debug: Buffering 60%
[00007fa3a801aaf0] main input debug: Buffering 61%
[00007fa3a801aaf0] main input debug: Buffering 62%
[00007fa3a801aaf0] main input debug: Buffering 63%
[00007fa3a801aaf0] main input debug: Buffering 64%
[00007fa3a801aaf0] main input debug: Buffering 65%
[00007fa3a801aaf0] main input debug: Buffering 66%
[00007fa3a801aaf0] main input debug: Buffering 67%
[00007fa3a801aaf0] main input debug: Buffering 68%
[00007fa3a801aaf0] main input debug: Buffering 69%
[00007fa3a801aaf0] main input debug: Buffering 70%
[00007fa3a801aaf0] main input debug: Buffering 71%
[00007fa3a801aaf0] main input debug: Buffering 72%
[00007fa3a801aaf0] main input debug: Buffering 73%
[00007fa3a801aaf0] main input debug: Buffering 74%
[00007fa3a801aaf0] main input debug: Buffering 75%
[00007fa3a801aaf0] main input debug: Buffering 76%
[00007fa3a801aaf0] main input debug: Buffering 77%
[00007fa3a801aaf0] main input debug: Buffering 78%
[00007fa3a801aaf0] main input debug: Buffering 79%
[00007fa3a801aaf0] main input debug: Buffering 80%
[00007fa3a801aaf0] main input debug: Buffering 81%
[00007fa3a801aaf0] main input debug: Buffering 82%
[00007fa3a801aaf0] main input debug: Buffering 83%
[00007fa3a801aaf0] main input debug: Buffering 84%
[00007fa3a801aaf0] main input debug: Buffering 85%
[00007fa3a801aaf0] main input debug: Buffering 86%
[00007fa3a801aaf0] main input debug: Buffering 87%
[00007fa3a801aaf0] main input debug: Buffering 88%
[00007fa3a801aaf0] main input debug: Buffering 89%
[00007fa3a801aaf0] main input debug: Buffering 90%
[00007fa3a801aaf0] main input debug: Buffering 91%
[00007fa3a801aaf0] main input debug: Buffering 92%
[00007fa3a801aaf0] main input debug: Buffering 93%
[00007fa3a801aaf0] main input debug: Buffering 94%
[00007fa3a801aaf0] main input debug: Buffering 95%
[00007fa3a801aaf0] main input debug: Buffering 96%
[00007fa3a801aaf0] main input debug: Buffering 97%
[00007fa3a801aaf0] main input debug: Buffering 98%
[00007fa3a801aaf0] main input debug: Buffering 99%
[00007fa3a801aaf0] main input debug: Stream buffering done (5901 ms in 2 ms)
[00007fa35db0ad80] main decoder debug: end of audio preroll
[00007fa3ad8fe170] main decoder debug: Received first picture
[00007fa3a801aaf0] main input debug: Decoder wait done in 50 ms
[00007fa3ad8fe170] main decoder debug: end of video preroll
[00007fa3a801c4f0] main video output warning: picture is too late to be displayed (missing 143 ms)
[00007fa3a801c4f0] main video output warning: picture is too late to be displayed (missing 110 ms)
[00007fa3a801c4f0] main video output warning: picture is too late to be displayed (missing 77 ms)
[00007fa3a801c4f0] main video output warning: picture is too late to be displayed (missing 68 ms)
[00007fa3a801c4f0] main video output warning: picture is too late to be displayed (missing 41 ms)
[00007fa3a801c4f0] main video output debug: picture might be displayed late (missing 7 ms)
[00007fa35db09b10] mkv demux debug: SET_TIME to 124876000
[00007fa35db09b10] mkv demux debug: seek request to i_pos = 124876000
[00007fa35db09b10] mkv demux debug: seek: preroll{ track: 1, pts: 120000000, fpos: 7371434 skip: 7371434} 
[00007fa35db09b10] mkv demux debug: seek: preroll{ track: 2, pts: 124861000, fpos: 7674458 skip: 7674458} 
[00007fa35db09b10] mkv demux debug: seek: preroll{ req: 124876001, start-pts: 120000001, start-fpos: 7371434} 
[00007fa3a801aaf0] main input debug: Buffering 0%
[00007fa3a801aaf0] main input debug: Buffering 1%
[00007fa3a801aaf0] main input debug: Buffering 2%
[00007fa3a801aaf0] main input debug: Buffering 3%
[00007fa3a801aaf0] main input debug: Buffering 4%
[00007fa3a801aaf0] main input debug: Buffering 5%
[00007fa3a801aaf0] main input debug: Buffering 6%
[00007fa3a801aaf0] main input debug: Buffering 7%
[00007fa3a801aaf0] main input debug: Buffering 8%
[00007fa3a801aaf0] main input debug: Buffering 9%
[00007fa3a801aaf0] main input debug: Buffering 10%
[00007fa3a801aaf0] main input debug: Buffering 11%
[00007fa3a801aaf0] main input debug: Buffering 12%
[00007fa3a801aaf0] main input debug: Buffering 13%
[00007fa3a801aaf0] main input debug: Buffering 14%
[00007fa3a801aaf0] main input debug: Buffering 15%
[00007fa3a801aaf0] main input debug: Buffering 16%
[00007fa3a801aaf0] main input debug: Buffering 17%
[00007fa3a801aaf0] main input debug: Buffering 18%
[00007fa3a801aaf0] main input debug: Buffering 19%
[00007fa3a801aaf0] main input debug: Buffering 20%
[00007fa3a801aaf0] main input debug: Buffering 21%
[00007fa3a801aaf0] main input debug: Buffering 22%
[00007fa3a801aaf0] main input debug: Buffering 23%
[00007fa3a801aaf0] main input debug: Buffering 24%
[00007fa3a801aaf0] main input debug: Buffering 25%
[00007fa3a801aaf0] main input debug: Buffering 26%
[00007fa3a801aaf0] main input debug: Buffering 27%
[00007fa3a801aaf0] main input debug: Buffering 28%
[00007fa3a801aaf0] main input debug: Buffering 29%
[00007fa3a801aaf0] main input debug: Buffering 30%
[00007fa3a801aaf0] main input debug: Buffering 31%
[00007fa3a801aaf0] main input debug: Buffering 32%
[00007fa3a801aaf0] main input debug: Buffering 33%
[00007fa3a801aaf0] main input debug: Buffering 34%
[00007fa3a801aaf0] main input debug: Buffering 35%
[00007fa3a801aaf0] main input debug: Buffering 36%
[00007fa3a801aaf0] main input debug: Buffering 37%
[00007fa3a801aaf0] main input debug: Buffering 38%
[00007fa3a801aaf0] main input debug: Buffering 39%
[00007fa3a801aaf0] main input debug: Buffering 40%
[00007fa3a801aaf0] main input debug: Buffering 41%
[00007fa3a801aaf0] main input debug: Buffering 42%
[00007fa3a801aaf0] main input debug: Buffering 43%
[00007fa3a801aaf0] main input debug: Buffering 44%
[00007fa3a801aaf0] main input debug: Buffering 45%
[00007fa3a801aaf0] main input debug: Buffering 46%
[00007fa3a801aaf0] main input debug: Buffering 47%
[00007fa3a801aaf0] main input debug: Buffering 48%
[00007fa3a801aaf0] main input debug: Buffering 49%
[00007fa3a801aaf0] main input debug: Buffering 50%
[00007fa3a801aaf0] main input debug: Buffering 51%
[00007fa3a801aaf0] main input debug: Buffering 52%
[00007fa3a801aaf0] main input debug: Buffering 53%
[00007fa3a801aaf0] main input debug: Buffering 54%
[00007fa3a801aaf0] main input debug: Buffering 55%
[00007fa3a801aaf0] main input debug: Buffering 56%
[00007fa3a801aaf0] main input debug: Buffering 57%
[00007fa3a801aaf0] main input debug: Buffering 58%
[00007fa3a801aaf0] main input debug: Buffering 59%
[00007fa3a801aaf0] main input debug: Buffering 60%
[00007fa3a801aaf0] main input debug: Buffering 61%
[00007fa3a801aaf0] main input debug: Buffering 62%
[00007fa3a801aaf0] main input debug: Buffering 63%
[00007fa3a801aaf0] main input debug: Buffering 64%
[00007fa3a801aaf0] main input debug: Buffering 65%
[00007fa3a801aaf0] main input debug: Buffering 66%
[00007fa3a801aaf0] main input debug: Buffering 67%
[00007fa3a801aaf0] main input debug: Buffering 68%
[00007fa3a801aaf0] main input debug: Buffering 69%
[00007fa3a801aaf0] main input debug: Buffering 70%
[00007fa3a801aaf0] main input debug: Buffering 71%
[00007fa3a801aaf0] main input debug: Buffering 72%
[00007fa3a801aaf0] main input debug: Buffering 73%
[00007fa3a801aaf0] main input debug: Buffering 74%
[00007fa3a801aaf0] main input debug: Buffering 75%
[00007fa3a801aaf0] main input debug: Buffering 76%
[00007fa3a801aaf0] main input debug: Buffering 77%
[00007fa3a801aaf0] main input debug: Buffering 78%
[00007fa3a801aaf0] main input debug: Buffering 79%
[00007fa3a801aaf0] main input debug: Buffering 80%
[00007fa3a801aaf0] main input debug: Buffering 81%
[00007fa3a801aaf0] main input debug: Buffering 82%
[00007fa3a801aaf0] main input debug: Buffering 83%
[00007fa3a801aaf0] main input debug: Buffering 84%
[00007fa35db0ad80] main decoder debug: end of audio preroll
[00007fa3a801aaf0] main input debug: Buffering 85%
[00007fa3a801aaf0] main input debug: Buffering 86%
[00007fa3a801aaf0] main input debug: Buffering 87%
[00007fa3a801aaf0] main input debug: Buffering 88%
[00007fa3a801aaf0] main input debug: Buffering 89%
[00007fa3a801aaf0] main input debug: Buffering 90%
[00007fa3a801aaf0] main input debug: Buffering 91%
[00007fa3a801aaf0] main input debug: Buffering 92%
[00007fa3a801aaf0] main input debug: Buffering 93%
[00007fa3a801aaf0] main input debug: Buffering 94%
[00007fa3a801aaf0] main input debug: Buffering 95%
[00007fa3a801aaf0] main input debug: Buffering 96%
[00007fa3a801aaf0] main input debug: Buffering 97%
[00007fa3a801aaf0] main input debug: Buffering 98%
[00007fa3a801aaf0] main input debug: Buffering 99%
[00007fa3a801aaf0] main input debug: Stream buffering done (5901 ms in 5 ms)
[00007fa3ad8fe170] main decoder debug: Received first picture
[00007fa3a801aaf0] main input debug: Decoder wait done in 72 ms
[00007fa3ad8fe170] main decoder debug: end of video preroll
[00007fa3a801c4f0] main video output warning: picture is too late to be displayed (missing 156 ms)
[00007fa3a801c4f0] main video output warning: picture is too late to be displayed (missing 123 ms)
[00007fa3a801c4f0] main video output warning: picture is too late to be displayed (missing 90 ms)
[00007fa3a801c4f0] main video output warning: picture is too late to be displayed (missing 80 ms)
[00007fa3a801c4f0] main video output warning: picture is too late to be displayed (missing 52 ms)
[00007fa3a801c4f0] main video output warning: picture is too late to be displayed (missing 18 ms)
[00007fa3ad8425b0] lua generic debug: Clicking '/Users/apple/Library/Application Support/org.videolan.vlc/lua/extensions/advanced_ab_looper.lua': 'LOOP OFF'
[00007fa3ad8425b0] lua generic debug: Clicking '/Users/apple/Library/Application Support/org.videolan.vlc/lua/extensions/advanced_ab_looper.lua': 'Current -> B'
[00007fa3ad8425b0] lua generic debug: Clicking '/Users/apple/Library/Application Support/org.videolan.vlc/lua/extensions/advanced_ab_looper.lua': 'LOOP ON'
[00007fa35db09b10] mkv demux debug: SET_TIME to 124876000
[00007fa35db09b10] mkv demux debug: seek request to i_pos = 124876000
[00007fa35db09b10] mkv demux debug: seek: preroll{ track: 1, pts: 120000000, fpos: 7371434 skip: 7371434} 
[00007fa35db09b10] mkv demux debug: seek: preroll{ track: 2, pts: 124861000, fpos: 7674458 skip: 7674458} 
[00007fa35db09b10] mkv demux debug: seek: preroll{ req: 124876001, start-pts: 120000001, start-fpos: 7371434} 
[00007fa3a801aaf0] main input debug: Buffering 0%
[00007fa3a801aaf0] main input debug: Buffering 1%
[00007fa3a801aaf0] main input debug: Buffering 2%
[00007fa3a801aaf0] main input debug: Buffering 3%
[00007fa3a801aaf0] main input debug: Buffering 4%
[00007fa3a801aaf0] main input debug: Buffering 5%
[00007fa3a801aaf0] main input debug: Buffering 6%
[00007fa3a801aaf0] main input debug: Buffering 7%
[00007fa3a801aaf0] main input debug: Buffering 8%
[00007fa3a801aaf0] main input debug: Buffering 9%
[00007fa3a801aaf0] main input debug: Buffering 10%
[00007fa3a801aaf0] main input debug: Buffering 11%
[00007fa3a801aaf0] main input debug: Buffering 12%
[00007fa3a801aaf0] main input debug: Buffering 13%
[00007fa3a801aaf0] main input debug: Buffering 14%
[00007fa3a801aaf0] main input debug: Buffering 15%
[00007fa3a801aaf0] main input debug: Buffering 16%
[00007fa3a801aaf0] main input debug: Buffering 17%
[00007fa3a801aaf0] main input debug: Buffering 18%
[00007fa3a801aaf0] main input debug: Buffering 19%
[00007fa3a801aaf0] main input debug: Buffering 20%
[00007fa3a801aaf0] main input debug: Buffering 21%
[00007fa3a801aaf0] main input debug: Buffering 22%
[00007fa3a801aaf0] main input debug: Buffering 23%
[00007fa3ad8fe170] main decoder debug: Received first picture
[00007fa3ad8fe170] main decoder error: Timestamp conversion failed (delay 1000000, buffering 100000, bound 9000000)
[00007fa3ad8fe170] main decoder error: Could not convert timestamp 654071933541 for dav1d
[00007fa3a801aaf0] main input debug: Buffering 24%
[00007fa3a801aaf0] main input debug: Buffering 25%
[00007fa3a801aaf0] main input debug: Buffering 26%
[00007fa3a801aaf0] main input debug: Buffering 27%
[00007fa3a801aaf0] main input debug: Buffering 28%
[00007fa3a801aaf0] main input debug: Buffering 29%
[00007fa3a801aaf0] main input debug: Buffering 30%
[00007fa3a801aaf0] main input debug: Buffering 31%
[00007fa3a801aaf0] main input debug: Buffering 32%
[00007fa3a801aaf0] main input debug: Buffering 33%
[00007fa3a801aaf0] main input debug: Buffering 34%
[00007fa3a801aaf0] main input debug: Buffering 35%
[00007fa3a801aaf0] main input debug: Buffering 36%
[00007fa3a801aaf0] main input debug: Buffering 37%
[00007fa3a801aaf0] main input debug: Buffering 38%
[00007fa3a801aaf0] main input debug: Buffering 39%
[00007fa3a801aaf0] main input debug: Buffering 40%
[00007fa3a801aaf0] main input debug: Buffering 41%
[00007fa3a801aaf0] main input debug: Buffering 42%
[00007fa3a801aaf0] main input debug: Buffering 43%
[00007fa3a801aaf0] main input debug: Buffering 44%
[00007fa3a801aaf0] main input debug: Buffering 45%
[00007fa3a801aaf0] main input debug: Buffering 46%
[00007fa3a801aaf0] main input debug: Buffering 47%
[00007fa3a801aaf0] main input debug: Buffering 48%
[00007fa3a801aaf0] main input debug: Buffering 49%
[00007fa3a801aaf0] main input debug: Buffering 50%
[00007fa3a801aaf0] main input debug: Buffering 51%
[00007fa3a801aaf0] main input debug: Buffering 52%
[00007fa3a801aaf0] main input debug: Buffering 53%
[00007fa3a801aaf0] main input debug: Buffering 54%
[00007fa3a801aaf0] main input debug: Buffering 55%
[00007fa3a801aaf0] main input debug: Buffering 56%
[00007fa3a801aaf0] main input debug: Buffering 57%
[00007fa3a801aaf0] main input debug: Buffering 58%
[00007fa3a801aaf0] main input debug: Buffering 59%
[00007fa3a801aaf0] main input debug: Buffering 60%
[00007fa3a801aaf0] main input debug: Buffering 61%
[00007fa3a801aaf0] main input debug: Buffering 62%
[00007fa3a801aaf0] main input debug: Buffering 63%
[00007fa3a801aaf0] main input debug: Buffering 64%
[00007fa3a801aaf0] main input debug: Buffering 65%
[00007fa3a801aaf0] main input debug: Buffering 66%
[00007fa3a801aaf0] main input debug: Buffering 67%
[00007fa3a801aaf0] main input debug: Buffering 68%
[00007fa3a801aaf0] main input debug: Buffering 69%
[00007fa3a801aaf0] main input debug: Buffering 70%
[00007fa3a801aaf0] main input debug: Buffering 71%
[00007fa3a801aaf0] main input debug: Buffering 72%
[00007fa3a801aaf0] main input debug: Buffering 73%
[00007fa3a801aaf0] main input debug: Buffering 74%
[00007fa3a801aaf0] main input debug: Buffering 75%
[00007fa3a801aaf0] main input debug: Buffering 76%
[00007fa3a801aaf0] main input debug: Buffering 77%
[00007fa3a801aaf0] main input debug: Buffering 78%
[00007fa3a801aaf0] main input debug: Buffering 79%
[00007fa3a801aaf0] main input debug: Buffering 80%
[00007fa3a801aaf0] main input debug: Buffering 81%
[00007fa3a801aaf0] main input debug: Buffering 82%
[00007fa3a801aaf0] main input debug: Buffering 83%
[00007fa3a801aaf0] main input debug: Buffering 84%
[00007fa3a801aaf0] main input debug: Buffering 85%
[00007fa3a801aaf0] main input debug: Buffering 86%
[00007fa3a801aaf0] main input debug: Buffering 87%
[00007fa3a801aaf0] main input debug: Buffering 88%
[00007fa35db0ad80] main decoder debug: end of audio preroll
[00007fa3a801aaf0] main input debug: Buffering 89%
[00007fa3a801aaf0] main input debug: Buffering 90%
[00007fa3a801aaf0] main input debug: Buffering 91%
[00007fa3a801aaf0] main input debug: Buffering 92%
[00007fa3a801aaf0] main input debug: Buffering 93%
[00007fa3a801aaf0] main input debug: Buffering 94%
[00007fa3a801aaf0] main input debug: Buffering 95%
[00007fa3a801aaf0] main input debug: Buffering 96%
[00007fa3a801aaf0] main input debug: Buffering 97%
[00007fa3a801aaf0] main input debug: Buffering 98%
[00007fa3a801aaf0] main input debug: Buffering 99%
[00007fa3a801aaf0] main input debug: Stream buffering done (5901 ms in 4 ms)
[00007fa3a801aaf0] main input debug: Decoder wait done in 9 ms
[00007fa3ad8fe170] main decoder debug: end of video preroll
[00007fa3a801c4f0] main video output warning: picture is too late to be displayed (missing 183 ms)
[00007fa3a801c4f0] main video output warning: picture is too late to be displayed (missing 150 ms)
[00007fa3a801c4f0] main video output warning: picture is too late to be displayed (missing 121 ms)
[00007fa3a801c4f0] main video output warning: picture is too late to be displayed (missing 115 ms)
[00007fa3a801c4f0] main video output warning: picture is too late to be displayed (missing 92 ms)
[00007fa3a801c4f0] main video output warning: picture is too late to be displayed (missing 59 ms)
[00007fa3a801c4f0] main video output warning: picture is too late to be displayed (missing 29 ms)
[00007fa3ad8425b0] lua generic debug: Clicking '/Users/apple/Library/Application Support/org.videolan.vlc/lua/extensions/advanced_ab_looper.lua': 'LOOP OFF'
[00007fa3ad8425b0] lua generic debug: Clicking '/Users/apple/Library/Application Support/org.videolan.vlc/lua/extensions/advanced_ab_looper.lua': 'LOOP ON'
[00007fa35db09b10] mkv demux debug: SET_TIME to 124876000
[00007fa35db09b10] mkv demux debug: seek request to i_pos = 124876000
[00007fa35db09b10] mkv demux debug: seek: preroll{ track: 1, pts: 120000000, fpos: 7371434 skip: 7371434} 
[00007fa35db09b10] mkv demux debug: seek: preroll{ track: 2, pts: 124861000, fpos: 7674458 skip: 7674458} 
[00007fa35db09b10] mkv demux debug: seek: preroll{ req: 124876001, start-pts: 120000001, start-fpos: 7371434} 
[00007fa3a801aaf0] main input debug: Buffering 0%
[00007fa3a801aaf0] main input debug: Buffering 1%
[00007fa3a801aaf0] main input debug: Buffering 2%
[00007fa3a801aaf0] main input debug: Buffering 3%
[00007fa3a801aaf0] main input debug: Buffering 4%
[00007fa3a801aaf0] main input debug: Buffering 5%
[00007fa3a801aaf0] main input debug: Buffering 6%
[00007fa3a801aaf0] main input debug: Buffering 7%
[00007fa3a801aaf0] main input debug: Buffering 8%
[00007fa3a801aaf0] main input debug: Buffering 9%
[00007fa3a801aaf0] main input debug: Buffering 10%
[00007fa3a801aaf0] main input debug: Buffering 11%
[00007fa3a801aaf0] main input debug: Buffering 12%
[00007fa3a801aaf0] main input debug: Buffering 13%
[00007fa3a801aaf0] main input debug: Buffering 14%
[00007fa3a801aaf0] main input debug: Buffering 15%
[00007fa3a801aaf0] main input debug: Buffering 16%
[00007fa3a801aaf0] main input debug: Buffering 17%
[00007fa3a801aaf0] main input debug: Buffering 18%
[00007fa3a801aaf0] main input debug: Buffering 19%
[00007fa3a801aaf0] main input debug: Buffering 20%
[00007fa3a801aaf0] main input debug: Buffering 21%
[00007fa3a801aaf0] main input debug: Buffering 22%
[00007fa3a801aaf0] main input debug: Buffering 23%
[00007fa3a801aaf0] main input debug: Buffering 24%
[00007fa3a801aaf0] main input debug: Buffering 25%
[00007fa3a801aaf0] main input debug: Buffering 26%
[00007fa3a801aaf0] main input debug: Buffering 27%
[00007fa3a801aaf0] main input debug: Buffering 28%
[00007fa3a801aaf0] main input debug: Buffering 29%
[00007fa3a801aaf0] main input debug: Buffering 30%
[00007fa3a801aaf0] main input debug: Buffering 31%
[00007fa3a801aaf0] main input debug: Buffering 32%
[00007fa3a801aaf0] main input debug: Buffering 33%
[00007fa3a801aaf0] main input debug: Buffering 34%
[00007fa3a801aaf0] main input debug: Buffering 35%
[00007fa3a801aaf0] main input debug: Buffering 36%
[00007fa3a801aaf0] main input debug: Buffering 37%
[00007fa3a801aaf0] main input debug: Buffering 38%
[00007fa3a801aaf0] main input debug: Buffering 39%
[00007fa3a801aaf0] main input debug: Buffering 40%
[00007fa3a801aaf0] main input debug: Buffering 41%
[00007fa3a801aaf0] main input debug: Buffering 42%
[00007fa3a801aaf0] main input debug: Buffering 43%
[00007fa3a801aaf0] main input debug: Buffering 44%
[00007fa3a801aaf0] main input debug: Buffering 45%
[00007fa3a801aaf0] main input debug: Buffering 46%
[00007fa3a801aaf0] main input debug: Buffering 47%
[00007fa3a801aaf0] main input debug: Buffering 48%
[00007fa3a801aaf0] main input debug: Buffering 49%
[00007fa3a801aaf0] main input debug: Buffering 50%
[00007fa3a801aaf0] main input debug: Buffering 51%
[00007fa3a801aaf0] main input debug: Buffering 52%
[00007fa3a801aaf0] main input debug: Buffering 53%
[00007fa3a801aaf0] main input debug: Buffering 54%
[00007fa3a801aaf0] main input debug: Buffering 55%
[00007fa3a801aaf0] main input debug: Buffering 56%
[00007fa3a801aaf0] main input debug: Buffering 57%
[00007fa3a801aaf0] main input debug: Buffering 58%
[00007fa3a801aaf0] main input debug: Buffering 59%
[00007fa3a801aaf0] main input debug: Buffering 60%
[00007fa3a801aaf0] main input debug: Buffering 61%
[00007fa3a801aaf0] main input debug: Buffering 62%
[00007fa3a801aaf0] main input debug: Buffering 63%
[00007fa3a801aaf0] main input debug: Buffering 64%
[00007fa3a801aaf0] main input debug: Buffering 65%
[00007fa3a801aaf0] main input debug: Buffering 66%
[00007fa3a801aaf0] main input debug: Buffering 67%
[00007fa3a801aaf0] main input debug: Buffering 68%
[00007fa3a801aaf0] main input debug: Buffering 69%
[00007fa3a801aaf0] main input debug: Buffering 70%
[00007fa3a801aaf0] main input debug: Buffering 71%
[00007fa3a801aaf0] main input debug: Buffering 72%
[00007fa3a801aaf0] main input debug: Buffering 73%
[00007fa3a801aaf0] main input debug: Buffering 74%
[00007fa3a801aaf0] main input debug: Buffering 75%
[00007fa3a801aaf0] main input debug: Buffering 76%
[00007fa3a801aaf0] main input debug: Buffering 77%
[00007fa3a801aaf0] main input debug: Buffering 78%
[00007fa3a801aaf0] main input debug: Buffering 79%
[00007fa3a801aaf0] main input debug: Buffering 80%
[00007fa3a801aaf0] main input debug: Buffering 81%
[00007fa3ad8fe170] main decoder debug: Received first picture
[00007fa3a801aaf0] main input debug: Buffering 82%
[00007fa3a801aaf0] main input debug: Buffering 83%
[00007fa3a801aaf0] main input debug: Buffering 84%
[00007fa35db0ad80] main decoder debug: end of audio preroll
[00007fa3a801aaf0] main input debug: Buffering 85%
[00007fa3a801aaf0] main input debug: Buffering 86%
[00007fa3a801aaf0] main input debug: Buffering 87%
[00007fa3a801aaf0] main input debug: Buffering 88%
[00007fa3a801aaf0] main input debug: Buffering 89%
[00007fa3a801aaf0] main input debug: Buffering 90%
[00007fa3a801aaf0] main input debug: Buffering 91%
[00007fa3a801aaf0] main input debug: Buffering 92%
[00007fa3a801aaf0] main input debug: Buffering 93%
[00007fa3a801aaf0] main input debug: Buffering 94%
[00007fa3a801aaf0] main input debug: Buffering 95%
[00007fa3a801aaf0] main input debug: Buffering 96%
[00007fa3a801aaf0] main input debug: Buffering 97%
[00007fa3a801aaf0] main input debug: Buffering 98%
[00007fa3a801aaf0] main input debug: Buffering 99%
[00007fa3a801aaf0] main input debug: Stream buffering done (5901 ms in 3 ms)
[00007fa3ad8fe170] main decoder debug: end of video preroll
[00007fa3a801aaf0] main input debug: Decoder wait done in 188 ms
[00007fa3ad8425b0] lua generic debug: Clicking '/Users/apple/Library/Application Support/org.videolan.vlc/lua/extensions/advanced_ab_looper.lua': 'Save New'
[00007fa3ad8425b0] lua generic debug: Clicking '/Users/apple/Library/Application Support/org.videolan.vlc/lua/extensions/advanced_ab_looper.lua': 'LOOP OFF'
[00007fa3ad8425b0] lua generic debug: Clicking '/Users/apple/Library/Application Support/org.videolan.vlc/lua/extensions/advanced_ab_looper.lua': 'Current -> A'
[00007fa3ad8425b0] lua generic debug: Clicking '/Users/apple/Library/Application Support/org.videolan.vlc/lua/extensions/advanced_ab_looper.lua': 'Current -> B'
[00007fa3ad8425b0] lua generic debug: Clicking '/Users/apple/Library/Application Support/org.videolan.vlc/lua/extensions/advanced_ab_looper.lua': 'LOOP ON'
[00007fa35db09b10] mkv demux debug: SET_TIME to 129104000
[00007fa35db09b10] mkv demux debug: seek request to i_pos = 129104000
[00007fa35db09b10] mkv demux debug: seek: preroll{ track: 1, pts: 125000000, fpos: 7677166 skip: 7677166} 
[00007fa35db09b10] mkv demux debug: seek: preroll{ track: 2, pts: 129101000, fpos: 7970331 skip: 7970331} 
[00007fa35db09b10] mkv demux debug: seek: preroll{ req: 129104001, start-pts: 125000001, start-fpos: 7677166} 
[00007fa3a801aaf0] main input debug: Buffering 0%
[00007fa3a801aaf0] main input debug: Buffering 1%
[00007fa3a801aaf0] main input debug: Buffering 2%
[00007fa3a801aaf0] main input debug: Buffering 3%
[00007fa3a801aaf0] main input debug: Buffering 4%
[00007fa3a801aaf0] main input debug: Buffering 5%
[00007fa3a801aaf0] main input debug: Buffering 6%
[00007fa3a801aaf0] main input debug: Buffering 7%
[00007fa3a801aaf0] main input debug: Buffering 8%
[00007fa3a801aaf0] main input debug: Buffering 9%
[00007fa3a801aaf0] main input debug: Buffering 10%
[00007fa3a801aaf0] main input debug: Buffering 11%
[00007fa3a801aaf0] main input debug: Buffering 12%
[00007fa3a801aaf0] main input debug: Buffering 13%
[00007fa3a801aaf0] main input debug: Buffering 14%
[00007fa3a801aaf0] main input debug: Buffering 15%
[00007fa3a801aaf0] main input debug: Buffering 16%
[00007fa3a801aaf0] main input debug: Buffering 17%
[00007fa3a801aaf0] main input debug: Buffering 18%
[00007fa3a801aaf0] main input debug: Buffering 19%
[00007fa3a801aaf0] main input debug: Buffering 20%
[00007fa3a801aaf0] main input debug: Buffering 21%
[00007fa3a801aaf0] main input debug: Buffering 22%
[00007fa3a801aaf0] main input debug: Buffering 23%
[00007fa3a801aaf0] main input debug: Buffering 24%
[00007fa3a801aaf0] main input debug: Buffering 25%
[00007fa3a801aaf0] main input debug: Buffering 26%
[00007fa3a801aaf0] main input debug: Buffering 27%
[00007fa3a801aaf0] main input debug: Buffering 28%
[00007fa3a801aaf0] main input debug: Buffering 29%
[00007fa3a801aaf0] main input debug: Buffering 30%
[00007fa3a801aaf0] main input debug: Buffering 31%
[00007fa3a801aaf0] main input debug: Buffering 32%
[00007fa3a801aaf0] main input debug: Buffering 33%
[00007fa3a801aaf0] main input debug: Buffering 34%
[00007fa3a801aaf0] main input debug: Buffering 35%
[00007fa3a801aaf0] main input debug: Buffering 36%
[00007fa3a801aaf0] main input debug: Buffering 37%
[00007fa3a801aaf0] main input debug: Buffering 38%
[00007fa3a801aaf0] main input debug: Buffering 39%
[00007fa3a801aaf0] main input debug: Buffering 40%
[00007fa3a801aaf0] main input debug: Buffering 41%
[00007fa3a801aaf0] main input debug: Buffering 42%
[00007fa3a801aaf0] main input debug: Buffering 43%
[00007fa3a801aaf0] main input debug: Buffering 44%
[00007fa3a801aaf0] main input debug: Buffering 45%
[00007fa3a801aaf0] main input debug: Buffering 46%
[00007fa3a801aaf0] main input debug: Buffering 47%
[00007fa3a801aaf0] main input debug: Buffering 48%
[00007fa3a801aaf0] main input debug: Buffering 49%
[00007fa3a801aaf0] main input debug: Buffering 50%
[00007fa3a801aaf0] main input debug: Buffering 51%
[00007fa3a801aaf0] main input debug: Buffering 52%
[00007fa3a801aaf0] main input debug: Buffering 53%
[00007fa3a801aaf0] main input debug: Buffering 54%
[00007fa3a801aaf0] main input debug: Buffering 55%
[00007fa3a801aaf0] main input debug: Buffering 56%
[00007fa3a801aaf0] main input debug: Buffering 57%
[00007fa3a801aaf0] main input debug: Buffering 58%
[00007fa3a801aaf0] main input debug: Buffering 59%
[00007fa3a801aaf0] main input debug: Buffering 60%
[00007fa3a801aaf0] main input debug: Buffering 61%
[00007fa3a801aaf0] main input debug: Buffering 62%
[00007fa3a801aaf0] main input debug: Buffering 63%
[00007fa3a801aaf0] main input debug: Buffering 64%
[00007fa3a801aaf0] main input debug: Buffering 65%
[00007fa3a801aaf0] main input debug: Buffering 66%
[00007fa3a801aaf0] main input debug: Buffering 67%
[00007fa3a801aaf0] main input debug: Buffering 68%
[00007fa3a801aaf0] main input debug: Buffering 69%
[00007fa3a801aaf0] main input debug: Buffering 70%
[00007fa3a801aaf0] main input debug: Buffering 71%
[00007fa3a801aaf0] main input debug: Buffering 72%
[00007fa3a801aaf0] main input debug: Buffering 73%
[00007fa3a801aaf0] main input debug: Buffering 74%
[00007fa3a801aaf0] main input debug: Buffering 75%
[00007fa3a801aaf0] main input debug: Buffering 76%
[00007fa3a801aaf0] main input debug: Buffering 77%
[00007fa3a801aaf0] main input debug: Buffering 78%
[00007fa3a801aaf0] main input debug: Buffering 79%
[00007fa3a801aaf0] main input debug: Buffering 80%
[00007fa3a801aaf0] main input debug: Buffering 81%
[00007fa3a801aaf0] main input debug: Buffering 82%
[00007fa3a801aaf0] main input debug: Buffering 83%
[00007fa3a801aaf0] main input debug: Buffering 84%
[00007fa3a801aaf0] main input debug: Buffering 85%
[00007fa3a801aaf0] main input debug: Buffering 86%
[00007fa3a801aaf0] main input debug: Buffering 87%
[00007fa3a801aaf0] main input debug: Buffering 88%
[00007fa3a801aaf0] main input debug: Buffering 89%
[00007fa3a801aaf0] main input debug: Buffering 90%
[00007fa3a801aaf0] main input debug: Buffering 91%
[00007fa3a801aaf0] main input debug: Buffering 92%
[00007fa3a801aaf0] main input debug: Buffering 93%
[00007fa3a801aaf0] main input debug: Buffering 94%
[00007fa3a801aaf0] main input debug: Buffering 95%
[00007fa3a801aaf0] main input debug: Buffering 96%
[00007fa3a801aaf0] main input debug: Buffering 97%
[00007fa3a801aaf0] main input debug: Buffering 98%
[00007fa3a801aaf0] main input debug: Buffering 99%
[00007fa3a801aaf0] main input debug: Stream buffering done (5106 ms in 2 ms)
[00007fa35db0ad80] main decoder debug: end of audio preroll
[00007fa3ad8fe170] main decoder debug: Received first picture
[00007fa3a801aaf0] main input debug: Decoder wait done in 21 ms
[00007fa3ad8fe170] main decoder debug: end of video preroll
[00007fa3a801c4f0] main video output warning: picture is too late to be displayed (missing 139 ms)
[00007fa3a801c4f0] main video output warning: picture is too late to be displayed (missing 106 ms)
[00007fa3a801c4f0] main video output warning: picture is too late to be displayed (missing 72 ms)
[00007fa3a801c4f0] main video output warning: picture is too late to be displayed (missing 41 ms)
[00007fa3a801c4f0] main video output debug: picture might be displayed late (missing 9 ms)
[00007fa35db09b10] mkv demux debug: SET_TIME to 129104000
[00007fa35db09b10] mkv demux debug: seek request to i_pos = 129104000
[00007fa35db09b10] mkv demux debug: seek: preroll{ track: 1, pts: 125000000, fpos: 7677166 skip: 7677166} 
[00007fa35db09b10] mkv demux debug: seek: preroll{ track: 2, pts: 129101000, fpos: 7970331 skip: 7970331} 
[00007fa35db09b10] mkv demux debug: seek: preroll{ req: 129104001, start-pts: 125000001, start-fpos: 7677166} 
[00007fa3a801aaf0] main input debug: Buffering 0%
[00007fa3a801aaf0] main input debug: Buffering 1%
[00007fa3a801aaf0] main input debug: Buffering 2%
[00007fa3a801aaf0] main input debug: Buffering 3%
[00007fa3a801aaf0] main input debug: Buffering 4%
[00007fa3a801aaf0] main input debug: Buffering 5%
[00007fa3a801aaf0] main input debug: Buffering 6%
[00007fa3a801aaf0] main input debug: Buffering 7%
[00007fa3a801aaf0] main input debug: Buffering 8%
[00007fa3a801aaf0] main input debug: Buffering 9%
[00007fa3a801aaf0] main input debug: Buffering 10%
[00007fa3a801aaf0] main input debug: Buffering 11%
[00007fa3a801aaf0] main input debug: Buffering 12%
[00007fa3a801aaf0] main input debug: Buffering 13%
[00007fa3a801aaf0] main input debug: Buffering 14%
[00007fa3a801aaf0] main input debug: Buffering 15%
[00007fa3a801aaf0] main input debug: Buffering 16%
[00007fa3a801aaf0] main input debug: Buffering 17%
[00007fa3a801aaf0] main input debug: Buffering 18%
[00007fa3a801aaf0] main input debug: Buffering 19%
[00007fa3a801aaf0] main input debug: Buffering 20%
[00007fa3a801aaf0] main input debug: Buffering 21%
[00007fa3a801aaf0] main input debug: Buffering 22%
[00007fa3a801aaf0] main input debug: Buffering 23%
[00007fa3a801aaf0] main input debug: Buffering 24%
[00007fa3a801aaf0] main input debug: Buffering 25%
[00007fa3a801aaf0] main input debug: Buffering 26%
[00007fa3a801aaf0] main input debug: Buffering 27%
[00007fa3a801aaf0] main input debug: Buffering 28%
[00007fa3a801aaf0] main input debug: Buffering 29%
[00007fa3a801aaf0] main input debug: Buffering 30%
[00007fa3a801aaf0] main input debug: Buffering 31%
[00007fa3a801aaf0] main input debug: Buffering 32%
[00007fa3a801aaf0] main input debug: Buffering 33%
[00007fa3a801aaf0] main input debug: Buffering 34%
[00007fa3a801aaf0] main input debug: Buffering 35%
[00007fa3a801aaf0] main input debug: Buffering 36%
[00007fa3a801aaf0] main input debug: Buffering 37%
[00007fa3a801aaf0] main input debug: Buffering 38%
[00007fa3a801aaf0] main input debug: Buffering 39%
[00007fa3a801aaf0] main input debug: Buffering 40%
[00007fa3a801aaf0] main input debug: Buffering 41%
[00007fa3a801aaf0] main input debug: Buffering 42%
[00007fa3a801aaf0] main input debug: Buffering 43%
[00007fa3a801aaf0] main input debug: Buffering 44%
[00007fa3a801aaf0] main input debug: Buffering 45%
[00007fa3a801aaf0] main input debug: Buffering 46%
[00007fa3a801aaf0] main input debug: Buffering 47%
[00007fa3a801aaf0] main input debug: Buffering 48%
[00007fa3a801aaf0] main input debug: Buffering 49%
[00007fa3a801aaf0] main input debug: Buffering 50%
[00007fa3a801aaf0] main input debug: Buffering 51%
[00007fa3a801aaf0] main input debug: Buffering 52%
[00007fa3a801aaf0] main input debug: Buffering 53%
[00007fa3a801aaf0] main input debug: Buffering 54%
[00007fa3a801aaf0] main input debug: Buffering 55%
[00007fa3a801aaf0] main input debug: Buffering 56%
[00007fa3a801aaf0] main input debug: Buffering 57%
[00007fa3a801aaf0] main input debug: Buffering 58%
[00007fa3a801aaf0] main input debug: Buffering 59%
[00007fa3a801aaf0] main input debug: Buffering 60%
[00007fa3a801aaf0] main input debug: Buffering 61%
[00007fa3a801aaf0] main input debug: Buffering 62%
[00007fa3a801aaf0] main input debug: Buffering 63%
[00007fa3a801aaf0] main input debug: Buffering 64%
[00007fa3a801aaf0] main input debug: Buffering 65%
[00007fa3a801aaf0] main input debug: Buffering 66%
[00007fa3a801aaf0] main input debug: Buffering 67%
[00007fa3a801aaf0] main input debug: Buffering 68%
[00007fa3a801aaf0] main input debug: Buffering 69%
[00007fa3a801aaf0] main input debug: Buffering 70%
[00007fa3a801aaf0] main input debug: Buffering 71%
[00007fa3a801aaf0] main input debug: Buffering 72%
[00007fa3a801aaf0] main input debug: Buffering 73%
[00007fa3a801aaf0] main input debug: Buffering 74%
[00007fa3a801aaf0] main input debug: Buffering 75%
[00007fa3a801aaf0] main input debug: Buffering 76%
[00007fa3a801aaf0] main input debug: Buffering 77%
[00007fa3a801aaf0] main input debug: Buffering 78%
[00007fa3a801aaf0] main input debug: Buffering 79%
[00007fa3a801aaf0] main input debug: Buffering 80%
[00007fa3a801aaf0] main input debug: Buffering 81%
[00007fa3a801aaf0] main input debug: Buffering 82%
[00007fa3a801aaf0] main input debug: Buffering 83%
[00007fa3a801aaf0] main input debug: Buffering 84%
[00007fa3a801aaf0] main input debug: Buffering 85%
[00007fa3a801aaf0] main input debug: Buffering 86%
[00007fa3a801aaf0] main input debug: Buffering 87%
[00007fa3a801aaf0] main input debug: Buffering 88%
[00007fa3a801aaf0] main input debug: Buffering 89%
[00007fa3a801aaf0] main input debug: Buffering 90%
[00007fa3a801aaf0] main input debug: Buffering 91%
[00007fa3a801aaf0] main input debug: Buffering 92%
[00007fa3a801aaf0] main input debug: Buffering 93%
[00007fa3a801aaf0] main input debug: Buffering 94%
[00007fa3a801aaf0] main input debug: Buffering 95%
[00007fa3a801aaf0] main input debug: Buffering 96%
[00007fa3a801aaf0] main input debug: Buffering 97%
[00007fa3a801aaf0] main input debug: Buffering 98%
[00007fa3a801aaf0] main input debug: Buffering 99%
[00007fa3a801aaf0] main input debug: Stream buffering done (5106 ms in 2 ms)
[00007fa35db0ad80] main decoder debug: end of audio preroll
[00007fa3ad8fe170] main decoder debug: Received first picture
[00007fa3a801aaf0] main input debug: Decoder wait done in 52 ms
[00007fa3ad8fe170] main decoder debug: end of video preroll
[00007fa3a801c4f0] main video output warning: picture is too late to be displayed (missing 134 ms)
[00007fa3a801c4f0] main video output warning: picture is too late to be displayed (missing 101 ms)
[00007fa3a801c4f0] main video output warning: picture is too late to be displayed (missing 67 ms)
[00007fa3a801c4f0] main video output warning: picture is too late to be displayed (missing 36 ms)
[00007fa3a801c4f0] main video output debug: picture might be displayed late (missing 4 ms)
[00007fa3ad8425b0] lua generic debug: Clicking '/Users/apple/Library/Application Support/org.videolan.vlc/lua/extensions/advanced_ab_looper.lua': 'Save New'
[00007fa35db09b10] mkv demux debug: SET_TIME to 129104000
[00007fa35db09b10] mkv demux debug: seek request to i_pos = 129104000
[00007fa35db09b10] mkv demux debug: seek: preroll{ track: 1, pts: 125000000, fpos: 7677166 skip: 7677166} 
[00007fa35db09b10] mkv demux debug: seek: preroll{ track: 2, pts: 129101000, fpos: 7970331 skip: 7970331} 
[00007fa35db09b10] mkv demux debug: seek: preroll{ req: 129104001, start-pts: 125000001, start-fpos: 7677166} 
[00007fa3a801aaf0] main input debug: Buffering 0%
[00007fa3a801aaf0] main input debug: Buffering 1%
[00007fa3a801aaf0] main input debug: Buffering 2%
[00007fa3a801aaf0] main input debug: Buffering 3%
[00007fa3a801aaf0] main input debug: Buffering 4%
[00007fa3a801aaf0] main input debug: Buffering 5%
[00007fa3a801aaf0] main input debug: Buffering 6%
[00007fa3a801aaf0] main input debug: Buffering 7%
[00007fa3a801aaf0] main input debug: Buffering 8%
[00007fa3a801aaf0] main input debug: Buffering 9%
[00007fa3a801aaf0] main input debug: Buffering 10%
[00007fa3a801aaf0] main input debug: Buffering 11%
[00007fa3a801aaf0] main input debug: Buffering 12%
[00007fa3a801aaf0] main input debug: Buffering 13%
[00007fa3a801aaf0] main input debug: Buffering 14%
[00007fa3a801aaf0] main input debug: Buffering 15%
[00007fa3a801aaf0] main input debug: Buffering 16%
[00007fa3a801aaf0] main input debug: Buffering 17%
[00007fa3a801aaf0] main input debug: Buffering 18%
[00007fa3a801aaf0] main input debug: Buffering 19%
[00007fa3a801aaf0] main input debug: Buffering 20%
[00007fa3a801aaf0] main input debug: Buffering 21%
[00007fa3a801aaf0] main input debug: Buffering 22%
[00007fa3a801aaf0] main input debug: Buffering 23%
[00007fa3a801aaf0] main input debug: Buffering 24%
[00007fa3a801aaf0] main input debug: Buffering 25%
[00007fa3a801aaf0] main input debug: Buffering 26%
[00007fa3a801aaf0] main input debug: Buffering 27%
[00007fa3a801aaf0] main input debug: Buffering 28%
[00007fa3a801aaf0] main input debug: Buffering 29%
[00007fa3a801aaf0] main input debug: Buffering 30%
[00007fa3a801aaf0] main input debug: Buffering 31%
[00007fa3a801aaf0] main input debug: Buffering 32%
[00007fa3a801aaf0] main input debug: Buffering 33%
[00007fa3a801aaf0] main input debug: Buffering 34%
[00007fa3a801aaf0] main input debug: Buffering 35%
[00007fa3a801aaf0] main input debug: Buffering 36%
[00007fa3a801aaf0] main input debug: Buffering 37%
[00007fa3a801aaf0] main input debug: Buffering 38%
[00007fa3a801aaf0] main input debug: Buffering 39%
[00007fa3a801aaf0] main input debug: Buffering 40%
[00007fa3a801aaf0] main input debug: Buffering 41%
[00007fa3a801aaf0] main input debug: Buffering 42%
[00007fa3a801aaf0] main input debug: Buffering 43%
[00007fa3a801aaf0] main input debug: Buffering 44%
[00007fa3a801aaf0] main input debug: Buffering 45%
[00007fa3a801aaf0] main input debug: Buffering 46%
[00007fa3a801aaf0] main input debug: Buffering 47%
[00007fa3a801aaf0] main input debug: Buffering 48%
[00007fa3a801aaf0] main input debug: Buffering 49%
[00007fa3a801aaf0] main input debug: Buffering 50%
[00007fa3a801aaf0] main input debug: Buffering 51%
[00007fa3a801aaf0] main input debug: Buffering 52%
[00007fa3a801aaf0] main input debug: Buffering 53%
[00007fa3a801aaf0] main input debug: Buffering 54%
[00007fa3a801aaf0] main input debug: Buffering 55%
[00007fa3a801aaf0] main input debug: Buffering 56%
[00007fa3a801aaf0] main input debug: Buffering 57%
[00007fa3a801aaf0] main input debug: Buffering 58%
[00007fa3a801aaf0] main input debug: Buffering 59%
[00007fa3a801aaf0] main input debug: Buffering 60%
[00007fa3a801aaf0] main input debug: Buffering 61%
[00007fa3a801aaf0] main input debug: Buffering 62%
[00007fa3a801aaf0] main input debug: Buffering 63%
[00007fa3a801aaf0] main input debug: Buffering 64%
[00007fa3a801aaf0] main input debug: Buffering 65%
[00007fa3a801aaf0] main input debug: Buffering 66%
[00007fa3a801aaf0] main input debug: Buffering 67%
[00007fa3a801aaf0] main input debug: Buffering 68%
[00007fa3a801aaf0] main input debug: Buffering 69%
[00007fa3a801aaf0] main input debug: Buffering 70%
[00007fa3a801aaf0] main input debug: Buffering 71%
[00007fa3a801aaf0] main input debug: Buffering 72%
[00007fa3a801aaf0] main input debug: Buffering 73%
[00007fa3a801aaf0] main input debug: Buffering 74%
[00007fa3a801aaf0] main input debug: Buffering 75%
[00007fa3a801aaf0] main input debug: Buffering 76%
[00007fa3a801aaf0] main input debug: Buffering 77%
[00007fa3a801aaf0] main input debug: Buffering 78%
[00007fa3a801aaf0] main input debug: Buffering 79%
[00007fa3a801aaf0] main input debug: Buffering 80%
[00007fa3a801aaf0] main input debug: Buffering 81%
[00007fa3a801aaf0] main input debug: Buffering 82%
[00007fa3a801aaf0] main input debug: Buffering 83%
[00007fa3a801aaf0] main input debug: Buffering 84%
[00007fa3a801aaf0] main input debug: Buffering 85%
[00007fa35db0ad80] main decoder debug: end of audio preroll
[00007fa3a801aaf0] main input debug: Buffering 86%
[00007fa3a801aaf0] main input debug: Buffering 87%
[00007fa3a801aaf0] main input debug: Buffering 88%
[00007fa3a801aaf0] main input debug: Buffering 89%
[00007fa3a801aaf0] main input debug: Buffering 90%
[00007fa3a801aaf0] main input debug: Buffering 91%
[00007fa3a801aaf0] main input debug: Buffering 92%
[00007fa3a801aaf0] main input debug: Buffering 93%
[00007fa3a801aaf0] main input debug: Buffering 94%
[00007fa3a801aaf0] main input debug: Buffering 95%
[00007fa3a801aaf0] main input debug: Buffering 96%
[00007fa3a801aaf0] main input debug: Buffering 97%
[00007fa3a801aaf0] main input debug: Buffering 98%
[00007fa3a801aaf0] main input debug: Buffering 99%
[00007fa3a801aaf0] main input debug: Stream buffering done (5106 ms in 3 ms)
[00007fa3ad8fe170] main decoder debug: Received first picture
[00007fa3a801aaf0] main input debug: Decoder wait done in 48 ms
[00007fa3ad8fe170] main decoder debug: end of video preroll
[00007fa3a801c4f0] main video output warning: picture is too late to be displayed (missing 127 ms)
[00007fa3a801c4f0] main video output warning: picture is too late to be displayed (missing 94 ms)
[00007fa3a801c4f0] main video output warning: picture is too late to be displayed (missing 60 ms)
[00007fa3a801c4f0] main video output warning: picture is too late to be displayed (missing 29 ms)
[00007fa35db09b10] mkv demux debug: SET_TIME to 129104000
[00007fa35db09b10] mkv demux debug: seek request to i_pos = 129104000
[00007fa35db09b10] mkv demux debug: seek: preroll{ track: 1, pts: 125000000, fpos: 7677166 skip: 7677166} 
[00007fa35db09b10] mkv demux debug: seek: preroll{ track: 2, pts: 129101000, fpos: 7970331 skip: 7970331} 
[00007fa35db09b10] mkv demux debug: seek: preroll{ req: 129104001, start-pts: 125000001, start-fpos: 7677166} 
[00007fa3a801aaf0] main input debug: Buffering 0%
[00007fa3a801aaf0] main input debug: Buffering 1%
[00007fa3a801aaf0] main input debug: Buffering 2%
[00007fa3a801aaf0] main input debug: Buffering 3%
[00007fa3a801aaf0] main input debug: Buffering 4%
[00007fa3a801aaf0] main input debug: Buffering 5%
[00007fa3a801aaf0] main input debug: Buffering 6%
[00007fa3a801aaf0] main input debug: Buffering 7%
[00007fa3a801aaf0] main input debug: Buffering 8%
[00007fa3a801aaf0] main input debug: Buffering 9%
[00007fa3a801aaf0] main input debug: Buffering 10%
[00007fa3a801aaf0] main input debug: Buffering 11%
[00007fa3a801aaf0] main input debug: Buffering 12%
[00007fa3a801aaf0] main input debug: Buffering 13%
[00007fa3a801aaf0] main input debug: Buffering 14%
[00007fa3a801aaf0] main input debug: Buffering 15%
[00007fa3a801aaf0] main input debug: Buffering 16%
[00007fa3a801aaf0] main input debug: Buffering 17%
[00007fa3a801aaf0] main input debug: Buffering 18%
[00007fa3a801aaf0] main input debug: Buffering 19%
[00007fa3a801aaf0] main input debug: Buffering 20%
[00007fa3a801aaf0] main input debug: Buffering 21%
[00007fa3a801aaf0] main input debug: Buffering 22%
[00007fa3a801aaf0] main input debug: Buffering 23%
[00007fa3a801aaf0] main input debug: Buffering 24%
[00007fa3a801aaf0] main input debug: Buffering 25%
[00007fa3a801aaf0] main input debug: Buffering 26%
[00007fa3a801aaf0] main input debug: Buffering 27%
[00007fa3a801aaf0] main input debug: Buffering 28%
[00007fa3a801aaf0] main input debug: Buffering 29%
[00007fa3a801aaf0] main input debug: Buffering 30%
[00007fa3a801aaf0] main input debug: Buffering 31%
[00007fa3a801aaf0] main input debug: Buffering 32%
[00007fa3a801aaf0] main input debug: Buffering 33%
[00007fa3a801aaf0] main input debug: Buffering 34%
[00007fa3a801aaf0] main input debug: Buffering 35%
[00007fa3a801aaf0] main input debug: Buffering 36%
[00007fa3a801aaf0] main input debug: Buffering 37%
[00007fa3a801aaf0] main input debug: Buffering 38%
[00007fa3a801aaf0] main input debug: Buffering 39%
[00007fa3a801aaf0] main input debug: Buffering 40%
[00007fa3a801aaf0] main input debug: Buffering 41%
[00007fa3a801aaf0] main input debug: Buffering 42%
[00007fa3a801aaf0] main input debug: Buffering 43%
[00007fa3a801aaf0] main input debug: Buffering 44%
[00007fa3a801aaf0] main input debug: Buffering 45%
[00007fa3a801aaf0] main input debug: Buffering 46%
[00007fa3a801aaf0] main input debug: Buffering 47%
[00007fa3a801aaf0] main input debug: Buffering 48%
[00007fa3a801aaf0] main input debug: Buffering 49%
[00007fa3a801aaf0] main input debug: Buffering 50%
[00007fa3a801aaf0] main input debug: Buffering 51%
[00007fa3a801aaf0] main input debug: Buffering 52%
[00007fa3a801aaf0] main input debug: Buffering 53%
[00007fa3a801aaf0] main input debug: Buffering 54%
[00007fa3a801aaf0] main input debug: Buffering 55%
[00007fa3a801aaf0] main input debug: Buffering 56%
[00007fa3a801aaf0] main input debug: Buffering 57%
[00007fa3a801aaf0] main input debug: Buffering 58%
[00007fa3a801aaf0] main input debug: Buffering 59%
[00007fa3a801aaf0] main input debug: Buffering 60%
[00007fa3a801aaf0] main input debug: Buffering 61%
[00007fa3a801aaf0] main input debug: Buffering 62%
[00007fa3a801aaf0] main input debug: Buffering 63%
[00007fa3a801aaf0] main input debug: Buffering 64%
[00007fa3a801aaf0] main input debug: Buffering 65%
[00007fa3a801aaf0] main input debug: Buffering 66%
[00007fa3a801aaf0] main input debug: Buffering 67%
[00007fa3a801aaf0] main input debug: Buffering 68%
[00007fa3a801aaf0] main input debug: Buffering 69%
[00007fa3a801aaf0] main input debug: Buffering 70%
[00007fa3a801aaf0] main input debug: Buffering 71%
[00007fa3a801aaf0] main input debug: Buffering 72%
[00007fa3a801aaf0] main input debug: Buffering 73%
[00007fa3a801aaf0] main input debug: Buffering 74%
[00007fa3a801aaf0] main input debug: Buffering 75%
[00007fa3a801aaf0] main input debug: Buffering 76%
[00007fa3a801aaf0] main input debug: Buffering 77%
[00007fa3a801aaf0] main input debug: Buffering 78%
[00007fa3a801aaf0] main input debug: Buffering 79%
[00007fa3a801aaf0] main input debug: Buffering 80%
[00007fa3a801aaf0] main input debug: Buffering 81%
[00007fa3a801aaf0] main input debug: Buffering 82%
[00007fa35db0ad80] main decoder debug: end of audio preroll
[00007fa3a801aaf0] main input debug: Buffering 83%
[00007fa3a801aaf0] main input debug: Buffering 84%
[00007fa3a801aaf0] main input debug: Buffering 85%
[00007fa3a801aaf0] main input debug: Buffering 86%
[00007fa3a801aaf0] main input debug: Buffering 87%
[00007fa3a801aaf0] main input debug: Buffering 88%
[00007fa3a801aaf0] main input debug: Buffering 89%
[00007fa3a801aaf0] main input debug: Buffering 90%
[00007fa3a801aaf0] main input debug: Buffering 91%
[00007fa3a801aaf0] main input debug: Buffering 92%
[00007fa3a801aaf0] main input debug: Buffering 93%
[00007fa3a801aaf0] main input debug: Buffering 94%
[00007fa3a801aaf0] main input debug: Buffering 95%
[00007fa3a801aaf0] main input debug: Buffering 96%
[00007fa3a801aaf0] main input debug: Buffering 97%
[00007fa3a801aaf0] main input debug: Buffering 98%
[00007fa3a801aaf0] main input debug: Buffering 99%
[00007fa3a801aaf0] main input debug: Stream buffering done (5106 ms in 2 ms)
[00007fa3ad8fe170] main decoder debug: Received first picture
[00007fa3a801aaf0] main input debug: Decoder wait done in 33 ms
[00007fa3ad8fe170] main decoder debug: end of video preroll
[00007fa3a801c4f0] main video output warning: picture is too late to be displayed (missing 153 ms)
[00007fa3a801c4f0] main video output warning: picture is too late to be displayed (missing 121 ms)
[00007fa3a801c4f0] main video output warning: picture is too late to be displayed (missing 87 ms)
[00007fa3a801c4f0] main video output warning: picture is too late to be displayed (missing 55 ms)
[00007fa3a801c4f0] main video output warning: picture is too late to be displayed (missing 23 ms)
[00007fa35db09b10] mkv demux debug: SET_TIME to 129104000
[00007fa35db09b10] mkv demux debug: seek request to i_pos = 129104000
[00007fa35db09b10] mkv demux debug: seek: preroll{ track: 1, pts: 125000000, fpos: 7677166 skip: 7677166} 
[00007fa35db09b10] mkv demux debug: seek: preroll{ track: 2, pts: 129101000, fpos: 7970331 skip: 7970331} 
[00007fa35db09b10] mkv demux debug: seek: preroll{ req: 129104001, start-pts: 125000001, start-fpos: 7677166} 
[00007fa3a801aaf0] main input debug: Buffering 0%
[00007fa3a801aaf0] main input debug: Buffering 1%
[00007fa3a801aaf0] main input debug: Buffering 2%
[00007fa3a801aaf0] main input debug: Buffering 3%
[00007fa3a801aaf0] main input debug: Buffering 4%
[00007fa3a801aaf0] main input debug: Buffering 5%
[00007fa3a801aaf0] main input debug: Buffering 6%
[00007fa3a801aaf0] main input debug: Buffering 7%
[00007fa3a801aaf0] main input debug: Buffering 8%
[00007fa3a801aaf0] main input debug: Buffering 9%
[00007fa3a801aaf0] main input debug: Buffering 10%
[00007fa3a801aaf0] main input debug: Buffering 11%
[00007fa3a801aaf0] main input debug: Buffering 12%
[00007fa3a801aaf0] main input debug: Buffering 13%
[00007fa3a801aaf0] main input debug: Buffering 14%
[00007fa3a801aaf0] main input debug: Buffering 15%
[00007fa3a801aaf0] main input debug: Buffering 16%
[00007fa3a801aaf0] main input debug: Buffering 17%
[00007fa3a801aaf0] main input debug: Buffering 18%
[00007fa3a801aaf0] main input debug: Buffering 19%
[00007fa3a801aaf0] main input debug: Buffering 20%
[00007fa3a801aaf0] main input debug: Buffering 21%
[00007fa3a801aaf0] main input debug: Buffering 22%
[00007fa3a801aaf0] main input debug: Buffering 23%
[00007fa3a801aaf0] main input debug: Buffering 24%
[00007fa3a801aaf0] main input debug: Buffering 25%
[00007fa3a801aaf0] main input debug: Buffering 26%
[00007fa3a801aaf0] main input debug: Buffering 27%
[00007fa3a801aaf0] main input debug: Buffering 28%
[00007fa3a801aaf0] main input debug: Buffering 29%
[00007fa3a801aaf0] main input debug: Buffering 30%
[00007fa3a801aaf0] main input debug: Buffering 31%
[00007fa3a801aaf0] main input debug: Buffering 32%
[00007fa3a801aaf0] main input debug: Buffering 33%
[00007fa3a801aaf0] main input debug: Buffering 34%
[00007fa3a801aaf0] main input debug: Buffering 35%
[00007fa3a801aaf0] main input debug: Buffering 36%
[00007fa3a801aaf0] main input debug: Buffering 37%
[00007fa3a801aaf0] main input debug: Buffering 38%
[00007fa3a801aaf0] main input debug: Buffering 39%
[00007fa3a801aaf0] main input debug: Buffering 40%
[00007fa3a801aaf0] main input debug: Buffering 41%
[00007fa3a801aaf0] main input debug: Buffering 42%
[00007fa3a801aaf0] main input debug: Buffering 43%
[00007fa3ad8fe170] main decoder debug: Received first picture
[00007fa3a801aaf0] main input debug: Buffering 44%
[00007fa3a801aaf0] main input debug: Buffering 45%
[00007fa3a801aaf0] main input debug: Buffering 46%
[00007fa3a801aaf0] main input debug: Buffering 47%
[00007fa3a801aaf0] main input debug: Buffering 48%
[00007fa3a801aaf0] main input debug: Buffering 49%
[00007fa3a801aaf0] main input debug: Buffering 50%
[00007fa3a801aaf0] main input debug: Buffering 51%
[00007fa3a801aaf0] main input debug: Buffering 52%
[00007fa3a801aaf0] main input debug: Buffering 53%
[00007fa3a801aaf0] main input debug: Buffering 54%
[00007fa3a801aaf0] main input debug: Buffering 55%
[00007fa3a801aaf0] main input debug: Buffering 56%
[00007fa3a801aaf0] main input debug: Buffering 57%
[00007fa3a801aaf0] main input debug: Buffering 58%
[00007fa3a801aaf0] main input debug: Buffering 59%
[00007fa3a801aaf0] main input debug: Buffering 60%
[00007fa3a801aaf0] main input debug: Buffering 61%
[00007fa3a801aaf0] main input debug: Buffering 62%
[00007fa3a801aaf0] main input debug: Buffering 63%
[00007fa3a801aaf0] main input debug: Buffering 64%
[00007fa3a801aaf0] main input debug: Buffering 65%
[00007fa3a801aaf0] main input debug: Buffering 66%
[00007fa3a801aaf0] main input debug: Buffering 67%
[00007fa3a801aaf0] main input debug: Buffering 68%
[00007fa3a801aaf0] main input debug: Buffering 69%
[00007fa3a801aaf0] main input debug: Buffering 70%
[00007fa3a801aaf0] main input debug: Buffering 71%
[00007fa3a801aaf0] main input debug: Buffering 72%
[00007fa3a801aaf0] main input debug: Buffering 73%
[00007fa3a801aaf0] main input debug: Buffering 74%
[00007fa3a801aaf0] main input debug: Buffering 75%
[00007fa3a801aaf0] main input debug: Buffering 76%
[00007fa3a801aaf0] main input debug: Buffering 77%
[00007fa3a801aaf0] main input debug: Buffering 78%
[00007fa3a801aaf0] main input debug: Buffering 79%
[00007fa3a801aaf0] main input debug: Buffering 80%
[00007fa3a801aaf0] main input debug: Buffering 81%
[00007fa3a801aaf0] main input debug: Buffering 82%
[00007fa3a801aaf0] main input debug: Buffering 83%
[00007fa3a801aaf0] main input debug: Buffering 84%
[00007fa35db0ad80] main decoder debug: end of audio preroll
[00007fa3a801aaf0] main input debug: Buffering 85%
[00007fa3a801aaf0] main input debug: Buffering 86%
[00007fa3a801aaf0] main input debug: Buffering 87%
[00007fa3a801aaf0] main input debug: Buffering 88%
[00007fa3a801aaf0] main input debug: Buffering 89%
[00007fa3a801aaf0] main input debug: Buffering 90%
[00007fa3a801aaf0] main input debug: Buffering 91%
[00007fa3a801aaf0] main input debug: Buffering 92%
[00007fa3a801aaf0] main input debug: Buffering 93%
[00007fa3a801aaf0] main input debug: Buffering 94%
[00007fa3a801aaf0] main input debug: Buffering 95%
[00007fa3a801aaf0] main input debug: Buffering 96%
[00007fa3a801aaf0] main input debug: Buffering 97%
[00007fa3a801aaf0] main input debug: Buffering 98%
[00007fa3a801aaf0] main input debug: Buffering 99%
[00007fa3a801aaf0] main input debug: Stream buffering done (5106 ms in 6 ms)
[00007fa3a801aaf0] main input debug: Decoder wait done in 27 ms
[00007fa3ad8fe170] main decoder debug: end of video preroll
[00007fa3a801c4f0] main video output warning: picture is too late to be displayed (missing 154 ms)
[00007fa3a801c4f0] main video output warning: picture is too late to be displayed (missing 121 ms)
[00007fa3a801c4f0] main video output warning: picture is too late to be displayed (missing 87 ms)
[00007fa3a801c4f0] main video output warning: picture is too late to be displayed (missing 57 ms)
[00007fa3a801c4f0] main video output warning: picture is too late to be displayed (missing 25 ms)
[00007fa3ad8425b0] lua generic debug: Clicking '/Users/apple/Library/Application Support/org.videolan.vlc/lua/extensions/advanced_ab_looper.lua': 'Load'
[00007fa35db09b10] mkv demux debug: SET_TIME to 129104000
[00007fa35db09b10] mkv demux debug: seek request to i_pos = 129104000
[00007fa35db09b10] mkv demux debug: seek: preroll{ track: 1, pts: 125000000, fpos: 7677166 skip: 7677166} 
[00007fa35db09b10] mkv demux debug: seek: preroll{ track: 2, pts: 129101000, fpos: 7970331 skip: 7970331} 
[00007fa35db09b10] mkv demux debug: seek: preroll{ req: 129104001, start-pts: 125000001, start-fpos: 7677166} 
[00007fa3a801aaf0] main input debug: Buffering 0%
[00007fa3a801aaf0] main input debug: Buffering 1%
[00007fa3a801aaf0] main input debug: Buffering 2%
[00007fa3a801aaf0] main input debug: Buffering 3%
[00007fa3a801aaf0] main input debug: Buffering 4%
[00007fa3a801aaf0] main input debug: Buffering 5%
[00007fa3a801aaf0] main input debug: Buffering 6%
[00007fa3a801aaf0] main input debug: Buffering 7%
[00007fa3a801aaf0] main input debug: Buffering 8%
[00007fa3a801aaf0] main input debug: Buffering 9%
[00007fa3a801aaf0] main input debug: Buffering 10%
[00007fa3a801aaf0] main input debug: Buffering 11%
[00007fa3a801aaf0] main input debug: Buffering 12%
[00007fa3a801aaf0] main input debug: Buffering 13%
[00007fa3a801aaf0] main input debug: Buffering 14%
[00007fa3a801aaf0] main input debug: Buffering 15%
[00007fa3a801aaf0] main input debug: Buffering 16%
[00007fa3a801aaf0] main input debug: Buffering 17%
[00007fa3a801aaf0] main input debug: Buffering 18%
[00007fa3a801aaf0] main input debug: Buffering 19%
[00007fa3a801aaf0] main input debug: Buffering 20%
[00007fa3a801aaf0] main input debug: Buffering 21%
[00007fa3a801aaf0] main input debug: Buffering 22%
[00007fa3a801aaf0] main input debug: Buffering 23%
[00007fa3a801aaf0] main input debug: Buffering 24%
[00007fa3a801aaf0] main input debug: Buffering 25%
[00007fa3a801aaf0] main input debug: Buffering 26%
[00007fa3a801aaf0] main input debug: Buffering 27%
[00007fa3a801aaf0] main input debug: Buffering 28%
[00007fa3a801aaf0] main input debug: Buffering 29%
[00007fa3a801aaf0] main input debug: Buffering 30%
[00007fa3a801aaf0] main input debug: Buffering 31%
[00007fa3a801aaf0] main input debug: Buffering 32%
[00007fa3a801aaf0] main input debug: Buffering 33%
[00007fa3a801aaf0] main input debug: Buffering 34%
[00007fa3a801aaf0] main input debug: Buffering 35%
[00007fa3a801aaf0] main input debug: Buffering 36%
[00007fa3a801aaf0] main input debug: Buffering 37%
[00007fa3a801aaf0] main input debug: Buffering 38%
[00007fa3a801aaf0] main input debug: Buffering 39%
[00007fa3a801aaf0] main input debug: Buffering 40%
[00007fa3a801aaf0] main input debug: Buffering 41%
[00007fa3a801aaf0] main input debug: Buffering 42%
[00007fa3a801aaf0] main input debug: Buffering 43%
[00007fa3a801aaf0] main input debug: Buffering 44%
[00007fa3a801aaf0] main input debug: Buffering 45%
[00007fa3a801aaf0] main input debug: Buffering 46%
[00007fa3a801aaf0] main input debug: Buffering 47%
[00007fa3a801aaf0] main input debug: Buffering 48%
[00007fa3a801aaf0] main input debug: Buffering 49%
[00007fa3a801aaf0] main input debug: Buffering 50%
[00007fa3a801aaf0] main input debug: Buffering 51%
[00007fa3a801aaf0] main input debug: Buffering 52%
[00007fa3a801aaf0] main input debug: Buffering 53%
[00007fa3a801aaf0] main input debug: Buffering 54%
[00007fa3a801aaf0] main input debug: Buffering 55%
[00007fa3a801aaf0] main input debug: Buffering 56%
[00007fa3a801aaf0] main input debug: Buffering 57%
[00007fa3a801aaf0] main input debug: Buffering 58%
[00007fa3a801aaf0] main input debug: Buffering 59%
[00007fa3a801aaf0] main input debug: Buffering 60%
[00007fa3a801aaf0] main input debug: Buffering 61%
[00007fa3a801aaf0] main input debug: Buffering 62%
[00007fa3a801aaf0] main input debug: Buffering 63%
[00007fa3a801aaf0] main input debug: Buffering 64%
[00007fa3a801aaf0] main input debug: Buffering 65%
[00007fa3a801aaf0] main input debug: Buffering 66%
[00007fa3a801aaf0] main input debug: Buffering 67%
[00007fa3a801aaf0] main input debug: Buffering 68%
[00007fa3a801aaf0] main input debug: Buffering 69%
[00007fa3a801aaf0] main input debug: Buffering 70%
[00007fa3a801aaf0] main input debug: Buffering 71%
[00007fa3a801aaf0] main input debug: Buffering 72%
[00007fa3a801aaf0] main input debug: Buffering 73%
[00007fa3a801aaf0] main input debug: Buffering 74%
[00007fa3a801aaf0] main input debug: Buffering 75%
[00007fa3a801aaf0] main input debug: Buffering 76%
[00007fa3a801aaf0] main input debug: Buffering 77%
[00007fa3a801aaf0] main input debug: Buffering 78%
[00007fa3a801aaf0] main input debug: Buffering 79%
[00007fa3a801aaf0] main input debug: Buffering 80%
[00007fa3a801aaf0] main input debug: Buffering 81%
[00007fa3a801aaf0] main input debug: Buffering 82%
[00007fa3a801aaf0] main input debug: Buffering 83%
[00007fa3a801aaf0] main input debug: Buffering 84%
[00007fa3a801aaf0] main input debug: Buffering 85%
[00007fa3a801aaf0] main input debug: Buffering 86%
[00007fa3a801aaf0] main input debug: Buffering 87%
[00007fa3a801aaf0] main input debug: Buffering 88%
[00007fa3a801aaf0] main input debug: Buffering 89%
[00007fa3a801aaf0] main input debug: Buffering 90%
[00007fa3a801aaf0] main input debug: Buffering 91%
[00007fa3a801aaf0] main input debug: Buffering 92%
[00007fa3a801aaf0] main input debug: Buffering 93%
[00007fa3a801aaf0] main input debug: Buffering 94%
[00007fa3a801aaf0] main input debug: Buffering 95%
[00007fa3a801aaf0] main input debug: Buffering 96%
[00007fa3a801aaf0] main input debug: Buffering 97%
[00007fa3a801aaf0] main input debug: Buffering 98%
[00007fa3a801aaf0] main input debug: Buffering 99%
[00007fa3a801aaf0] main input debug: Stream buffering done (5106 ms in 2 ms)
[00007fa35db0ad80] main decoder debug: end of audio preroll
[00007fa3ad8fe170] main decoder debug: Received first picture
[00007fa3ad8fe170] main decoder debug: end of video preroll
[00007fa3a801aaf0] main input debug: Decoder wait done in 156 ms
[00007fa35db09b10] mkv demux debug: SET_TIME to 129104000
[00007fa35db09b10] mkv demux debug: seek request to i_pos = 129104000
[00007fa3ad8fe170] main decoder debug: Received first picture
[00007fa3ad8fe170] main decoder error: Timestamp conversion failed for 132439501: no reference clock
[00007fa3ad8fe170] main decoder error: Could not convert timestamp 0 for dav1d
[00007fa35db09b10] mkv demux debug: seek: preroll{ track: 1, pts: 125000000, fpos: 7677166 skip: 7677166} 
[00007fa35db09b10] mkv demux debug: seek: preroll{ track: 2, pts: 129101000, fpos: 7970331 skip: 7970331} 
[00007fa35db09b10] mkv demux debug: seek: preroll{ req: 129104001, start-pts: 125000001, start-fpos: 7677166} 
[00007fa3a801aaf0] main input debug: Buffering 0%
[00007fa3a801aaf0] main input debug: Buffering 1%
[00007fa3a801aaf0] main input debug: Buffering 2%
[00007fa3a801aaf0] main input debug: Buffering 3%
[00007fa3a801aaf0] main input debug: Buffering 4%
[00007fa3a801aaf0] main input debug: Buffering 5%
[00007fa3a801aaf0] main input debug: Buffering 6%
[00007fa3a801aaf0] main input debug: Buffering 7%
[00007fa3a801aaf0] main input debug: Buffering 8%
[00007fa3a801aaf0] main input debug: Buffering 9%
[00007fa3a801aaf0] main input debug: Buffering 10%
[00007fa3a801aaf0] main input debug: Buffering 11%
[00007fa3a801aaf0] main input debug: Buffering 12%
[00007fa3a801aaf0] main input debug: Buffering 13%
[00007fa3a801aaf0] main input debug: Buffering 14%
[00007fa3a801aaf0] main input debug: Buffering 15%
[00007fa3a801aaf0] main input debug: Buffering 16%
[00007fa3a801aaf0] main input debug: Buffering 17%
[00007fa3a801aaf0] main input debug: Buffering 18%
[00007fa3a801aaf0] main input debug: Buffering 19%
[00007fa3a801aaf0] main input debug: Buffering 20%
[00007fa3a801aaf0] main input debug: Buffering 21%
[00007fa3a801aaf0] main input debug: Buffering 22%
[00007fa3a801aaf0] main input debug: Buffering 23%
[00007fa3a801aaf0] main input debug: Buffering 24%
[00007fa3a801aaf0] main input debug: Buffering 25%
[00007fa3a801aaf0] main input debug: Buffering 26%
[00007fa3a801aaf0] main input debug: Buffering 27%
[00007fa3a801aaf0] main input debug: Buffering 28%
[00007fa3a801aaf0] main input debug: Buffering 29%
[00007fa3a801aaf0] main input debug: Buffering 30%
[00007fa3a801aaf0] main input debug: Buffering 31%
[00007fa3a801aaf0] main input debug: Buffering 32%
[00007fa3a801aaf0] main input debug: Buffering 33%
[00007fa3a801aaf0] main input debug: Buffering 34%
[00007fa3a801aaf0] main input debug: Buffering 35%
[00007fa3a801aaf0] main input debug: Buffering 36%
[00007fa3a801aaf0] main input debug: Buffering 37%
[00007fa3a801aaf0] main input debug: Buffering 38%
[00007fa3a801aaf0] main input debug: Buffering 39%
[00007fa3a801aaf0] main input debug: Buffering 40%
[00007fa3a801aaf0] main input debug: Buffering 41%
[00007fa3a801aaf0] main input debug: Buffering 42%
[00007fa3a801aaf0] main input debug: Buffering 43%
[00007fa3a801aaf0] main input debug: Buffering 44%
[00007fa3a801aaf0] main input debug: Buffering 45%
[00007fa3a801aaf0] main input debug: Buffering 46%
[00007fa3a801aaf0] main input debug: Buffering 47%
[00007fa3a801aaf0] main input debug: Buffering 48%
[00007fa3a801aaf0] main input debug: Buffering 49%
[00007fa3a801aaf0] main input debug: Buffering 50%
[00007fa3a801aaf0] main input debug: Buffering 51%
[00007fa3a801aaf0] main input debug: Buffering 52%
[00007fa3a801aaf0] main input debug: Buffering 53%
[00007fa3a801aaf0] main input debug: Buffering 54%
[00007fa3a801aaf0] main input debug: Buffering 55%
[00007fa3a801aaf0] main input debug: Buffering 56%
[00007fa3a801aaf0] main input debug: Buffering 57%
[00007fa3a801aaf0] main input debug: Buffering 58%
[00007fa3a801aaf0] main input debug: Buffering 59%
[00007fa3a801aaf0] main input debug: Buffering 60%
[00007fa3a801aaf0] main input debug: Buffering 61%
[00007fa3a801aaf0] main input debug: Buffering 62%
[00007fa3a801aaf0] main input debug: Buffering 63%
[00007fa3a801aaf0] main input debug: Buffering 64%
[00007fa3a801aaf0] main input debug: Buffering 65%
[00007fa3a801aaf0] main input debug: Buffering 66%
[00007fa3a801aaf0] main input debug: Buffering 67%
[00007fa3a801aaf0] main input debug: Buffering 68%
[00007fa3a801aaf0] main input debug: Buffering 69%
[00007fa3a801aaf0] main input debug: Buffering 70%
[00007fa3a801aaf0] main input debug: Buffering 71%
[00007fa3a801aaf0] main input debug: Buffering 72%
[00007fa3a801aaf0] main input debug: Buffering 73%
[00007fa3a801aaf0] main input debug: Buffering 74%
[00007fa3a801aaf0] main input debug: Buffering 75%
[00007fa3a801aaf0] main input debug: Buffering 76%
[00007fa3a801aaf0] main input debug: Buffering 77%
[00007fa3a801aaf0] main input debug: Buffering 78%
[00007fa3a801aaf0] main input debug: Buffering 79%
[00007fa3a801aaf0] main input debug: Buffering 80%
[00007fa3a801aaf0] main input debug: Buffering 81%
[00007fa3a801aaf0] main input debug: Buffering 82%
[00007fa3a801aaf0] main input debug: Buffering 83%
[00007fa3a801aaf0] main input debug: Buffering 84%
[00007fa3a801aaf0] main input debug: Buffering 85%
[00007fa3a801aaf0] main input debug: Buffering 86%
[00007fa3a801aaf0] main input debug: Buffering 87%
[00007fa3a801aaf0] main input debug: Buffering 88%
[00007fa3a801aaf0] main input debug: Buffering 89%
[00007fa3a801aaf0] main input debug: Buffering 90%
[00007fa3a801aaf0] main input debug: Buffering 91%
[00007fa3a801aaf0] main input debug: Buffering 92%
[00007fa3a801aaf0] main input debug: Buffering 93%
[00007fa3a801aaf0] main input debug: Buffering 94%
[00007fa3a801aaf0] main input debug: Buffering 95%
[00007fa3a801aaf0] main input debug: Buffering 96%
[00007fa3a801aaf0] main input debug: Buffering 97%
[00007fa3a801aaf0] main input debug: Buffering 98%
[00007fa3a801aaf0] main input debug: Buffering 99%
[00007fa3a801aaf0] main input debug: Stream buffering done (5106 ms in 3 ms)
[00007fa35db0ad80] main decoder debug: end of audio preroll
[00007fa3ad8fe170] main decoder debug: end of video preroll
[00007fa3a801aaf0] main input debug: Decoder wait done in 143 ms
[00007fa35db09b10] mkv demux debug: SET_TIME to 129104000
[00007fa35db09b10] mkv demux debug: seek request to i_pos = 129104000
[00007fa35db09b10] mkv demux debug: seek: preroll{ track: 1, pts: 125000000, fpos: 7677166 skip: 7677166} 
[00007fa35db09b10] mkv demux debug: seek: preroll{ track: 2, pts: 129101000, fpos: 7970331 skip: 7970331} 
[00007fa35db09b10] mkv demux debug: seek: preroll{ req: 129104001, start-pts: 125000001, start-fpos: 7677166} 
[00007fa3a801aaf0] main input debug: Buffering 0%
[00007fa3a801aaf0] main input debug: Buffering 1%
[00007fa3a801aaf0] main input debug: Buffering 2%
[00007fa3a801aaf0] main input debug: Buffering 3%
[00007fa3a801aaf0] main input debug: Buffering 4%
[00007fa3a801aaf0] main input debug: Buffering 5%
[00007fa3a801aaf0] main input debug: Buffering 6%
[00007fa3ad8fe170] main decoder debug: Received first picture
[00007fa3a801aaf0] main input debug: Buffering 7%
[00007fa3a801aaf0] main input debug: Buffering 8%
[00007fa3a801aaf0] main input debug: Buffering 9%
[00007fa3a801aaf0] main input debug: Buffering 10%
[00007fa3a801aaf0] main input debug: Buffering 11%
[00007fa3a801aaf0] main input debug: Buffering 12%
[00007fa3a801aaf0] main input debug: Buffering 13%
[00007fa3a801aaf0] main input debug: Buffering 14%
[00007fa3a801aaf0] main input debug: Buffering 15%
[00007fa3a801aaf0] main input debug: Buffering 16%
[00007fa3a801aaf0] main input debug: Buffering 17%
[00007fa3a801aaf0] main input debug: Buffering 18%
[00007fa3a801aaf0] main input debug: Buffering 19%
[00007fa3a801aaf0] main input debug: Buffering 20%
[00007fa3a801aaf0] main input debug: Buffering 21%
[00007fa3a801aaf0] main input debug: Buffering 22%
[00007fa3a801aaf0] main input debug: Buffering 23%
[00007fa3a801aaf0] main input debug: Buffering 24%
[00007fa3a801aaf0] main input debug: Buffering 25%
[00007fa3a801aaf0] main input debug: Buffering 26%
[00007fa3a801aaf0] main input debug: Buffering 27%
[00007fa3a801aaf0] main input debug: Buffering 28%
[00007fa3a801aaf0] main input debug: Buffering 29%
[00007fa3a801aaf0] main input debug: Buffering 30%
[00007fa3a801aaf0] main input debug: Buffering 31%
[00007fa3a801aaf0] main input debug: Buffering 32%
[00007fa3a801aaf0] main input debug: Buffering 33%
[00007fa3a801aaf0] main input debug: Buffering 34%
[00007fa3a801aaf0] main input debug: Buffering 35%
[00007fa3a801aaf0] main input debug: Buffering 36%
[00007fa3a801aaf0] main input debug: Buffering 37%
[00007fa3a801aaf0] main input debug: Buffering 38%
[00007fa3a801aaf0] main input debug: Buffering 39%
[00007fa3a801aaf0] main input debug: Buffering 40%
[00007fa3a801aaf0] main input debug: Buffering 41%
[00007fa3a801aaf0] main input debug: Buffering 42%
[00007fa3a801aaf0] main input debug: Buffering 43%
[00007fa3a801aaf0] main input debug: Buffering 44%
[00007fa3a801aaf0] main input debug: Buffering 45%
[00007fa3a801aaf0] main input debug: Buffering 46%
[00007fa3a801aaf0] main input debug: Buffering 47%
[00007fa3a801aaf0] main input debug: Buffering 48%
[00007fa3a801aaf0] main input debug: Buffering 49%
[00007fa3a801aaf0] main input debug: Buffering 50%
[00007fa3a801aaf0] main input debug: Buffering 51%
[00007fa3a801aaf0] main input debug: Buffering 52%
[00007fa3a801aaf0] main input debug: Buffering 53%
[00007fa3a801aaf0] main input debug: Buffering 54%
[00007fa3a801aaf0] main input debug: Buffering 55%
[00007fa3a801aaf0] main input debug: Buffering 56%
[00007fa3a801aaf0] main input debug: Buffering 57%
[00007fa3a801aaf0] main input debug: Buffering 58%
[00007fa3a801aaf0] main input debug: Buffering 59%
[00007fa3a801aaf0] main input debug: Buffering 60%
[00007fa3a801aaf0] main input debug: Buffering 61%
[00007fa3a801aaf0] main input debug: Buffering 62%
[00007fa3a801aaf0] main input debug: Buffering 63%
[00007fa3a801aaf0] main input debug: Buffering 64%
[00007fa3a801aaf0] main input debug: Buffering 65%
[00007fa3a801aaf0] main input debug: Buffering 66%
[00007fa3a801aaf0] main input debug: Buffering 67%
[00007fa3a801aaf0] main input debug: Buffering 68%
[00007fa3a801aaf0] main input debug: Buffering 69%
[00007fa3a801aaf0] main input debug: Buffering 70%
[00007fa3a801aaf0] main input debug: Buffering 71%
[00007fa3a801aaf0] main input debug: Buffering 72%
[00007fa3a801aaf0] main input debug: Buffering 73%
[00007fa3a801aaf0] main input debug: Buffering 74%
[00007fa3a801aaf0] main input debug: Buffering 75%
[00007fa3a801aaf0] main input debug: Buffering 76%
[00007fa3a801aaf0] main input debug: Buffering 77%
[00007fa3a801aaf0] main input debug: Buffering 78%
[00007fa3a801aaf0] main input debug: Buffering 79%
[00007fa3a801aaf0] main input debug: Buffering 80%
[00007fa3a801aaf0] main input debug: Buffering 81%
[00007fa3a801aaf0] main input debug: Buffering 82%
[00007fa3a801aaf0] main input debug: Buffering 83%
[00007fa3a801aaf0] main input debug: Buffering 84%
[00007fa3a801aaf0] main input debug: Buffering 85%
[00007fa3a801aaf0] main input debug: Buffering 86%
[00007fa3a801aaf0] main input debug: Buffering 87%
[00007fa3a801aaf0] main input debug: Buffering 88%
[00007fa3a801aaf0] main input debug: Buffering 89%
[00007fa3a801aaf0] main input debug: Buffering 90%
[00007fa3a801aaf0] main input debug: Buffering 91%
[00007fa3a801aaf0] main input debug: Buffering 92%
[00007fa3a801aaf0] main input debug: Buffering 93%
[00007fa3a801aaf0] main input debug: Buffering 94%
[00007fa3a801aaf0] main input debug: Buffering 95%
[00007fa3a801aaf0] main input debug: Buffering 96%
[00007fa3a801aaf0] main input debug: Buffering 97%
[00007fa3a801aaf0] main input debug: Buffering 98%
[00007fa3a801aaf0] main input debug: Buffering 99%
[00007fa3a801aaf0] main input debug: Stream buffering done (5106 ms in 2 ms)
[00007fa35db0ad80] main decoder debug: end of audio preroll
[00007fa3ad8fe170] main decoder debug: end of video preroll
[00007fa3a801aaf0] main input debug: Decoder wait done in 139 ms
[00007fa3ad8425b0] lua generic debug: Clicking '/Users/apple/Library/Application Support/org.videolan.vlc/lua/extensions/advanced_ab_looper.lua': 'LOOP OFF'
[00007fa3ad8425b0] lua generic debug: Clicking '/Users/apple/Library/Application Support/org.videolan.vlc/lua/extensions/advanced_ab_looper.lua': 'Load'
[00007fa3ad8425b0] lua generic debug: Clicking '/Users/apple/Library/Application Support/org.videolan.vlc/lua/extensions/advanced_ab_looper.lua': 'Load'
[00007fa3ad8425b0] lua generic debug: Clicking '/Users/apple/Library/Application Support/org.videolan.vlc/lua/extensions/advanced_ab_looper.lua': 'LOOP ON'
[00007fa35db09b10] mkv demux debug: SET_TIME to 129104000
[00007fa35db09b10] mkv demux debug: seek request to i_pos = 129104000
[00007fa35db09b10] mkv demux debug: seek: preroll{ track: 1, pts: 125000000, fpos: 7677166 skip: 7677166} 
[00007fa35db09b10] mkv demux debug: seek: preroll{ track: 2, pts: 129101000, fpos: 7970331 skip: 7970331} 
[00007fa35db09b10] mkv demux debug: seek: preroll{ req: 129104001, start-pts: 125000001, start-fpos: 7677166} 
[00007fa3a801aaf0] main input debug: Buffering 0%
[00007fa3a801aaf0] main input debug: Buffering 1%
[00007fa3a801aaf0] main input debug: Buffering 2%
[00007fa3a801aaf0] main input debug: Buffering 3%
[00007fa3a801aaf0] main input debug: Buffering 4%
[00007fa3a801aaf0] main input debug: Buffering 5%
[00007fa3a801aaf0] main input debug: Buffering 6%
[00007fa3a801aaf0] main input debug: Buffering 7%
[00007fa3ad8fe170] main decoder debug: Received first picture
[00007fa3ad8fe170] main decoder error: Timestamp conversion failed (delay 1000000, buffering 76223, bound 9000000)
[00007fa3ad8fe170] main decoder error: Could not convert timestamp 654116937421 for dav1d
[00007fa3a801aaf0] main input debug: Buffering 8%
[00007fa3a801aaf0] main input debug: Buffering 9%
[00007fa3a801aaf0] main input debug: Buffering 10%
[00007fa3a801aaf0] main input debug: Buffering 11%
[00007fa3a801aaf0] main input debug: Buffering 12%
[00007fa3a801aaf0] main input debug: Buffering 13%
[00007fa3a801aaf0] main input debug: Buffering 14%
[00007fa3a801aaf0] main input debug: Buffering 15%
[00007fa3a801aaf0] main input debug: Buffering 16%
[00007fa3a801aaf0] main input debug: Buffering 17%
[00007fa3a801aaf0] main input debug: Buffering 18%
[00007fa3a801aaf0] main input debug: Buffering 19%
[00007fa3a801aaf0] main input debug: Buffering 20%
[00007fa3a801aaf0] main input debug: Buffering 21%
[00007fa3a801aaf0] main input debug: Buffering 22%
[00007fa3a801aaf0] main input debug: Buffering 23%
[00007fa3a801aaf0] main input debug: Buffering 24%
[00007fa3a801aaf0] main input debug: Buffering 25%
[00007fa3a801aaf0] main input debug: Buffering 26%
[00007fa3a801aaf0] main input debug: Buffering 27%
[00007fa3a801aaf0] main input debug: Buffering 28%
[00007fa3a801aaf0] main input debug: Buffering 29%
[00007fa3a801aaf0] main input debug: Buffering 30%
[00007fa3a801aaf0] main input debug: Buffering 31%
[00007fa3a801aaf0] main input debug: Buffering 32%
[00007fa3a801aaf0] main input debug: Buffering 33%
[00007fa3a801aaf0] main input debug: Buffering 34%
[00007fa3a801aaf0] main input debug: Buffering 35%
[00007fa3a801aaf0] main input debug: Buffering 36%
[00007fa3a801aaf0] main input debug: Buffering 37%
[00007fa3a801aaf0] main input debug: Buffering 38%
[00007fa3a801aaf0] main input debug: Buffering 39%
[00007fa3a801aaf0] main input debug: Buffering 40%
[00007fa3a801aaf0] main input debug: Buffering 41%
[00007fa3a801aaf0] main input debug: Buffering 42%
[00007fa3a801aaf0] main input debug: Buffering 43%
[00007fa3a801aaf0] main input debug: Buffering 44%
[00007fa3a801aaf0] main input debug: Buffering 45%
[00007fa3a801aaf0] main input debug: Buffering 46%
[00007fa3a801aaf0] main input debug: Buffering 47%
[00007fa3a801aaf0] main input debug: Buffering 48%
[00007fa3a801aaf0] main input debug: Buffering 49%
[00007fa3a801aaf0] main input debug: Buffering 50%
[00007fa3a801aaf0] main input debug: Buffering 51%
[00007fa3a801aaf0] main input debug: Buffering 52%
[00007fa3a801aaf0] main input debug: Buffering 53%
[00007fa3a801aaf0] main input debug: Buffering 54%
[00007fa3a801aaf0] main input debug: Buffering 55%
[00007fa3a801aaf0] main input debug: Buffering 56%
[00007fa3a801aaf0] main input debug: Buffering 57%
[00007fa3a801aaf0] main input debug: Buffering 58%
[00007fa3a801aaf0] main input debug: Buffering 59%
[00007fa3a801aaf0] main input debug: Buffering 60%
[00007fa3a801aaf0] main input debug: Buffering 61%
[00007fa3a801aaf0] main input debug: Buffering 62%
[00007fa3a801aaf0] main input debug: Buffering 63%
[00007fa3a801aaf0] main input debug: Buffering 64%
[00007fa3a801aaf0] main input debug: Buffering 65%
[00007fa3a801aaf0] main input debug: Buffering 66%
[00007fa3a801aaf0] main input debug: Buffering 67%
[00007fa3a801aaf0] main input debug: Buffering 68%
[00007fa3a801aaf0] main input debug: Buffering 69%
[00007fa3a801aaf0] main input debug: Buffering 70%
[00007fa3a801aaf0] main input debug: Buffering 71%
[00007fa3a801aaf0] main input debug: Buffering 72%
[00007fa3a801aaf0] main input debug: Buffering 73%
[00007fa3a801aaf0] main input debug: Buffering 74%
[00007fa3a801aaf0] main input debug: Buffering 75%
[00007fa3a801aaf0] main input debug: Buffering 76%
[00007fa3a801aaf0] main input debug: Buffering 77%
[00007fa3a801aaf0] main input debug: Buffering 78%
[00007fa3a801aaf0] main input debug: Buffering 79%
[00007fa3a801aaf0] main input debug: Buffering 80%
[00007fa3a801aaf0] main input debug: Buffering 81%
[00007fa3a801aaf0] main input debug: Buffering 82%
[00007fa3a801aaf0] main input debug: Buffering 83%
[00007fa3a801aaf0] main input debug: Buffering 84%
[00007fa3a801aaf0] main input debug: Buffering 85%
[00007fa3a801aaf0] main input debug: Buffering 86%
[00007fa3a801aaf0] main input debug: Buffering 87%
[00007fa3a801aaf0] main input debug: Buffering 88%
[00007fa3a801aaf0] main input debug: Buffering 89%
[00007fa3a801aaf0] main input debug: Buffering 90%
[00007fa3a801aaf0] main input debug: Buffering 91%
[00007fa3a801aaf0] main input debug: Buffering 92%
[00007fa3a801aaf0] main input debug: Buffering 93%
[00007fa3a801aaf0] main input debug: Buffering 94%
[00007fa3a801aaf0] main input debug: Buffering 95%
[00007fa3a801aaf0] main input debug: Buffering 96%
[00007fa3a801aaf0] main input debug: Buffering 97%
[00007fa3a801aaf0] main input debug: Buffering 98%
[00007fa3a801aaf0] main input debug: Buffering 99%
[00007fa3a801aaf0] main input debug: Stream buffering done (5106 ms in 2 ms)
[00007fa35db0ad80] main decoder debug: end of audio preroll
[00007fa3a801aaf0] main input debug: Decoder wait done in 32 ms
[00007fa3ad8fe170] main decoder debug: end of video preroll
[00007fa3a801c4f0] main video output warning: picture is too late to be displayed (missing 137 ms)
[00007fa3a801c4f0] main video output warning: picture is too late to be displayed (missing 108 ms)
[00007fa3a801c4f0] main video output warning: picture is too late to be displayed (missing 74 ms)
[00007fa3a801c4f0] main video output warning: picture is too late to be displayed (missing 41 ms)
[00007fa3a801c4f0] main video output debug: picture might be displayed late (missing 8 ms)
[00007fa35db09b10] mkv demux debug: SET_TIME to 129104000
[00007fa35db09b10] mkv demux debug: seek request to i_pos = 129104000
[00007fa35db09b10] mkv demux debug: seek: preroll{ track: 1, pts: 125000000, fpos: 7677166 skip: 7677166} 
[00007fa35db09b10] mkv demux debug: seek: preroll{ track: 2, pts: 129101000, fpos: 7970331 skip: 7970331} 
[00007fa35db09b10] mkv demux debug: seek: preroll{ req: 129104001, start-pts: 125000001, start-fpos: 7677166} 
[00007fa3a801aaf0] main input debug: Buffering 0%
[00007fa3a801aaf0] main input debug: Buffering 1%
[00007fa3a801aaf0] main input debug: Buffering 2%
[00007fa3a801aaf0] main input debug: Buffering 3%
[00007fa3a801aaf0] main input debug: Buffering 4%
[00007fa3a801aaf0] main input debug: Buffering 5%
[00007fa3a801aaf0] main input debug: Buffering 6%
[00007fa3a801aaf0] main input debug: Buffering 7%
[00007fa3a801aaf0] main input debug: Buffering 8%
[00007fa3a801aaf0] main input debug: Buffering 9%
[00007fa3a801aaf0] main input debug: Buffering 10%
[00007fa3a801aaf0] main input debug: Buffering 11%
[00007fa3a801aaf0] main input debug: Buffering 12%
[00007fa3a801aaf0] main input debug: Buffering 13%
[00007fa3a801aaf0] main input debug: Buffering 14%
[00007fa3a801aaf0] main input debug: Buffering 15%
[00007fa3a801aaf0] main input debug: Buffering 16%
[00007fa3a801aaf0] main input debug: Buffering 17%
[00007fa3a801aaf0] main input debug: Buffering 18%
[00007fa3a801aaf0] main input debug: Buffering 19%
[00007fa3a801aaf0] main input debug: Buffering 20%
[00007fa3a801aaf0] main input debug: Buffering 21%
[00007fa3a801aaf0] main input debug: Buffering 22%
[00007fa3a801aaf0] main input debug: Buffering 23%
[00007fa3a801aaf0] main input debug: Buffering 24%
[00007fa3a801aaf0] main input debug: Buffering 25%
[00007fa3a801aaf0] main input debug: Buffering 26%
[00007fa3a801aaf0] main input debug: Buffering 27%
[00007fa3a801aaf0] main input debug: Buffering 28%
[00007fa3a801aaf0] main input debug: Buffering 29%
[00007fa3a801aaf0] main input debug: Buffering 30%
[00007fa3a801aaf0] main input debug: Buffering 31%
[00007fa3a801aaf0] main input debug: Buffering 32%
[00007fa3a801aaf0] main input debug: Buffering 33%
[00007fa3a801aaf0] main input debug: Buffering 34%
[00007fa3a801aaf0] main input debug: Buffering 35%
[00007fa3a801aaf0] main input debug: Buffering 36%
[00007fa3a801aaf0] main input debug: Buffering 37%
[00007fa3a801aaf0] main input debug: Buffering 38%
[00007fa3a801aaf0] main input debug: Buffering 39%
[00007fa3a801aaf0] main input debug: Buffering 40%
[00007fa3a801aaf0] main input debug: Buffering 41%
[00007fa3a801aaf0] main input debug: Buffering 42%
[00007fa3a801aaf0] main input debug: Buffering 43%
[00007fa3a801aaf0] main input debug: Buffering 44%
[00007fa3a801aaf0] main input debug: Buffering 45%
[00007fa3a801aaf0] main input debug: Buffering 46%
[00007fa3a801aaf0] main input debug: Buffering 47%
[00007fa3a801aaf0] main input debug: Buffering 48%
[00007fa3a801aaf0] main input debug: Buffering 49%
[00007fa3a801aaf0] main input debug: Buffering 50%
[00007fa3a801aaf0] main input debug: Buffering 51%
[00007fa3a801aaf0] main input debug: Buffering 52%
[00007fa3a801aaf0] main input debug: Buffering 53%
[00007fa3a801aaf0] main input debug: Buffering 54%
[00007fa3a801aaf0] main input debug: Buffering 55%
[00007fa3a801aaf0] main input debug: Buffering 56%
[00007fa3a801aaf0] main input debug: Buffering 57%
[00007fa3a801aaf0] main input debug: Buffering 58%
[00007fa3a801aaf0] main input debug: Buffering 59%
[00007fa3a801aaf0] main input debug: Buffering 60%
[00007fa3a801aaf0] main input debug: Buffering 61%
[00007fa3a801aaf0] main input debug: Buffering 62%
[00007fa3a801aaf0] main input debug: Buffering 63%
[00007fa3a801aaf0] main input debug: Buffering 64%
[00007fa3a801aaf0] main input debug: Buffering 65%
[00007fa3a801aaf0] main input debug: Buffering 66%
[00007fa3a801aaf0] main input debug: Buffering 67%
[00007fa3a801aaf0] main input debug: Buffering 68%
[00007fa3a801aaf0] main input debug: Buffering 69%
[00007fa3a801aaf0] main input debug: Buffering 70%
[00007fa3a801aaf0] main input debug: Buffering 71%
[00007fa3a801aaf0] main input debug: Buffering 72%
[00007fa3a801aaf0] main input debug: Buffering 73%
[00007fa3a801aaf0] main input debug: Buffering 74%
[00007fa3a801aaf0] main input debug: Buffering 75%
[00007fa3a801aaf0] main input debug: Buffering 76%
[00007fa3a801aaf0] main input debug: Buffering 77%
[00007fa3a801aaf0] main input debug: Buffering 78%
[00007fa3a801aaf0] main input debug: Buffering 79%
[00007fa3a801aaf0] main input debug: Buffering 80%
[00007fa3a801aaf0] main input debug: Buffering 81%
[00007fa3a801aaf0] main input debug: Buffering 82%
[00007fa3a801aaf0] main input debug: Buffering 83%
[00007fa3a801aaf0] main input debug: Buffering 84%
[00007fa3a801aaf0] main input debug: Buffering 85%
[00007fa3a801aaf0] main input debug: Buffering 86%
[00007fa3a801aaf0] main input debug: Buffering 87%
[00007fa3a801aaf0] main input debug: Buffering 88%
[00007fa3a801aaf0] main input debug: Buffering 89%
[00007fa3a801aaf0] main input debug: Buffering 90%
[00007fa3a801aaf0] main input debug: Buffering 91%
[00007fa3a801aaf0] main input debug: Buffering 92%
[00007fa3a801aaf0] main input debug: Buffering 93%
[00007fa3a801aaf0] main input debug: Buffering 94%
[00007fa3a801aaf0] main input debug: Buffering 95%
[00007fa3a801aaf0] main input debug: Buffering 96%
[00007fa3a801aaf0] main input debug: Buffering 97%
[00007fa3a801aaf0] main input debug: Buffering 98%
[00007fa3a801aaf0] main input debug: Buffering 99%
[00007fa3a801aaf0] main input debug: Stream buffering done (5106 ms in 2 ms)
[00007fa35db0ad80] main decoder debug: end of audio preroll
[00007fa3ad8fe170] main decoder debug: Received first picture
[00007fa3ad8fe170] main decoder debug: end of video preroll
[00007fa3a801aaf0] main input debug: Decoder wait done in 158 ms
[00007fa35db09b10] mkv demux debug: SET_TIME to 129104000
[00007fa35db09b10] mkv demux debug: seek request to i_pos = 129104000
[00007fa35db09b10] mkv demux debug: seek: preroll{ track: 1, pts: 125000000, fpos: 7677166 skip: 7677166} 
[00007fa35db09b10] mkv demux debug: seek: preroll{ track: 2, pts: 129101000, fpos: 7970331 skip: 7970331} 
[00007fa35db09b10] mkv demux debug: seek: preroll{ req: 129104001, start-pts: 125000001, start-fpos: 7677166} 
[00007fa3a801aaf0] main input debug: Buffering 0%
[00007fa3a801aaf0] main input debug: Buffering 1%
[00007fa3a801aaf0] main input debug: Buffering 2%
[00007fa3a801aaf0] main input debug: Buffering 3%
[00007fa3a801aaf0] main input debug: Buffering 4%
[00007fa3a801aaf0] main input debug: Buffering 5%
[00007fa3a801aaf0] main input debug: Buffering 6%
[00007fa3a801aaf0] main input debug: Buffering 7%
[00007fa3a801aaf0] main input debug: Buffering 8%
[00007fa3a801aaf0] main input debug: Buffering 9%
[00007fa3a801aaf0] main input debug: Buffering 10%
[00007fa3a801aaf0] main input debug: Buffering 11%
[00007fa3a801aaf0] main input debug: Buffering 12%
[00007fa3a801aaf0] main input debug: Buffering 13%
[00007fa3a801aaf0] main input debug: Buffering 14%
[00007fa3a801aaf0] main input debug: Buffering 15%
[00007fa3a801aaf0] main input debug: Buffering 16%
[00007fa3a801aaf0] main input debug: Buffering 17%
[00007fa3a801aaf0] main input debug: Buffering 18%
[00007fa3a801aaf0] main input debug: Buffering 19%
[00007fa3a801aaf0] main input debug: Buffering 20%
[00007fa3a801aaf0] main input debug: Buffering 21%
[00007fa3a801aaf0] main input debug: Buffering 22%
[00007fa3a801aaf0] main input debug: Buffering 23%
[00007fa3a801aaf0] main input debug: Buffering 24%
[00007fa3a801aaf0] main input debug: Buffering 25%
[00007fa3a801aaf0] main input debug: Buffering 26%
[00007fa3a801aaf0] main input debug: Buffering 27%
[00007fa3a801aaf0] main input debug: Buffering 28%
[00007fa3a801aaf0] main input debug: Buffering 29%
[00007fa3a801aaf0] main input debug: Buffering 30%
[00007fa3a801aaf0] main input debug: Buffering 31%
[00007fa3a801aaf0] main input debug: Buffering 32%
[00007fa3a801aaf0] main input debug: Buffering 33%
[00007fa3a801aaf0] main input debug: Buffering 34%
[00007fa3a801aaf0] main input debug: Buffering 35%
[00007fa3a801aaf0] main input debug: Buffering 36%
[00007fa3a801aaf0] main input debug: Buffering 37%
[00007fa3a801aaf0] main input debug: Buffering 38%
[00007fa3a801aaf0] main input debug: Buffering 39%
[00007fa3a801aaf0] main input debug: Buffering 40%
[00007fa3a801aaf0] main input debug: Buffering 41%
[00007fa3a801aaf0] main input debug: Buffering 42%
[00007fa3a801aaf0] main input debug: Buffering 43%
[00007fa3a801aaf0] main input debug: Buffering 44%
[00007fa3a801aaf0] main input debug: Buffering 45%
[00007fa3a801aaf0] main input debug: Buffering 46%
[00007fa3a801aaf0] main input debug: Buffering 47%
[00007fa3a801aaf0] main input debug: Buffering 48%
[00007fa3a801aaf0] main input debug: Buffering 49%
[00007fa3a801aaf0] main input debug: Buffering 50%
[00007fa3a801aaf0] main input debug: Buffering 51%
[00007fa3a801aaf0] main input debug: Buffering 52%
[00007fa3a801aaf0] main input debug: Buffering 53%
[00007fa3a801aaf0] main input debug: Buffering 54%
[00007fa3a801aaf0] main input debug: Buffering 55%
[00007fa3a801aaf0] main input debug: Buffering 56%
[00007fa3a801aaf0] main input debug: Buffering 57%
[00007fa3a801aaf0] main input debug: Buffering 58%
[00007fa3a801aaf0] main input debug: Buffering 59%
[00007fa3a801aaf0] main input debug: Buffering 60%
[00007fa3a801aaf0] main input debug: Buffering 61%
[00007fa3a801aaf0] main input debug: Buffering 62%
[00007fa3a801aaf0] main input debug: Buffering 63%
[00007fa3a801aaf0] main input debug: Buffering 64%
[00007fa3a801aaf0] main input debug: Buffering 65%
[00007fa3a801aaf0] main input debug: Buffering 66%
[00007fa3a801aaf0] main input debug: Buffering 67%
[00007fa3a801aaf0] main input debug: Buffering 68%
[00007fa3a801aaf0] main input debug: Buffering 69%
[00007fa3a801aaf0] main input debug: Buffering 70%
[00007fa3a801aaf0] main input debug: Buffering 71%
[00007fa3a801aaf0] main input debug: Buffering 72%
[00007fa3a801aaf0] main input debug: Buffering 73%
[00007fa3a801aaf0] main input debug: Buffering 74%
[00007fa3a801aaf0] main input debug: Buffering 75%
[00007fa3a801aaf0] main input debug: Buffering 76%
[00007fa3a801aaf0] main input debug: Buffering 77%
[00007fa3a801aaf0] main input debug: Buffering 78%
[00007fa3a801aaf0] main input debug: Buffering 79%
[00007fa3a801aaf0] main input debug: Buffering 80%
[00007fa3a801aaf0] main input debug: Buffering 81%
[00007fa3a801aaf0] main input debug: Buffering 82%
[00007fa3a801aaf0] main input debug: Buffering 83%
[00007fa3a801aaf0] main input debug: Buffering 84%
[00007fa3a801aaf0] main input debug: Buffering 85%
[00007fa3a801aaf0] main input debug: Buffering 86%
[00007fa3a801aaf0] main input debug: Buffering 87%
[00007fa3a801aaf0] main input debug: Buffering 88%
[00007fa3a801aaf0] main input debug: Buffering 89%
[00007fa3a801aaf0] main input debug: Buffering 90%
[00007fa3a801aaf0] main input debug: Buffering 91%
[00007fa3a801aaf0] main input debug: Buffering 92%
[00007fa3a801aaf0] main input debug: Buffering 93%
[00007fa3a801aaf0] main input debug: Buffering 94%
[00007fa3a801aaf0] main input debug: Buffering 95%
[00007fa3a801aaf0] main input debug: Buffering 96%
[00007fa3a801aaf0] main input debug: Buffering 97%
[00007fa3a801aaf0] main input debug: Buffering 98%
[00007fa3a801aaf0] main input debug: Buffering 99%
[00007fa3a801aaf0] main input debug: Stream buffering done (5106 ms in 4 ms)
[00007fa35db0ad80] main decoder debug: end of audio preroll
[00007fa3ad8fe170] main decoder debug: Received first picture
[00007fa3a801aaf0] main input debug: Decoder wait done in 86 ms
[00007fa3ad8fe170] main decoder debug: end of video preroll
[00007fa3a801c4f0] main video output warning: picture is too late to be displayed (missing 148 ms)
[00007fa3a801c4f0] main video output warning: picture is too late to be displayed (missing 116 ms)
[00007fa3a801c4f0] main video output warning: picture is too late to be displayed (missing 82 ms)
[00007fa3a801c4f0] main video output warning: picture is too late to be displayed (missing 51 ms)
[00007fa3a801c4f0] main video output warning: picture is too late to be displayed (missing 18 ms)
[00007fa35db09b10] mkv demux debug: SET_TIME to 129104000
[00007fa35db09b10] mkv demux debug: seek request to i_pos = 129104000
[00007fa35db09b10] mkv demux debug: seek: preroll{ track: 1, pts: 125000000, fpos: 7677166 skip: 7677166} 
[00007fa35db09b10] mkv demux debug: seek: preroll{ track: 2, pts: 129101000, fpos: 7970331 skip: 7970331} 
[00007fa35db09b10] mkv demux debug: seek: preroll{ req: 129104001, start-pts: 125000001, start-fpos: 7677166} 
[00007fa3a801aaf0] main input debug: Buffering 0%
[00007fa3a801aaf0] main input debug: Buffering 1%
[00007fa3a801aaf0] main input debug: Buffering 2%
[00007fa3a801aaf0] main input debug: Buffering 3%
[00007fa3a801aaf0] main input debug: Buffering 4%
[00007fa3a801aaf0] main input debug: Buffering 5%
[00007fa3a801aaf0] main input debug: Buffering 6%
[00007fa3a801aaf0] main input debug: Buffering 7%
[00007fa3a801aaf0] main input debug: Buffering 8%
[00007fa3a801aaf0] main input debug: Buffering 9%
[00007fa3a801aaf0] main input debug: Buffering 10%
[00007fa3a801aaf0] main input debug: Buffering 11%
[00007fa3a801aaf0] main input debug: Buffering 12%
[00007fa3a801aaf0] main input debug: Buffering 13%
[00007fa3a801aaf0] main input debug: Buffering 14%
[00007fa3a801aaf0] main input debug: Buffering 15%
[00007fa3a801aaf0] main input debug: Buffering 16%
[00007fa3a801aaf0] main input debug: Buffering 17%
[00007fa3a801aaf0] main input debug: Buffering 18%
[00007fa3a801aaf0] main input debug: Buffering 19%
[00007fa3a801aaf0] main input debug: Buffering 20%
[00007fa3a801aaf0] main input debug: Buffering 21%
[00007fa3a801aaf0] main input debug: Buffering 22%
[00007fa3a801aaf0] main input debug: Buffering 23%
[00007fa3a801aaf0] main input debug: Buffering 24%
[00007fa3a801aaf0] main input debug: Buffering 25%
[00007fa3a801aaf0] main input debug: Buffering 26%
[00007fa3a801aaf0] main input debug: Buffering 27%
[00007fa3a801aaf0] main input debug: Buffering 28%
[00007fa3a801aaf0] main input debug: Buffering 29%
[00007fa3a801aaf0] main input debug: Buffering 30%
[00007fa3a801aaf0] main input debug: Buffering 31%
[00007fa3a801aaf0] main input debug: Buffering 32%
[00007fa3a801aaf0] main input debug: Buffering 33%
[00007fa3a801aaf0] main input debug: Buffering 34%
[00007fa3a801aaf0] main input debug: Buffering 35%
[00007fa3a801aaf0] main input debug: Buffering 36%
[00007fa3a801aaf0] main input debug: Buffering 37%
[00007fa3a801aaf0] main input debug: Buffering 38%
[00007fa3a801aaf0] main input debug: Buffering 39%
[00007fa3a801aaf0] main input debug: Buffering 40%
[00007fa3a801aaf0] main input debug: Buffering 41%
[00007fa3a801aaf0] main input debug: Buffering 42%
[00007fa3a801aaf0] main input debug: Buffering 43%
[00007fa3a801aaf0] main input debug: Buffering 44%
[00007fa3a801aaf0] main input debug: Buffering 45%
[00007fa3a801aaf0] main input debug: Buffering 46%
[00007fa3a801aaf0] main input debug: Buffering 47%
[00007fa3a801aaf0] main input debug: Buffering 48%
[00007fa3a801aaf0] main input debug: Buffering 49%
[00007fa3a801aaf0] main input debug: Buffering 50%
[00007fa3a801aaf0] main input debug: Buffering 51%
[00007fa3a801aaf0] main input debug: Buffering 52%
[00007fa3a801aaf0] main input debug: Buffering 53%
[00007fa3a801aaf0] main input debug: Buffering 54%
[00007fa3a801aaf0] main input debug: Buffering 55%
[00007fa3a801aaf0] main input debug: Buffering 56%
[00007fa3a801aaf0] main input debug: Buffering 57%
[00007fa3a801aaf0] main input debug: Buffering 58%
[00007fa3a801aaf0] main input debug: Buffering 59%
[00007fa3a801aaf0] main input debug: Buffering 60%
[00007fa3a801aaf0] main input debug: Buffering 61%
[00007fa3a801aaf0] main input debug: Buffering 62%
[00007fa3a801aaf0] main input debug: Buffering 63%
[00007fa3a801aaf0] main input debug: Buffering 64%
[00007fa3a801aaf0] main input debug: Buffering 65%
[00007fa3a801aaf0] main input debug: Buffering 66%
[00007fa3a801aaf0] main input debug: Buffering 67%
[00007fa3a801aaf0] main input debug: Buffering 68%
[00007fa3a801aaf0] main input debug: Buffering 69%
[00007fa3a801aaf0] main input debug: Buffering 70%
[00007fa3a801aaf0] main input debug: Buffering 71%
[00007fa3a801aaf0] main input debug: Buffering 72%
[00007fa3a801aaf0] main input debug: Buffering 73%
[00007fa3a801aaf0] main input debug: Buffering 74%
[00007fa3a801aaf0] main input debug: Buffering 75%
[00007fa3a801aaf0] main input debug: Buffering 76%
[00007fa3a801aaf0] main input debug: Buffering 77%
[00007fa3a801aaf0] main input debug: Buffering 78%
[00007fa3a801aaf0] main input debug: Buffering 79%
[00007fa3a801aaf0] main input debug: Buffering 80%
[00007fa3a801aaf0] main input debug: Buffering 81%
[00007fa3a801aaf0] main input debug: Buffering 82%
[00007fa3a801aaf0] main input debug: Buffering 83%
[00007fa3a801aaf0] main input debug: Buffering 84%
[00007fa3a801aaf0] main input debug: Buffering 85%
[00007fa3a801aaf0] main input debug: Buffering 86%
[00007fa3a801aaf0] main input debug: Buffering 87%
[00007fa3a801aaf0] main input debug: Buffering 88%
[00007fa3a801aaf0] main input debug: Buffering 89%
[00007fa3a801aaf0] main input debug: Buffering 90%
[00007fa3a801aaf0] main input debug: Buffering 91%
[00007fa3a801aaf0] main input debug: Buffering 92%
[00007fa3a801aaf0] main input debug: Buffering 93%
[00007fa3a801aaf0] main input debug: Buffering 94%
[00007fa3a801aaf0] main input debug: Buffering 95%
[00007fa3a801aaf0] main input debug: Buffering 96%
[00007fa3a801aaf0] main input debug: Buffering 97%
[00007fa3a801aaf0] main input debug: Buffering 98%
[00007fa3a801aaf0] main input debug: Buffering 99%
[00007fa3a801aaf0] main input debug: Stream buffering done (5106 ms in 2 ms)
[00007fa35db0ad80] main decoder debug: end of audio preroll
[00007fa3ad8fe170] main decoder debug: Received first picture
[00007fa3a801aaf0] main input debug: Decoder wait done in 68 ms
[00007fa3ad8fe170] main decoder debug: end of video preroll
[00007fa3a801c4f0] main video output warning: picture is too late to be displayed (missing 161 ms)
[00007fa3a801c4f0] main video output warning: picture is too late to be displayed (missing 129 ms)
[00007fa3a801c4f0] main video output warning: picture is too late to be displayed (missing 95 ms)
[00007fa3a801c4f0] main video output warning: picture is too late to be displayed (missing 64 ms)
[00007fa3a801c4f0] main video output warning: picture is too late to be displayed (missing 33 ms)
[00007fa35dc22990] main vout display debug: auto hiding mouse cursor
[00007fa35db09b10] mkv demux debug: SET_TIME to 129104000
[00007fa35db09b10] mkv demux debug: seek request to i_pos = 129104000
[00007fa35db09b10] mkv demux debug: seek: preroll{ track: 1, pts: 125000000, fpos: 7677166 skip: 7677166} 
[00007fa35db09b10] mkv demux debug: seek: preroll{ track: 2, pts: 129101000, fpos: 7970331 skip: 7970331} 
[00007fa35db09b10] mkv demux debug: seek: preroll{ req: 129104001, start-pts: 125000001, start-fpos: 7677166} 
[00007fa3a801aaf0] main input debug: Buffering 0%
[00007fa3a801aaf0] main input debug: Buffering 1%
[00007fa3a801aaf0] main input debug: Buffering 2%
[00007fa3a801aaf0] main input debug: Buffering 3%
[00007fa3a801aaf0] main input debug: Buffering 4%
[00007fa3a801aaf0] main input debug: Buffering 5%
[00007fa3a801aaf0] main input debug: Buffering 6%
[00007fa3a801aaf0] main input debug: Buffering 7%
[00007fa3a801aaf0] main input debug: Buffering 8%
[00007fa3a801aaf0] main input debug: Buffering 9%
[00007fa3a801aaf0] main input debug: Buffering 10%
[00007fa3a801aaf0] main input debug: Buffering 11%
[00007fa3a801aaf0] main input debug: Buffering 12%
[00007fa3a801aaf0] main input debug: Buffering 13%
[00007fa3a801aaf0] main input debug: Buffering 14%
[00007fa3a801aaf0] main input debug: Buffering 15%
[00007fa3a801aaf0] main input debug: Buffering 16%
[00007fa3a801aaf0] main input debug: Buffering 17%
[00007fa3a801aaf0] main input debug: Buffering 18%
[00007fa3a801aaf0] main input debug: Buffering 19%
[00007fa3a801aaf0] main input debug: Buffering 20%
[00007fa3a801aaf0] main input debug: Buffering 21%
[00007fa3a801aaf0] main input debug: Buffering 22%
[00007fa3a801aaf0] main input debug: Buffering 23%
[00007fa3a801aaf0] main input debug: Buffering 24%
[00007fa3a801aaf0] main input debug: Buffering 25%
[00007fa3a801aaf0] main input debug: Buffering 26%
[00007fa3a801aaf0] main input debug: Buffering 27%
[00007fa3a801aaf0] main input debug: Buffering 28%
[00007fa3a801aaf0] main input debug: Buffering 29%
[00007fa3a801aaf0] main input debug: Buffering 30%
[00007fa3a801aaf0] main input debug: Buffering 31%
[00007fa3a801aaf0] main input debug: Buffering 32%
[00007fa3a801aaf0] main input debug: Buffering 33%
[00007fa3a801aaf0] main input debug: Buffering 34%
[00007fa3a801aaf0] main input debug: Buffering 35%
[00007fa3a801aaf0] main input debug: Buffering 36%
[00007fa3a801aaf0] main input debug: Buffering 37%
[00007fa3a801aaf0] main input debug: Buffering 38%
[00007fa3a801aaf0] main input debug: Buffering 39%
[00007fa3a801aaf0] main input debug: Buffering 40%
[00007fa3a801aaf0] main input debug: Buffering 41%
[00007fa3a801aaf0] main input debug: Buffering 42%
[00007fa3a801aaf0] main input debug: Buffering 43%
[00007fa3a801aaf0] main input debug: Buffering 44%
[00007fa3a801aaf0] main input debug: Buffering 45%
[00007fa3a801aaf0] main input debug: Buffering 46%
[00007fa3a801aaf0] main input debug: Buffering 47%
[00007fa3a801aaf0] main input debug: Buffering 48%
[00007fa3a801aaf0] main input debug: Buffering 49%
[00007fa3a801aaf0] main input debug: Buffering 50%
[00007fa3a801aaf0] main input debug: Buffering 51%
[00007fa3a801aaf0] main input debug: Buffering 52%
[00007fa3a801aaf0] main input debug: Buffering 53%
[00007fa3a801aaf0] main input debug: Buffering 54%
[00007fa3a801aaf0] main input debug: Buffering 55%
[00007fa3a801aaf0] main input debug: Buffering 56%
[00007fa3a801aaf0] main input debug: Buffering 57%
[00007fa3a801aaf0] main input debug: Buffering 58%
[00007fa3a801aaf0] main input debug: Buffering 59%
[00007fa3a801aaf0] main input debug: Buffering 60%
[00007fa3a801aaf0] main input debug: Buffering 61%
[00007fa3a801aaf0] main input debug: Buffering 62%
[00007fa3a801aaf0] main input debug: Buffering 63%
[00007fa3a801aaf0] main input debug: Buffering 64%
[00007fa3a801aaf0] main input debug: Buffering 65%
[00007fa3a801aaf0] main input debug: Buffering 66%
[00007fa3a801aaf0] main input debug: Buffering 67%
[00007fa3a801aaf0] main input debug: Buffering 68%
[00007fa3a801aaf0] main input debug: Buffering 69%
[00007fa3a801aaf0] main input debug: Buffering 70%
[00007fa3a801aaf0] main input debug: Buffering 71%
[00007fa3a801aaf0] main input debug: Buffering 72%
[00007fa3a801aaf0] main input debug: Buffering 73%
[00007fa3a801aaf0] main input debug: Buffering 74%
[00007fa3a801aaf0] main input debug: Buffering 75%
[00007fa3a801aaf0] main input debug: Buffering 76%
[00007fa3a801aaf0] main input debug: Buffering 77%
[00007fa3a801aaf0] main input debug: Buffering 78%
[00007fa3a801aaf0] main input debug: Buffering 79%
[00007fa3a801aaf0] main input debug: Buffering 80%
[00007fa3a801aaf0] main input debug: Buffering 81%
[00007fa3a801aaf0] main input debug: Buffering 82%
[00007fa3a801aaf0] main input debug: Buffering 83%
[00007fa3a801aaf0] main input debug: Buffering 84%
[00007fa3a801aaf0] main input debug: Buffering 85%
[00007fa3a801aaf0] main input debug: Buffering 86%
[00007fa3a801aaf0] main input debug: Buffering 87%
[00007fa3a801aaf0] main input debug: Buffering 88%
[00007fa3a801aaf0] main input debug: Buffering 89%
[00007fa3a801aaf0] main input debug: Buffering 90%
[00007fa3a801aaf0] main input debug: Buffering 91%
[00007fa3a801aaf0] main input debug: Buffering 92%
[00007fa3a801aaf0] main input debug: Buffering 93%
[00007fa3a801aaf0] main input debug: Buffering 94%
[00007fa3a801aaf0] main input debug: Buffering 95%
[00007fa3a801aaf0] main input debug: Buffering 96%
[00007fa3a801aaf0] main input debug: Buffering 97%
[00007fa3a801aaf0] main input debug: Buffering 98%
[00007fa3a801aaf0] main input debug: Buffering 99%
[00007fa3a801aaf0] main input debug: Stream buffering done (5106 ms in 3 ms)
[00007fa35db0ad80] main decoder debug: end of audio preroll
[00007fa3ad8fe170] main decoder debug: Received first picture
[00007fa3a801aaf0] main input debug: Decoder wait done in 52 ms
[00007fa3ad8fe170] main decoder debug: end of video preroll
[00007fa3a801c4f0] main video output warning: picture is too late to be displayed (missing 150 ms)
[00007fa3a801c4f0] main video output warning: picture is too late to be displayed (missing 118 ms)
[00007fa3a801c4f0] main video output warning: picture is too late to be displayed (missing 84 ms)
[00007fa3a801c4f0] main video output warning: picture is too late to be displayed (missing 53 ms)
[00007fa3a801c4f0] main video output warning: picture is too late to be displayed (missing 21 ms)
[00007fa35dc22990] main vout display debug: auto hiding mouse cursor
[00007fa35db09b10] mkv demux debug: SET_TIME to 129104000
[00007fa35db09b10] mkv demux debug: seek request to i_pos = 129104000
[00007fa35db09b10] mkv demux debug: seek: preroll{ track: 1, pts: 125000000, fpos: 7677166 skip: 7677166} 
[00007fa35db09b10] mkv demux debug: seek: preroll{ track: 2, pts: 129101000, fpos: 7970331 skip: 7970331} 
[00007fa35db09b10] mkv demux debug: seek: preroll{ req: 129104001, start-pts: 125000001, start-fpos: 7677166} 
[00007fa3a801aaf0] main input debug: Buffering 0%
[00007fa3a801aaf0] main input debug: Buffering 1%
[00007fa3a801aaf0] main input debug: Buffering 2%
[00007fa3a801aaf0] main input debug: Buffering 3%
[00007fa3a801aaf0] main input debug: Buffering 4%
[00007fa3a801aaf0] main input debug: Buffering 5%
[00007fa3a801aaf0] main input debug: Buffering 6%
[00007fa3a801aaf0] main input debug: Buffering 7%
[00007fa3a801aaf0] main input debug: Buffering 8%
[00007fa3a801aaf0] main input debug: Buffering 9%
[00007fa3a801aaf0] main input debug: Buffering 10%
[00007fa3a801aaf0] main input debug: Buffering 11%
[00007fa3a801aaf0] main input debug: Buffering 12%
[00007fa3a801aaf0] main input debug: Buffering 13%
[00007fa3a801aaf0] main input debug: Buffering 14%
[00007fa3a801aaf0] main input debug: Buffering 15%
[00007fa3a801aaf0] main input debug: Buffering 16%
[00007fa3a801aaf0] main input debug: Buffering 17%
[00007fa3a801aaf0] main input debug: Buffering 18%
[00007fa3a801aaf0] main input debug: Buffering 19%
[00007fa3a801aaf0] main input debug: Buffering 20%
[00007fa3a801aaf0] main input debug: Buffering 21%
[00007fa3a801aaf0] main input debug: Buffering 22%
[00007fa3a801aaf0] main input debug: Buffering 23%
[00007fa3a801aaf0] main input debug: Buffering 24%
[00007fa3a801aaf0] main input debug: Buffering 25%
[00007fa3a801aaf0] main input debug: Buffering 26%
[00007fa3a801aaf0] main input debug: Buffering 27%
[00007fa3a801aaf0] main input debug: Buffering 28%
[00007fa3a801aaf0] main input debug: Buffering 29%
[00007fa3a801aaf0] main input debug: Buffering 30%
[00007fa3a801aaf0] main input debug: Buffering 31%
[00007fa3a801aaf0] main input debug: Buffering 32%
[00007fa3a801aaf0] main input debug: Buffering 33%
[00007fa3a801aaf0] main input debug: Buffering 34%
[00007fa3a801aaf0] main input debug: Buffering 35%
[00007fa3a801aaf0] main input debug: Buffering 36%
[00007fa3a801aaf0] main input debug: Buffering 37%
[00007fa3a801aaf0] main input debug: Buffering 38%
[00007fa3a801aaf0] main input debug: Buffering 39%
[00007fa3a801aaf0] main input debug: Buffering 40%
[00007fa3a801aaf0] main input debug: Buffering 41%
[00007fa3a801aaf0] main input debug: Buffering 42%
[00007fa3a801aaf0] main input debug: Buffering 43%
[00007fa3a801aaf0] main input debug: Buffering 44%
[00007fa3a801aaf0] main input debug: Buffering 45%
[00007fa3a801aaf0] main input debug: Buffering 46%
[00007fa3a801aaf0] main input debug: Buffering 47%
[00007fa3a801aaf0] main input debug: Buffering 48%
[00007fa3a801aaf0] main input debug: Buffering 49%
[00007fa3a801aaf0] main input debug: Buffering 50%
[00007fa3a801aaf0] main input debug: Buffering 51%
[00007fa3a801aaf0] main input debug: Buffering 52%
[00007fa3a801aaf0] main input debug: Buffering 53%
[00007fa3a801aaf0] main input debug: Buffering 54%
[00007fa3a801aaf0] main input debug: Buffering 55%
[00007fa3a801aaf0] main input debug: Buffering 56%
[00007fa3a801aaf0] main input debug: Buffering 57%
[00007fa3a801aaf0] main input debug: Buffering 58%
[00007fa3a801aaf0] main input debug: Buffering 59%
[00007fa3a801aaf0] main input debug: Buffering 60%
[00007fa3a801aaf0] main input debug: Buffering 61%
[00007fa3a801aaf0] main input debug: Buffering 62%
[00007fa3a801aaf0] main input debug: Buffering 63%
[00007fa3a801aaf0] main input debug: Buffering 64%
[00007fa3a801aaf0] main input debug: Buffering 65%
[00007fa3a801aaf0] main input debug: Buffering 66%
[00007fa3a801aaf0] main input debug: Buffering 67%
[00007fa3a801aaf0] main input debug: Buffering 68%
[00007fa3a801aaf0] main input debug: Buffering 69%
[00007fa3a801aaf0] main input debug: Buffering 70%
[00007fa3a801aaf0] main input debug: Buffering 71%
[00007fa3a801aaf0] main input debug: Buffering 72%
[00007fa3a801aaf0] main input debug: Buffering 73%
[00007fa3a801aaf0] main input debug: Buffering 74%
[00007fa3a801aaf0] main input debug: Buffering 75%
[00007fa3a801aaf0] main input debug: Buffering 76%
[00007fa3a801aaf0] main input debug: Buffering 77%
[00007fa3a801aaf0] main input debug: Buffering 78%
[00007fa3a801aaf0] main input debug: Buffering 79%
[00007fa3a801aaf0] main input debug: Buffering 80%
[00007fa3a801aaf0] main input debug: Buffering 81%
[00007fa3a801aaf0] main input debug: Buffering 82%
[00007fa3a801aaf0] main input debug: Buffering 83%
[00007fa3a801aaf0] main input debug: Buffering 84%
[00007fa3a801aaf0] main input debug: Buffering 85%
[00007fa3a801aaf0] main input debug: Buffering 86%
[00007fa35db0ad80] main decoder debug: end of audio preroll
[00007fa3a801aaf0] main input debug: Buffering 87%
[00007fa3a801aaf0] main input debug: Buffering 88%
[00007fa3a801aaf0] main input debug: Buffering 89%
[00007fa3a801aaf0] main input debug: Buffering 90%
[00007fa3a801aaf0] main input debug: Buffering 91%
[00007fa3a801aaf0] main input debug: Buffering 92%
[00007fa3a801aaf0] main input debug: Buffering 93%
[00007fa3a801aaf0] main input debug: Buffering 94%
[00007fa3a801aaf0] main input debug: Buffering 95%
[00007fa3a801aaf0] main input debug: Buffering 96%
[00007fa3a801aaf0] main input debug: Buffering 97%
[00007fa3a801aaf0] main input debug: Buffering 98%
[00007fa3a801aaf0] main input debug: Buffering 99%
[00007fa3a801aaf0] main input debug: Stream buffering done (5106 ms in 2 ms)
[00007fa3ad8fe170] main decoder debug: Received first picture
[00007fa3a801aaf0] main input debug: Decoder wait done in 51 ms
[00007fa3ad8fe170] main decoder debug: end of video preroll
[00007fa3a801c4f0] main video output warning: picture is too late to be displayed (missing 151 ms)
[00007fa3a801c4f0] main video output warning: picture is too late to be displayed (missing 118 ms)
[00007fa3a801c4f0] main video output warning: picture is too late to be displayed (missing 84 ms)
[00007fa3a801c4f0] main video output warning: picture is too late to be displayed (missing 53 ms)
[00007fa3a801c4f0] main video output warning: picture is too late to be displayed (missing 20 ms)
[00007fa3ad90f480] macosx interface debug: activating or triggering extension 'Advanced A-B Looper', id 0
[00007fa3ad8425b0] lua generic debug: Deactivating 'Advanced A-B Looper'
[00007fa3ad8425b0] lua generic debug: Deleting dialog 'Advanced A-B Looper'
[00007fa3ad8425b0] lua generic debug: Waiting for the dialog to be deleted...
[00007fa35db09b10] mkv demux debug: SET_TIME to 129104000
[00007fa35db09b10] mkv demux debug: seek request to i_pos = 129104000
[00007fa35db09b10] mkv demux debug: seek: preroll{ track: 1, pts: 125000000, fpos: 7677166 skip: 7677166} 
[00007fa35db09b10] mkv demux debug: seek: preroll{ track: 2, pts: 129101000, fpos: 7970331 skip: 7970331} 
[00007fa35db09b10] mkv demux debug: seek: preroll{ req: 129104001, start-pts: 125000001, start-fpos: 7677166} 
[00007fa3a801aaf0] main input debug: Buffering 0%
[00007fa3a801aaf0] main input debug: Buffering 1%
[00007fa3a801aaf0] main input debug: Buffering 2%
[00007fa3a801aaf0] main input debug: Buffering 3%
[00007fa3a801aaf0] main input debug: Buffering 4%
[00007fa3a801aaf0] main input debug: Buffering 5%
[00007fa3a801aaf0] main input debug: Buffering 6%
[00007fa3a801aaf0] main input debug: Buffering 7%
[00007fa3a801aaf0] main input debug: Buffering 8%
[00007fa3a801aaf0] main input debug: Buffering 9%
[00007fa3a801aaf0] main input debug: Buffering 10%
[00007fa3a801aaf0] main input debug: Buffering 11%
[00007fa3a801aaf0] main input debug: Buffering 12%
[00007fa3a801aaf0] main input debug: Buffering 13%
[00007fa3a801aaf0] main input debug: Buffering 14%
[00007fa3a801aaf0] main input debug: Buffering 15%
[00007fa3a801aaf0] main input debug: Buffering 16%
[00007fa3a801aaf0] main input debug: Buffering 17%
[00007fa3a801aaf0] main input debug: Buffering 18%
[00007fa3a801aaf0] main input debug: Buffering 19%
[00007fa3a801aaf0] main input debug: Buffering 20%
[00007fa3a801aaf0] main input debug: Buffering 21%
[00007fa3a801aaf0] main input debug: Buffering 22%
[00007fa3a801aaf0] main input debug: Buffering 23%
[00007fa3a801aaf0] main input debug: Buffering 24%
[00007fa3a801aaf0] main input debug: Buffering 25%
[00007fa3a801aaf0] main input debug: Buffering 26%
[00007fa3a801aaf0] main input debug: Buffering 27%
[00007fa3a801aaf0] main input debug: Buffering 28%
[00007fa3a801aaf0] main input debug: Buffering 29%
[00007fa3a801aaf0] main input debug: Buffering 30%
[00007fa3a801aaf0] main input debug: Buffering 31%
[00007fa3a801aaf0] main input debug: Buffering 32%
[00007fa3a801aaf0] main input debug: Buffering 33%
[00007fa3a801aaf0] main input debug: Buffering 34%
[00007fa3a801aaf0] main input debug: Buffering 35%
[00007fa3a801aaf0] main input debug: Buffering 36%
[00007fa3a801aaf0] main input debug: Buffering 37%
[00007fa3a801aaf0] main input debug: Buffering 38%
[00007fa3a801aaf0] main input debug: Buffering 39%
[00007fa3a801aaf0] main input debug: Buffering 40%
[00007fa3a801aaf0] main input debug: Buffering 41%
[00007fa3a801aaf0] main input debug: Buffering 42%
[00007fa3a801aaf0] main input debug: Buffering 43%
[00007fa3a801aaf0] main input debug: Buffering 44%
[00007fa3a801aaf0] main input debug: Buffering 45%
[00007fa3a801aaf0] main input debug: Buffering 46%
[00007fa3a801aaf0] main input debug: Buffering 47%
[00007fa3a801aaf0] main input debug: Buffering 48%
[00007fa3a801aaf0] main input debug: Buffering 49%
[00007fa3a801aaf0] main input debug: Buffering 50%
[00007fa3a801aaf0] main input debug: Buffering 51%
[00007fa3a801aaf0] main input debug: Buffering 52%
[00007fa3a801aaf0] main input debug: Buffering 53%
[00007fa3a801aaf0] main input debug: Buffering 54%
[00007fa3a801aaf0] main input debug: Buffering 55%
[00007fa3a801aaf0] main input debug: Buffering 56%
[00007fa3a801aaf0] main input debug: Buffering 57%
[00007fa3a801aaf0] main input debug: Buffering 58%
[00007fa3a801aaf0] main input debug: Buffering 59%
[00007fa3a801aaf0] main input debug: Buffering 60%
[00007fa3a801aaf0] main input debug: Buffering 61%
[00007fa3a801aaf0] main input debug: Buffering 62%
[00007fa3a801aaf0] main input debug: Buffering 63%
[00007fa3a801aaf0] main input debug: Buffering 64%
[00007fa3a801aaf0] main input debug: Buffering 65%
[00007fa3a801aaf0] main input debug: Buffering 66%
[00007fa3a801aaf0] main input debug: Buffering 67%
[00007fa3a801aaf0] main input debug: Buffering 68%
[00007fa3a801aaf0] main input debug: Buffering 69%
[00007fa3a801aaf0] main input debug: Buffering 70%
[00007fa3a801aaf0] main input debug: Buffering 71%
[00007fa3a801aaf0] main input debug: Buffering 72%
[00007fa3a801aaf0] main input debug: Buffering 73%
[00007fa3a801aaf0] main input debug: Buffering 74%
[00007fa3a801aaf0] main input debug: Buffering 75%
[00007fa3a801aaf0] main input debug: Buffering 76%
[00007fa3a801aaf0] main input debug: Buffering 77%
[00007fa3a801aaf0] main input debug: Buffering 78%
[00007fa3a801aaf0] main input debug: Buffering 79%
[00007fa3a801aaf0] main input debug: Buffering 80%
[00007fa3a801aaf0] main input debug: Buffering 81%
[00007fa3a801aaf0] main input debug: Buffering 82%
[00007fa3a801aaf0] main input debug: Buffering 83%
[00007fa3a801aaf0] main input debug: Buffering 84%
[00007fa3a801aaf0] main input debug: Buffering 85%
[00007fa3a801aaf0] main input debug: Buffering 86%
[00007fa3a801aaf0] main input debug: Buffering 87%
[00007fa3a801aaf0] main input debug: Buffering 88%
[00007fa3a801aaf0] main input debug: Buffering 89%
[00007fa3a801aaf0] main input debug: Buffering 90%
[00007fa3a801aaf0] main input debug: Buffering 91%
[00007fa3a801aaf0] main input debug: Buffering 92%
[00007fa3a801aaf0] main input debug: Buffering 93%
[00007fa3a801aaf0] main input debug: Buffering 94%
[00007fa3a801aaf0] main input debug: Buffering 95%
[00007fa3a801aaf0] main input debug: Buffering 96%
[00007fa3a801aaf0] main input debug: Buffering 97%
[00007fa3a801aaf0] main input debug: Buffering 98%
[00007fa3a801aaf0] main input debug: Buffering 99%
[00007fa3a801aaf0] main input debug: Stream buffering done (5106 ms in 2 ms)
[00007fa35db0ad80] main decoder debug: end of audio preroll
[00007fa3ad8fe170] main decoder debug: Received first picture
[00007fa3a801aaf0] main input debug: Decoder wait done in 49 ms
[00007fa3ad8fe170] main decoder debug: end of video preroll
[00007fa3a801c4f0] main video output warning: picture is too late to be displayed (missing 131 ms)
[00007fa3a801c4f0] main video output warning: picture is too late to be displayed (missing 99 ms)
[00007fa3a801c4f0] main video output warning: picture is too late to be displayed (missing 65 ms)
[00007fa3a801c4f0] main video output warning: picture is too late to be displayed (missing 33 ms)
[00007fa3a801c4f0] main video output debug: picture might be displayed late (missing 1 ms)
[00007fa35dc22990] main vout display debug: auto hiding mouse cursor
[00007fa3ad90f480] macosx interface debug: activating or triggering extension 'Advanced A-B Looper', id 0
[00007fa3ad8425b0] lua generic debug: Reactivating extension Advanced A-B Looper
[00007fa3ad8425b0] lua generic debug: Creating dialog 'Advanced A-B Looper'
[00007fa35db09b10] mkv demux debug: SET_TIME to 129104000
[00007fa35db09b10] mkv demux debug: seek request to i_pos = 129104000
[00007fa35db09b10] mkv demux debug: seek: preroll{ track: 1, pts: 125000000, fpos: 7677166 skip: 7677166} 
[00007fa35db09b10] mkv demux debug: seek: preroll{ track: 2, pts: 129101000, fpos: 7970331 skip: 7970331} 
[00007fa35db09b10] mkv demux debug: seek: preroll{ req: 129104001, start-pts: 125000001, start-fpos: 7677166} 
[00007fa3a801aaf0] main input debug: Buffering 0%
[00007fa3a801aaf0] main input debug: Buffering 1%
[00007fa3a801aaf0] main input debug: Buffering 2%
[00007fa3a801aaf0] main input debug: Buffering 3%
[00007fa3a801aaf0] main input debug: Buffering 4%
[00007fa3a801aaf0] main input debug: Buffering 5%
[00007fa3a801aaf0] main input debug: Buffering 6%
[00007fa3a801aaf0] main input debug: Buffering 7%
[00007fa3a801aaf0] main input debug: Buffering 8%
[00007fa3a801aaf0] main input debug: Buffering 9%
[00007fa3a801aaf0] main input debug: Buffering 10%
[00007fa3a801aaf0] main input debug: Buffering 11%
[00007fa3a801aaf0] main input debug: Buffering 12%
[00007fa3a801aaf0] main input debug: Buffering 13%
[00007fa3a801aaf0] main input debug: Buffering 14%
[00007fa3a801aaf0] main input debug: Buffering 15%
[00007fa3a801aaf0] main input debug: Buffering 16%
[00007fa3a801aaf0] main input debug: Buffering 17%
[00007fa3a801aaf0] main input debug: Buffering 18%
[00007fa3a801aaf0] main input debug: Buffering 19%
[00007fa3a801aaf0] main input debug: Buffering 20%
[00007fa3a801aaf0] main input debug: Buffering 21%
[00007fa3a801aaf0] main input debug: Buffering 22%
[00007fa3a801aaf0] main input debug: Buffering 23%
[00007fa3a801aaf0] main input debug: Buffering 24%
[00007fa3a801aaf0] main input debug: Buffering 25%
[00007fa3a801aaf0] main input debug: Buffering 26%
[00007fa3a801aaf0] main input debug: Buffering 27%
[00007fa3a801aaf0] main input debug: Buffering 28%
[00007fa3a801aaf0] main input debug: Buffering 29%
[00007fa3a801aaf0] main input debug: Buffering 30%
[00007fa3a801aaf0] main input debug: Buffering 31%
[00007fa3a801aaf0] main input debug: Buffering 32%
[00007fa3a801aaf0] main input debug: Buffering 33%
[00007fa3a801aaf0] main input debug: Buffering 34%
[00007fa3a801aaf0] main input debug: Buffering 35%
[00007fa3a801aaf0] main input debug: Buffering 36%
[00007fa3a801aaf0] main input debug: Buffering 37%
[00007fa3a801aaf0] main input debug: Buffering 38%
[00007fa3a801aaf0] main input debug: Buffering 39%
[00007fa3a801aaf0] main input debug: Buffering 40%
[00007fa3a801aaf0] main input debug: Buffering 41%
[00007fa3a801aaf0] main input debug: Buffering 42%
[00007fa3a801aaf0] main input debug: Buffering 43%
[00007fa3a801aaf0] main input debug: Buffering 44%
[00007fa3a801aaf0] main input debug: Buffering 45%
[00007fa3a801aaf0] main input debug: Buffering 46%
[00007fa3a801aaf0] main input debug: Buffering 47%
[00007fa3a801aaf0] main input debug: Buffering 48%
[00007fa3a801aaf0] main input debug: Buffering 49%
[00007fa3a801aaf0] main input debug: Buffering 50%
[00007fa3a801aaf0] main input debug: Buffering 51%
[00007fa3a801aaf0] main input debug: Buffering 52%
[00007fa3a801aaf0] main input debug: Buffering 53%
[00007fa3a801aaf0] main input debug: Buffering 54%
[00007fa3a801aaf0] main input debug: Buffering 55%
[00007fa3a801aaf0] main input debug: Buffering 56%
[00007fa3a801aaf0] main input debug: Buffering 57%
[00007fa3a801aaf0] main input debug: Buffering 58%
[00007fa3a801aaf0] main input debug: Buffering 59%
[00007fa3a801aaf0] main input debug: Buffering 60%
[00007fa3a801aaf0] main input debug: Buffering 61%
[00007fa3a801aaf0] main input debug: Buffering 62%
[00007fa3a801aaf0] main input debug: Buffering 63%
[00007fa3a801aaf0] main input debug: Buffering 64%
[00007fa3a801aaf0] main input debug: Buffering 65%
[00007fa3a801aaf0] main input debug: Buffering 66%
[00007fa3a801aaf0] main input debug: Buffering 67%
[00007fa3a801aaf0] main input debug: Buffering 68%
[00007fa3a801aaf0] main input debug: Buffering 69%
[00007fa3a801aaf0] main input debug: Buffering 70%
[00007fa3a801aaf0] main input debug: Buffering 71%
[00007fa3a801aaf0] main input debug: Buffering 72%
[00007fa3a801aaf0] main input debug: Buffering 73%
[00007fa3a801aaf0] main input debug: Buffering 74%
[00007fa3a801aaf0] main input debug: Buffering 75%
[00007fa3a801aaf0] main input debug: Buffering 76%
[00007fa3a801aaf0] main input debug: Buffering 77%
[00007fa3a801aaf0] main input debug: Buffering 78%
[00007fa3a801aaf0] main input debug: Buffering 79%
[00007fa3a801aaf0] main input debug: Buffering 80%
[00007fa3a801aaf0] main input debug: Buffering 81%
[00007fa3a801aaf0] main input debug: Buffering 82%
[00007fa3a801aaf0] main input debug: Buffering 83%
[00007fa3a801aaf0] main input debug: Buffering 84%
[00007fa3a801aaf0] main input debug: Buffering 85%
[00007fa3a801aaf0] main input debug: Buffering 86%
[00007fa3a801aaf0] main input debug: Buffering 87%
[00007fa3a801aaf0] main input debug: Buffering 88%
[00007fa3a801aaf0] main input debug: Buffering 89%
[00007fa3a801aaf0] main input debug: Buffering 90%
[00007fa3a801aaf0] main input debug: Buffering 91%
[00007fa3a801aaf0] main input debug: Buffering 92%
[00007fa3a801aaf0] main input debug: Buffering 93%
[00007fa3a801aaf0] main input debug: Buffering 94%
[00007fa3a801aaf0] main input debug: Buffering 95%
[00007fa3a801aaf0] main input debug: Buffering 96%
[00007fa3a801aaf0] main input debug: Buffering 97%
[00007fa3a801aaf0] main input debug: Buffering 98%
[00007fa3a801aaf0] main input debug: Buffering 99%
[00007fa3a801aaf0] main input debug: Stream buffering done (5106 ms in 3 ms)
[00007fa35db0ad80] main decoder debug: end of audio preroll
[00007fa3ad8fe170] main decoder debug: Received first picture
[00007fa3a801aaf0] main input debug: Decoder wait done in 64 ms
[00007fa3ad8fe170] main decoder debug: end of video preroll
[00007fa3a801c4f0] main video output warning: picture is too late to be displayed (missing 189 ms)
[00007fa3a801c4f0] main video output warning: picture is too late to be displayed (missing 156 ms)
[00007fa3a801c4f0] main video output warning: picture is too late to be displayed (missing 122 ms)
[00007fa3a801c4f0] main video output warning: picture is too late to be displayed (missing 93 ms)
[00007fa3a801c4f0] main video output warning: picture is too late to be displayed (missing 60 ms)
[00007fa3a801c4f0] main video output warning: picture is too late to be displayed (missing 26 ms)
[00007fa3a801c4f0] main video output debug: picture might be displayed late (missing 12 ms)
[00007fa35dc22990] main vout display debug: auto hiding mouse cursor
[00007fa35db09b10] mkv demux debug: SET_TIME to 129104000
[00007fa35db09b10] mkv demux debug: seek request to i_pos = 129104000
[00007fa35db09b10] mkv demux debug: seek: preroll{ track: 1, pts: 125000000, fpos: 7677166 skip: 7677166} 
[00007fa35db09b10] mkv demux debug: seek: preroll{ track: 2, pts: 129101000, fpos: 7970331 skip: 7970331} 
[00007fa35db09b10] mkv demux debug: seek: preroll{ req: 129104001, start-pts: 125000001, start-fpos: 7677166} 
[00007fa3a801aaf0] main input debug: Buffering 0%
[00007fa3a801aaf0] main input debug: Buffering 1%
[00007fa3a801aaf0] main input debug: Buffering 2%
[00007fa3a801aaf0] main input debug: Buffering 3%
[00007fa3a801aaf0] main input debug: Buffering 4%
[00007fa3a801aaf0] main input debug: Buffering 5%
[00007fa3a801aaf0] main input debug: Buffering 6%
[00007fa3a801aaf0] main input debug: Buffering 7%
[00007fa3a801aaf0] main input debug: Buffering 8%
[00007fa3a801aaf0] main input debug: Buffering 9%
[00007fa3a801aaf0] main input debug: Buffering 10%
[00007fa3a801aaf0] main input debug: Buffering 11%
[00007fa3a801aaf0] main input debug: Buffering 12%
[00007fa3a801aaf0] main input debug: Buffering 13%
[00007fa3a801aaf0] main input debug: Buffering 14%
[00007fa3a801aaf0] main input debug: Buffering 15%
[00007fa3a801aaf0] main input debug: Buffering 16%
[00007fa3a801aaf0] main input debug: Buffering 17%
[00007fa3a801aaf0] main input debug: Buffering 18%
[00007fa3a801aaf0] main input debug: Buffering 19%
[00007fa3a801aaf0] main input debug: Buffering 20%
[00007fa3a801aaf0] main input debug: Buffering 21%
[00007fa3a801aaf0] main input debug: Buffering 22%
[00007fa3a801aaf0] main input debug: Buffering 23%
[00007fa3a801aaf0] main input debug: Buffering 24%
[00007fa3a801aaf0] main input debug: Buffering 25%
[00007fa3a801aaf0] main input debug: Buffering 26%
[00007fa3a801aaf0] main input debug: Buffering 27%
[00007fa3a801aaf0] main input debug: Buffering 28%
[00007fa3a801aaf0] main input debug: Buffering 29%
[00007fa3a801aaf0] main input debug: Buffering 30%
[00007fa3a801aaf0] main input debug: Buffering 31%
[00007fa3a801aaf0] main input debug: Buffering 32%
[00007fa3a801aaf0] main input debug: Buffering 33%
[00007fa3a801aaf0] main input debug: Buffering 34%
[00007fa3a801aaf0] main input debug: Buffering 35%
[00007fa3a801aaf0] main input debug: Buffering 36%
[00007fa3a801aaf0] main input debug: Buffering 37%
[00007fa3a801aaf0] main input debug: Buffering 38%
[00007fa3a801aaf0] main input debug: Buffering 39%
[00007fa3a801aaf0] main input debug: Buffering 40%
[00007fa3a801aaf0] main input debug: Buffering 41%
[00007fa3a801aaf0] main input debug: Buffering 42%
[00007fa3a801aaf0] main input debug: Buffering 43%
[00007fa3a801aaf0] main input debug: Buffering 44%
[00007fa3a801aaf0] main input debug: Buffering 45%
[00007fa3a801aaf0] main input debug: Buffering 46%
[00007fa3a801aaf0] main input debug: Buffering 47%
[00007fa3a801aaf0] main input debug: Buffering 48%
[00007fa3a801aaf0] main input debug: Buffering 49%
[00007fa3a801aaf0] main input debug: Buffering 50%
[00007fa3a801aaf0] main input debug: Buffering 51%
[00007fa3a801aaf0] main input debug: Buffering 52%
[00007fa3a801aaf0] main input debug: Buffering 53%
[00007fa3a801aaf0] main input debug: Buffering 54%
[00007fa3a801aaf0] main input debug: Buffering 55%
[00007fa3a801aaf0] main input debug: Buffering 56%
[00007fa3a801aaf0] main input debug: Buffering 57%
[00007fa3a801aaf0] main input debug: Buffering 58%
[00007fa3a801aaf0] main input debug: Buffering 59%
[00007fa3a801aaf0] main input debug: Buffering 60%
[00007fa3a801aaf0] main input debug: Buffering 61%
[00007fa3a801aaf0] main input debug: Buffering 62%
[00007fa3a801aaf0] main input debug: Buffering 63%
[00007fa3a801aaf0] main input debug: Buffering 64%
[00007fa3a801aaf0] main input debug: Buffering 65%
[00007fa3a801aaf0] main input debug: Buffering 66%
[00007fa3a801aaf0] main input debug: Buffering 67%
[00007fa3a801aaf0] main input debug: Buffering 68%
[00007fa3a801aaf0] main input debug: Buffering 69%
[00007fa3a801aaf0] main input debug: Buffering 70%
[00007fa3a801aaf0] main input debug: Buffering 71%
[00007fa3a801aaf0] main input debug: Buffering 72%
[00007fa3a801aaf0] main input debug: Buffering 73%
[00007fa3a801aaf0] main input debug: Buffering 74%
[00007fa3a801aaf0] main input debug: Buffering 75%
[00007fa3a801aaf0] main input debug: Buffering 76%
[00007fa3a801aaf0] main input debug: Buffering 77%
[00007fa3a801aaf0] main input debug: Buffering 78%
[00007fa3a801aaf0] main input debug: Buffering 79%
[00007fa3a801aaf0] main input debug: Buffering 80%
[00007fa3a801aaf0] main input debug: Buffering 81%
[00007fa3a801aaf0] main input debug: Buffering 82%
[00007fa3a801aaf0] main input debug: Buffering 83%
[00007fa3a801aaf0] main input debug: Buffering 84%
[00007fa3a801aaf0] main input debug: Buffering 85%
[00007fa3a801aaf0] main input debug: Buffering 86%
[00007fa3a801aaf0] main input debug: Buffering 87%
[00007fa3a801aaf0] main input debug: Buffering 88%
[00007fa3a801aaf0] main input debug: Buffering 89%
[00007fa3a801aaf0] main input debug: Buffering 90%
[00007fa3a801aaf0] main input debug: Buffering 91%
[00007fa3a801aaf0] main input debug: Buffering 92%
[00007fa3a801aaf0] main input debug: Buffering 93%
[00007fa3a801aaf0] main input debug: Buffering 94%
[00007fa3a801aaf0] main input debug: Buffering 95%
[00007fa3a801aaf0] main input debug: Buffering 96%
[00007fa3a801aaf0] main input debug: Buffering 97%
[00007fa3a801aaf0] main input debug: Buffering 98%
[00007fa3a801aaf0] main input debug: Buffering 99%
[00007fa3a801aaf0] main input debug: Stream buffering done (5106 ms in 3 ms)
[00007fa35db0ad80] main decoder debug: end of audio preroll
[00007fa3ad8fe170] main decoder debug: Received first picture
[00007fa3a801aaf0] main input debug: Decoder wait done in 52 ms
[00007fa3ad8fe170] main decoder debug: end of video preroll
[00007fa3a801c4f0] main video output warning: picture is too late to be displayed (missing 137 ms)
[00007fa3a801c4f0] main video output warning: picture is too late to be displayed (missing 105 ms)
[00007fa3a801c4f0] main video output warning: picture is too late to be displayed (missing 71 ms)
[00007fa3a801c4f0] main video output warning: picture is too late to be displayed (missing 40 ms)
[00007fa3a801c4f0] main video output debug: picture might be displayed late (missing 8 ms)
[00007fa3ad8425b0] lua generic debug: Clicking '/Users/apple/Library/Application Support/org.videolan.vlc/lua/extensions/advanced_ab_looper.lua': 'LOOP OFF'
[00007fa3ad8425b0] lua generic debug: Clicking '/Users/apple/Library/Application Support/org.videolan.vlc/lua/extensions/advanced_ab_looper.lua': 'LOOP OFF'
[00007fa35dc22990] main vout display debug: VoutDisplayEvent 'mouse button' 0 t=6
[00007fa35dc22990] main vout display debug: VoutDisplayEvent 'mouse button' 0 t=7
[00007fa35db0ad80] main decoder debug: toggling resume
[00007fa3ad90f480] macosx interface debug: Releasing IOKit monitor sleep blocker (40931)
[00007fa3ad8fe170] main decoder debug: toggling resume
[00007fa35dc22990] main vout display debug: auto hiding mouse cursor
[00007fa35dc22990] main vout display debug: auto hiding mouse cursor

===== environment =====
2026年 9月26日 土曜日 13時34分59秒 JST
ProductName:		macOS
ProductVersion:		14.4.1
BuildVersion:		23E224
VLCバージョン 3.0.20 Vetinari (3.0.20-0-g6f0d0ab126)
d-fuによってDavids-MBP.fritz.box (Nov  1 2023 13:50:16)上でコンパイルされました
コンパイラー: clang: warning: argument unused during compilation: '-mmacosx-version-min=10.7' [-Wunused-command-line-argument]
法律によって認められる範囲で、このプログラムにはいかなる保証もありません。
exit_status=0
